zpid,price_knn,price_error
1069739.0,177450.0,0.10829145728643216
1069757.0,128900.0,0.1938711694809256
1069763.0,199450.0,0.2087878787878788
1070379.0,187450.0,0.4996
1070692.0,123950.0,0.12681818181818183
1071574.0,199250.0,0.3741379310344828
1071685.0,424500.0,2.859090909090909
1071742.0,304925.0,0.0468115035948734
1071867.0,199500.0,0.13260492436923638
1072094.0,223000.0,0.3765432098765432
1072645.0,344950.0,0.1536789297658863
1072928.0,205000.0,0.9140989729225023
1073114.0,307500.0,0.023809523809523808
1073202.0,315000.0,0.16
1073450.0,192500.0,0.01369141653501843
1073670.0,294950.0,0.13983668708078156
1073784.0,165000.0,0.2826086956521739
1073924.0,195000.0,0.05462412114656571
1074201.0,165000.0,0.9411764705882353
1074510.0,1002500.0,0.41884057971014493
1074652.0,182400.0,0.27039708158832637
1075340.0,274450.0,0.053620689655172415
1075348.0,394000.0,0.06515274398486078
1075357.0,202500.0,1.3792459259085195
1075504.0,221000.0,0.0391304347826087
1075936.0,179950.0,0.20771812080536914
1076464.0,188750.0,0.10380116959064327
1076468.0,206500.0,0.08222222222222222
1076552.0,190000.0,1.3779724655819774
1076565.0,138950.0,0.2082608695652174
1076660.0,133950.0,0.3395
1076885.0,142450.0,0.23869565217391303
1078939.0,512500.0,0.36666666666666664
1079631.0,418141.0,0.16371632743265488
1079689.0,200000.0,0.21212121212121213
1079775.0,114500.0,1.5444444444444445
1080084.0,350000.0,0.39655172413793105
1080970.0,163500.0,0.10655737704918032
1081402.0,179900.0,0.2801120448179272
1083138.0,408000.0,0.09333333333333334
1084996.0,161500.0,1.0443037974683544
1085287.0,175000.0,0.12456228114057029
1085622.0,320000.0,0.015384615384615385
1086023.0,367000.0,0.04857142857142857
1088143.0,159000.0,0.02646868947708199
1088190.0,172500.0,0.3097238895558223
1088422.0,189900.0,0.055586436909394105
1089454.0,292450.0,0.18537604456824514
1089856.0,299450.0,0.08890909090909091
1089982.0,298250.0,0.10435435435435435
1090112.0,182500.0,0.14133833646028768
1090532.0,646950.0,1.107328990228013
1091105.0,395000.0,0.24761904761904763
1091372.0,207500.0,0.12162162162162163
1091895.0,184950.0,0.229375
1094309.0,172500.0,0.3279445727482679
1095514.0,197450.0,0.09694444444444444
1095880.0,299725.0,0.1989
1096212.0,312450.0,0.09408524209915918
1096571.0,192500.0,0.14583333333333334
1096583.0,185000.0,0.07453726863431716
1096906.0,192500.0,0.4819091608929946
1097505.0,142450.0,0.2961783439490446
1097539.0,82499.5,0.09999333333333334
1097717.0,299900.0,0.10477611940298508
1097908.0,147450.0,1.9549098196392785
1098729.0,224000.0,0.6592592592592592
1099293.0,114999.5,0.15114614614614616
1099600.0,339000.0,0.12624584717607973
1101025.0,322450.0,0.3211578947368421
1101327.0,221500.0,0.024229074889867842
1101379.0,422500.0,0.3203125
1101525.0,379500.0,0.09621338413908073
1101576.0,357500.0,0.4019607843137255
1101891.0,284500.0,1.9978925184404637
1102826.0,179950.0,0.028285714285714286
1103238.0,192500.0,0.03701850925462731
1103925.0,152500.0,0.10294117647058823
1104308.0,317000.0,0.09348051052086927
1104693.0,197450.0,0.2738709677419355
1104883.0,339000.0,0.32941176470588235
1104889.0,274450.0,0.08486162054018007
1105271.0,535000.0,0.10818469744957493
1105355.0,165000.0,0.1745872936468234
1105454.0,594450.0,0.11933333333333333
1106596.0,131750.0,0.03740157480314961
1106663.0,99950.0,0.048095238095238094
1107053.0,220000.0,0.29487934078869926
1107656.0,208000.0,0.49640287769784175
1107916.0,143900.0,0.027857142857142858
1107959.0,310000.0,0.1906005221932115
1108740.0,115000.0,0.21180189673340358
1109133.0,279950.0,0.27285714285714285
1109258.0,112250.0,0.5682692307692307
1109919.0,305000.0,0.0
1110027.0,337000.0,0.036923076923076927
1110476.0,344500.0,0.378
1115467.0,312500.0,0.11647016791711326
1116292.0,142450.0,0.295
1117079.0,260000.0,1.03125
1117111.0,182400.0,0.013896609227348526
1117203.0,102500.0,0.06818181818181818
1118781.0,169501.0,0.27925283018867925
1119019.0,202000.0,0.18893466745144202
1119246.0,207500.0,0.05638926784902228
1119427.0,294950.0,0.16351084812623273
1120084.0,207450.0,0.18542857142857141
1120511.0,414450.0,0.1052
1121414.0,223950.0,0.24416666666666667
1122560.0,352400.0,0.26762589928057556
1122808.0,332450.0,0.16866716679169794
1122884.0,224500.0,0.7403100775193798
1123916.0,607500.0,1.3823529411764706
1124152.0,330000.0,0.08552631578947369
1124295.0,173000.0,0.2262969588550984
1124918.0,219500.0,0.04565217391304348
1125841.0,199250.0,0.03743961352657005
1126046.0,220000.0,0.10204081632653061
1126234.0,207500.0,0.16296893908834206
1127539.0,219500.0,0.024444444444444446
1127701.0,383992.5,0.3473421052631579
1128808.0,284500.0,0.05409410892923305
1129561.0,362000.0,0.11384615384615385
1130102.0,322500.0,0.07500358334527782
1132065.0,322450.0,0.1947017413856984
1133219.0,341500.0,0.10876623376623376
1133672.0,317450.0,0.0950327699206623
1135707.0,204450.0,0.13734177215189874
1136789.0,333950.0,0.12095288233745723
1136879.0,199900.0,0.09136363636363637
1137269.0,156450.0,0.21735867933966985
1137572.0,176750.0,0.10279187817258884
1138098.0,332500.0,0.05221518987341772
1138182.0,192500.0,0.4807692307692308
1140532.0,331950.0,0.05380952380952381
1140759.0,319950.0,1.133
1142236.0,189950.0,0.19478592623993218
1142347.0,767950.0,0.12732954545454545
1143999.0,188750.0,0.48739164696611503
1146186.0,189950.0,0.05025
1147079.0,207500.0,0.18571428571428572
1147618.0,176750.0,0.09358974358974359
1147944.0,220000.0,0.3758599124452783
1148371.0,177500.0,0.013340744858254585
1148373.0,219500.0,0.3474524248004911
1148856.0,148250.0,0.786144578313253
1148872.0,126000.0,0.5
1152084.0,362500.0,0.5230263157894737
1152820.0,227450.0,0.03858447488584475
1155017.0,203450.0,0.043333333333333335
1155194.0,486500.0,0.24573643410852714
1155485.0,303500.0,0.10363636363636364
1155551.0,341500.0,0.10161290322580645
1156184.0,109950.0,0.8024590163934426
1156256.0,590000.0,0.5567282321899736
1157051.0,320000.0,0.19850187265917604
1157355.0,322500.0,0.13197613197613198
1158326.0,325500.0,0.013636363636363636
1158421.0,579500.0,0.31823529411764706
1159312.0,1794500.0,0.6313636363636363
1160145.0,333950.0,0.15155172413793103
1166752.0,333950.0,0.13241776873516448
1167314.0,224500.0,0.020454545454545454
1168030.0,118950.0,0.00875
1168719.0,161500.0,0.07666666666666666
1168758.0,165000.0,0.04430379746835443
1170161.0,224500.0,0.023908799603476538
1170348.0,209500.0,0.10263157894736842
1170684.0,377500.0,0.07857142857142857
1171412.0,322450.0,0.04049693449499839
1174025.0,289950.0,0.1602641056422569
1174698.0,317450.0,0.004858934169278997
1176062.0,333950.0,0.3358
1176891.0,297450.0,0.16211267605633803
1179533.0,375000.0,0.3686131386861314
1179774.0,200000.0,0.1836734693877551
1179941.0,219950.0,0.4199483537766301
1180027.0,207500.0,0.07777777777777778
1181684.0,295700.0,0.16877470355731225
1184256.0,207500.0,0.03801900950475238
1184818.0,307500.0,0.10869565217391304
1186148.0,174900.0,0.27125
1186450.0,179450.0,0.3814472671285604
1186497.0,131450.0,0.5648809523809524
1186528.0,320000.0,0.14285714285714285
1188898.0,299900.0,0.016721311475409836
1188902.0,312450.0,0.041847282427475825
1189803.0,317500.0,0.22560975609756098
1190323.0,374999.5,0.24242525252525252
1191159.0,307500.0,0.09821428571428571
1191706.0,354000.0,0.2053872053872054
1191988.0,242450.0,0.07755555555555556
1192272.0,307450.0,0.231375
1193132.0,324250.0,0.08661971830985915
1194018.0,294900.0,0.3220689655172414
1194205.0,179900.0,0.07696254489481785
1194611.0,200000.0,0.3422818791946309
1195893.0,220950.0,0.004318181818181818
1195954.0,197450.0,0.03921052631578947
1197895.0,297500.0,1.2037037037037037
1198240.0,365000.0,0.6826086956521739
1199068.0,202750.0,0.1791497975708502
1200313.0,284500.0,0.07358490566037736
1200593.0,223000.0,0.004464285714285714
1201794.0,302450.0,0.16371681415929204
1202698.0,173750.0,0.17222486898523107
1204388.0,343000.0,0.071875
1204767.0,206500.0,0.08222222222222222
1204908.0,749500.0,0.028120713305898493
1205048.0,274450.0,0.08486162054018007
1205276.0,317000.0,0.17450907743608743
1205456.0,197450.0,0.01275
1205890.0,209500.0,0.12708333333333333
1207026.0,437500.0,0.43838254172015406
1207455.0,329950.0,0.05728571428571429
1209558.0,543750.0,1.0138888888888888
1210371.0,216900.0,0.27588235294117647
1211508.0,229000.0,0.2722222222222222
1212157.0,170000.0,0.22727272727272727
1212818.0,149950.0,0.14801136363636364
1214394.0,173999.5,0.5818136363636364
1214777.0,223950.0,0.14846153846153845
1215128.0,129000.0,0.3723404255319149
1215540.0,172500.0,0.13749568747843738
1217776.0,299900.0,0.11794117647058823
1218208.0,188750.0,0.4575289575289575
1218569.0,203500.0,0.15208333333333332
1219126.0,325000.0,0.23529411764705882
1220821.0,200000.0,0.48148148148148145
1220825.0,161500.0,0.021212121212121213
1220829.0,183000.0,0.37593984962406013
1221322.0,129000.0,0.355
1222206.0,204999.5,0.1714257142857143
1222489.0,223325.0,0.7178846153846153
1222996.0,189950.0,0.05528364046466925
1223758.0,224000.0,0.009009009009009009
1224498.0,207500.0,0.07777777777777778
1224750.0,185000.0,0.4230769230769231
1225162.0,179950.0,0.1430952380952381
1225771.0,129750.0,0.009541984732824428
1225932.0,192500.0,0.10465116279069768
1226664.0,224000.0,0.7230769230769231
1226679.0,224500.0,0.020454545454545454
1228727.0,197450.0,0.05976190476190476
1228918.0,204500.0,0.13674263479710952
1229216.0,189950.0,0.026756756756756758
1229442.0,159000.0,0.03636363636363636
1229516.0,189950.0,0.025897435897435896
1229669.0,221450.0,0.011187214611872146
1231131.0,229700.0,0.020888888888888887
1232536.0,319450.0,0.12087719298245614
1233371.0,244750.0,0.5892857142857143
1234415.0,162500.0,1.3214285714285714
1234533.0,1175000.0,12.823529411764707
1234720.0,182500.0,0.0875
1235727.0,207500.0,0.09782608695652174
1236752.0,208000.0,0.20930232558139536
1237568.0,303500.0,0.12407407407407407
1237828.0,309450.0,0.2630612244897959
1238186.0,350000.0,0.20689655172413793
1239003.0,214950.0,0.08531914893617021
1239936.0,304785.5,0.033171186440677965
1239944.0,384450.0,0.22047619047619046
1240629.0,302450.0,0.008502834278092697
1241115.0,287945.0,0.2111095890410959
1242760.0,194950.0,0.13355555555555557
1243271.0,172500.0,0.078125
1244423.0,299450.0,0.10611940298507462
1244728.0,317450.0,0.07610169491525423
1244878.0,297500.0,0.00667779632721202
1245261.0,317000.0,0.366
1245383.0,123950.0,0.4491111111111111
1245651.0,199950.0,0.047857142857142855
1245997.0,323000.0,0.34024896265560167
1248475.0,317000.0,0.29555555555555557
1248758.0,317000.0,0.02291061632784769
1249708.0,339000.0,0.043076923076923075
1251153.0,311250.0,0.02734375
1251319.0,131750.0,0.4417372881355932
1251487.0,339900.0,0.16074074074074074
1251771.0,332450.0,0.16887292218230546
1252492.0,392449.5,0.3303372881355932
1252684.0,328250.0,0.2625
1254666.0,304900.0,0.08985074626865672
1255398.0,197450.0,0.01275
1255658.0,389450.0,0.011561068989789584
1255961.0,165000.0,0.08333333333333333
1256531.0,840000.0,0.52
1257224.0,327500.0,0.12666666666666668
1257485.0,370000.0,0.26
1259445.0,314450.0,0.18705171762929407
1260173.0,330000.0,0.32
1260241.0,315000.0,0.05035011670556852
1260500.0,309000.0,0.12363636363636364
1260553.0,333000.0,0.034782608695652174
1260758.0,284500.0,0.05135045015005002
1261788.0,324250.0,0.20914634146341463
1261999.0,209500.0,0.16166466586634654
1262325.0,267450.0,0.4248387096774194
1263409.0,169501.0,0.2295409090909091
1263442.0,304950.0,0.5793793103448276
1264223.0,292450.0,0.36285403050108933
1264351.0,322500.0,0.09154929577464789
1264476.0,349950.0,0.3205660377358491
1265685.0,450000.0,0.3235294117647059
1267527.0,307500.0,0.19607843137254902
1267788.0,332450.0,0.022923076923076924
1268133.0,314900.0,0.03107692307692308
1268678.0,303500.0,0.09402985074626866
1268901.0,310000.0,0.16541353383458646
1269513.0,315000.0,0.14864864864864866
1270116.0,394500.0,0.2877775771799964
1270429.0,299950.0,0.01677966101694915
1271806.0,617500.0,0.13636363636363635
1273720.0,297450.0,0.09863636363636363
1273898.0,327000.0,0.11224489795918367
1273988.0,304000.0,0.1783783783783784
1274584.0,201000.0,0.005502751375687844
1274645.0,344500.0,0.13875
1274717.0,297500.0,0.5178571428571429
1274737.0,202000.0,0.711864406779661
1275943.0,322500.0,0.12766180635686564
1276385.0,192500.0,0.19791666666666666
1276391.0,192000.0,0.27519818799546997
1277279.0,369500.0,0.055714285714285716
1277422.0,327500.0,0.07223796033994334
1279023.0,150000.0,0.3475424097433667
1279269.0,381999.5,0.3172396551724138
1280596.0,168950.0,0.40791666666666665
1280764.0,174950.0,0.591901728844404
1281103.0,161500.0,0.07714285714285714
1282298.0,126000.0,0.2011439466158246
1283277.0,220000.0,0.06382978723404255
1284916.0,102500.0,0.20588235294117646
1286653.0,129000.0,0.4827586206896552
1287106.0,129000.0,0.32105263157894737
1288348.0,161500.0,0.15357142857142858
1289087.0,177450.0,0.10604534005037783
1289263.0,126000.0,0.5272727272727272
1290794.0,132500.0,0.3263263263263263
1291295.0,128750.0,0.11956521739130435
1291640.0,126000.0,0.44495412844036697
1293165.0,182500.0,0.46
1293656.0,188750.0,0.51
1293868.0,165000.0,0.043478260869565216
1298073.0,214950.0,0.6662790697674419
1299207.0,199500.0,0.20909090909090908
1299661.0,333250.0,0.32768924302788843
1300318.0,200000.0,0.13043478260869565
1301447.0,593250.0,1.5793478260869565
1301951.0,203500.0,0.11506849315068493
1302761.0,351450.0,0.09828125
1303656.0,189950.0,0.09114832535885167
1304586.0,223000.0,0.013636363636363636
1306523.0,224500.0,0.6047176554681916
1306773.0,200000.0,0.10273665320771647
1307077.0,221450.0,0.30341377280753384
1308055.0,187500.0,0.21875
1309819.0,321500.0,0.054098360655737705
1312390.0,226700.0,0.37393939393939396
1312887.0,237500.0,0.010638297872340425
1312999.0,130000.0,0.01641907740422205
1313675.0,322500.0,0.022431039709002728
1315033.0,335750.0,0.3115234375
1316581.0,206500.0,0.078125
3497386.0,650000.0,0.21212121212121213
3513093.0,309949.5,0.06916005519144533
3544208.0,772495.0,0.03013068409121216
3552851.0,737499.5,0.2717701327815141
3559481.0,161875.0,0.075
3560158.0,649949.5,0.16135548387096774
3560619.0,340000.0,0.17647058823529413
3561010.0,374500.0,0.09759036144578313
3570476.0,143500.0,0.1303030303030303
3570531.0,192450.0,0.2298919567827131
3570535.0,197500.0,0.3715277777777778
3570631.0,435000.0,0.3181818181818182
3570804.0,177500.0,0.36643571978444955
3572378.0,294000.0,0.38105263157894737
3572700.0,214000.0,0.44594594594594594
3573129.0,737499.5,0.22937072845474246
3573185.0,141250.0,0.012544802867383513
3573232.0,387500.0,0.10745927407830809
3573284.0,759945.0,0.10594705882352941
3573484.0,229900.0,0.021777777777777778
3573732.0,303900.0,0.07007042253521127
3573799.0,394450.0,0.41379928315412184
3574502.0,342000.0,0.3346303501945525
3575415.0,291500.0,0.42277227722772276
3577490.0,357450.0,0.3605545617173524
3581301.0,187000.0,0.17982456140350878
3589552.0,228499.0,0.5335503355704698
3596934.0,307400.0,0.07897507897507898
3597118.0,393950.0,0.07305882352941176
3599128.0,373500.0,0.08260869565217391
3618197.0,187000.0,0.06030150753768844
3619220.0,349900.0,0.41585976627712856
3620847.0,364950.0,0.04271428571428571
3621168.0,617500.0,0.07391304347826087
3623072.0,484500.0,0.30686695278969955
3623220.0,625000.0,0.04340567612687813
3625876.0,357400.0,0.4021184778344449
3626570.0,294000.0,0.29156626506024097
3627380.0,180000.0,0.02857142857142857
3627688.0,374950.0,0.2633595284872299
3630896.0,642500.0,0.07983193277310924
3631102.0,373500.0,0.10666666666666667
3631234.0,407400.0,0.1668711656441718
3632700.0,291500.0,0.37311827956989246
3634422.0,257500.0,0.24242424242424243
3635089.0,634000.0,0.030894308943089432
3635380.0,199000.0,0.13714285714285715
3635718.0,382499.5,0.23786245954692556
3638002.0,314500.0,0.258
3638916.0,311999.5,0.1567581081081081
3639281.0,357400.0,0.25526151281516984
3640027.0,402450.0,0.32923882064701077
3640071.0,366500.0,0.1276923076923077
3640173.0,347000.0,0.3574074074074074
3640554.0,347000.0,0.44023229553153737
3641380.0,499900.0,0.34993498049414823
3642900.0,192400.0,0.8165872259294567
3643511.0,226000.0,0.07755102040816327
3645309.0,590000.0,0.02608695652173913
3645890.0,592450.0,0.33357705286839145
3646074.0,739900.0,0.06930817610062893
3646995.0,374500.0,0.2913793103448276
3647468.0,197000.0,0.20883534136546184
3647468.0,199500.0,0.11293908403734994
3649124.0,327000.0,0.3588235294117647
3649792.0,386000.0,0.4015503875968992
3650932.0,599945.0,0.11119259259259259
3652510.0,332000.0,inf
3652512.0,227450.0,0.03386363636363637
3652998.0,389950.0,0.1332518337408313
3655316.0,94750.0,0.4078125
3656114.0,299949.5,0.347794085670798
3656114.0,377450.0,0.17927810393563817
3656290.0,339900.0,0.33294117647058824
3656884.0,386000.0,0.057534246575342465
3658164.0,329950.0,0.1730576441102757
3660746.0,378500.0,0.06499718626899269
3660792.0,407500.0,0.07265069755198736
3662406.0,642500.0,0.03383458646616541
3662721.0,287500.0,0.39473684210526316
3663993.0,373500.0,0.1413793103448276
3666071.0,567450.0,0.08446272991287512
3666226.0,357400.0,0.44930662557781204
3666337.0,309949.5,0.2231842105263158
3666793.0,292500.0,0.3709677419354839
3668294.0,387400.0,0.03306666666666667
3668471.0,298250.0,0.25428178522315287
3668761.0,327000.0,0.09141428174492915
3669366.0,367000.0,0.49027777777777776
3669366.0,367000.0,0.48671328671328673
3669367.0,1749500.0,0.16711140760507004
3669430.0,330000.0,0.18518518518518517
3671493.0,367450.0,0.16650793650793652
3672145.0,374950.0,0.19365591397849463
3673385.0,362250.0,0.05170157068062827
3673467.0,299949.5,0.03210874475637302
3673484.0,624500.0,0.04257095158597663
3673512.0,339900.0,0.36467289719626167
3674763.0,344900.0,0.13504702194357368
3675347.0,324500.0,0.20185630317149322
3675498.0,294000.0,0.22427440633245382
3677101.0,307400.0,0.0538627269929209
3678716.0,359450.0,0.05751691674021771
3681684.0,382450.0,0.08504784688995215
3681773.0,543100.0,0.31533058852022283
3683572.0,84900.0,0.7121057985757884
3683885.0,373500.0,0.04230769230769231
3687265.0,589900.0,0.15728451040644345
3687599.0,357450.0,0.2553125
3688681.0,384900.0,0.30018181818181816
3690456.0,192450.0,0.21416904859126173
3691153.0,387000.0,0.04594594594594595
3691592.0,344700.0,0.2315112540192926
3691988.0,294000.0,0.20519059205190593
3692791.0,430000.0,0.21818181818181817
3692860.0,320000.0,0.04918032786885246
3693359.0,1157500.0,0.033482142857142856
3694832.0,191900.0,0.2793333333333333
3695396.0,211250.0,0.5089285714285714
3696588.0,184994.5,0.07502287511437557
3697938.0,340000.0,0.07936507936507936
3698716.0,297450.0,0.16647058823529412
3699149.0,196000.0,0.08888888888888889
3699321.0,177500.0,0.06287425149700598
3699733.0,337138.5,0.021941497423461655
3699952.0,185000.0,0.06941649899396378
3700791.0,157450.0,0.8400954653937948
3701174.0,185000.0,0.7289719626168224
3701690.0,184500.0,0.2148902761288346
3701722.0,199500.0,0.33004433481116036
3702164.0,431167.5,0.6908529411764706
3702416.0,65000.0,0.4578815679733111
3704202.0,299450.0,0.06946428571428571
3704640.0,402500.0,0.3421140380126709
3705085.0,472500.0,0.05
3705483.0,575000.0,0.3817204301075269
3707063.0,786750.0,0.34487179487179487
3710875.0,797500.0,0.37856525496974935
3711171.0,435000.0,0.20866907474298416
3713951.0,327400.0,0.14877192982456142
3714122.0,191900.0,0.0372972972972973
3715134.0,187000.0,0.010810810810810811
3715674.0,349750.0,0.16583721945739818
3716479.0,197500.0,0.46296296296296297
3718465.0,178450.0,0.2068888888888889
3722012.0,317500.0,0.2060778727445394
3722836.0,353750.0,0.415
3723340.0,497500.0,0.7155172413793104
3723589.0,417500.0,0.18932038834951456
3724042.0,129875.0,0.8669994879672299
3724246.0,189500.0,0.17884914463452567
3725552.0,195000.0,0.09302325581395349
3728769.0,450000.0,0.16263490882024562
3729886.0,400000.0,0.23076923076923078
3730041.0,637500.0,0.20212765957446807
3731014.0,1632500.0,0.16282051282051282
3731793.0,650000.0,0.08333333333333333
3733257.0,442500.0,0.1323529411764706
3735758.0,670000.0,0.09581646423751687
3736477.0,739000.0,0.25254237288135595
3738569.0,1060000.0,0.152
3738629.0,617500.0,0.012295081967213115
3740826.0,223000.0,0.8017777777777778
3741959.0,187500.0,0.1610738255033557
3793167.0,991485.0,0.4938820826952527
3794003.0,286000.0,0.37142857142857144
3794159.0,222500.0,0.007243096423721141
3794446.0,352000.0,0.06133333333333333
3794978.0,389950.0,0.5598
3795243.0,406950.0,0.25995635570103653
3796520.0,397450.0,0.14508496450849645
3797055.0,439900.0,0.01146067415730337
3798786.0,355400.0,0.11062847071397099
3798957.0,206400.0,0.49902912621359224
3807302.0,322450.0,0.18367088607594936
3808778.0,297500.0,0.3079785996743429
3808902.0,407450.0,0.3359016393442623
3808995.0,357400.0,0.16883720930232557
3809444.0,179950.0,0.028285714285714286
3809573.0,349750.0,0.11455696202531646
3811880.0,317950.0,0.02896440129449838
3812541.0,412500.0,0.1
3813172.0,349750.0,0.24289267945984364
3825649.0,192500.0,0.3275862068965517
3827787.0,107500.0,0.2661955241460542
3827787.0,107500.0,0.2661955241460542
3841807.0,404000.0,0.4690909090909091
3842178.0,379450.0,0.30844827586206897
3843137.0,357250.0,0.48597122302158274
3843901.0,314500.0,0.29955456570155903
3844027.0,222000.0,0.8544262295081967
3844586.0,989825.0,0.17514583333333333
3844994.0,620000.0,0.11428571428571428
3846438.0,619000.0,0.26745562130177514
3846656.0,697250.0,0.12832854106763344
3846813.0,528000.0,0.7704347826086957
3846866.0,425000.0,0.19032196608877883
3847333.0,182500.0,0.11835748792270531
3848294.0,372500.0,0.4109848484848485
3848880.0,202499.5,0.17347142857142858
3849070.0,219950.0,0.8483103448275862
3849525.0,337200.0,0.1831578947368421
3850606.0,210000.0,0.8285714285714286
3850811.0,199387.0,0.10770555555555555
3850900.0,305000.0,0.14018691588785046
3851211.0,210000.0,0.4
3852044.0,577500.0,0.6274193548387097
3853651.0,299450.0,0.23198255963067455
3855413.0,370000.0,0.13881194213604187
3855850.0,299450.0,0.4295103829300819
3856331.0,284950.0,0.04984994998332778
3856631.0,634900.0,0.7434747474747475
3858248.0,324500.0,0.351
3859961.0,649949.5,0.25207192174913695
3861405.0,324950.0,0.20396443127084105
3861726.0,352500.0,0.12962962962962962
3862246.0,322500.0,0.19375
3862318.0,410000.0,0.344
3863003.0,372500.0,0.2696078431372549
3864309.0,575000.0,0.11538461538461539
3864346.0,197500.0,0.20682730923694778
3864354.0,167000.0,0.14358974358974358
3866166.0,324500.0,0.18569636135508155
3869016.0,506750.0,0.3461290322580645
3869276.0,360000.0,0.2861736334405145
3869539.0,435000.0,0.22535211267605634
3870091.0,382450.0,0.32309734513274335
3870107.0,314500.0,0.258
3870207.0,307500.0,0.23125
3872292.0,211250.0,0.1736111111111111
3874390.0,342500.0,0.12179487179487179
3874604.0,322000.0,0.009230769230769232
3874759.0,384900.0,0.2286573146292585
3875523.0,349750.0,0.17705882352941177
3875897.0,355000.0,0.23655913978494625
3876540.0,373500.0,0.44666666666666666
3876588.0,349499.5,0.34056698113207545
3878330.0,393950.0,0.28359701763957085
3881971.0,674450.0,0.12974193548387097
3882055.0,364500.0,0.17581024454917596
3882625.0,442750.0,0.4430817610062893
3913149.0,284350.0,0.33856710862991396
3915579.0,178950.0,0.022571428571428572
3916110.0,209900.0,0.1498582422033212
3919102.0,375000.0,0.25742574257425743
3919180.0,378500.0,0.13977272727272727
3919865.0,342000.0,0.10358180058083252
3920035.0,297000.0,0.21842105263157896
3923649.0,369950.0,0.08840835539864667
3926153.0,132150.0,0.6737037037037037
3931258.0,317500.0,0.09144035751117223
3932449.0,351999.5,0.3283
3933168.0,87200.0,inf
3933390.0,351999.5,0.30370185185185183
3934346.0,373500.0,0.1492027334851936
3934410.0,448700.0,0.09465723347157844
3935235.0,324500.0,0.12059620596205962
3935943.0,257500.0,0.25609756097560976
3937185.0,188962.5,0.3031896551724138
3937539.0,170000.0,0.0974822466107166
3938446.0,74950.0,0.7794939688143572
3941001.0,306999.5,0.02675418060200669
3942142.0,419950.0,0.012171607616293083
3942379.0,317500.0,0.09525057953416492
3943246.0,355250.0,0.28935787157431486
3943292.0,334500.0,0.1150037166790556
3943628.0,389950.0,0.19984615384615384
3943879.0,356450.0,0.16109672864203342
3945550.0,615000.0,0.15741882449650638
3948440.0,307400.0,0.21159271608104643
3948475.0,371950.0,0.06271428571428571
3948493.0,338950.0,0.31525252525252523
3948580.0,297000.0,0.20778874366497732
3949198.0,332000.0,0.008955223880597015
3949260.0,379900.0,0.08542857142857142
3949671.0,231000.0,0.05
3950405.0,322000.0,0.009230769230769232
3954963.0,379450.0,0.3600358422939068
3955259.0,114950.0,0.21
3956632.0,304949.5,0.03190634920634921
3957862.0,325000.0,0.06876790830945559
3958305.0,79450.0,0.5326470588235294
3960529.0,451950.0,0.25576549041400387
3973055.0,294000.0,0.09538183194409829
3974358.0,397450.0,0.4457984721716988
3979113.0,359950.0,0.4398
3979403.0,378500.0,0.22096774193548388
3981013.0,342450.0,0.34294117647058825
3982664.0,229500.0,0.002173913043478261
3985901.0,589900.0,0.3258285714285714
3988847.0,188500.0,0.07714285714285714
3988951.0,177500.0,0.15476190476190477
3989266.0,177500.0,0.2588726513569937
3990542.0,201500.0,0.16041666666666668
3990546.0,309950.0,0.20603112840466925
3991113.0,90100.0,0.3989326217478319
3992017.0,109000.0,0.05217391304347826
3992283.0,379900.0,11.663333333333334
3992787.0,55100.0,0.3630057803468208
3993702.0,146500.0,0.30238095238095236
3994200.0,343000.0,0.2943396226415094
3994638.0,167450.0,0.0465625
3995566.0,359000.0,0.02710027100271003
3995802.0,359950.0,0.1430612892981899
3996461.0,105000.0,0.10526315789473684
3997014.0,344950.0,0.3272412466333205
3997049.0,90100.0,11.871428571428572
3997640.0,115000.0,1.875
3998536.0,226950.0,0.5760416666666667
3998939.0,55100.0,0.7550022232103157
3999505.0,327000.0,2.303030303030303
3999833.0,103000.0,0.014354066985645933
4000049.0,575000.0,0.14561664190193166
4000314.0,192400.0,0.16311439756415833
4000754.0,172500.0,0.28125
4001153.0,284700.0,3.126086956521739
4002829.0,107250.0,0.65
4002845.0,208950.0,0.04527263631815908
4003302.0,196000.0,0.21285140562248997
4003792.0,294000.0,0.2442159383033419
4004117.0,289495.0,0.05270909090909091
4004280.0,107250.0,0.1171875
4004671.0,162450.0,0.322842851187995
4004992.0,297500.0,0.09574468085106383
4005408.0,408950.0,0.03531645569620253
4006219.0,349750.0,0.3451923076923077
4006380.0,432450.0,0.16878378378378378
4006450.0,90100.0,0.6395985583942336
4006866.0,324500.0,0.22452830188679246
4006947.0,127000.0,0.29444444444444445
4007227.0,84000.0,0.37254901960784315
4007917.0,116500.0,0.45807259073842305
4009506.0,193000.0,0.10285714285714286
4010252.0,311999.5,0.2004597922277799
4010278.0,312450.0,0.13659512550018188
4014016.0,154000.0,0.23
4014569.0,298250.0,inf
4014577.0,399500.0,0.17846607669616518
4014611.0,433500.0,0.17193836171938362
4016756.0,90100.0,1.3102564102564103
4018165.0,342000.0,0.20279720279720279
4019372.0,157450.0,0.23157637872132747
4020008.0,210450.0,0.27545454545454545
4020236.0,107500.0,0.7916666666666666
4020762.0,177400.0,0.10875
4020780.0,187450.0,0.013421052631578948
4020889.0,198450.0,0.13679860809047412
4021017.0,207500.0,0.22059541526714863
4021080.0,317500.0,0.09520524318730597
4021288.0,359000.0,0.19706568856285428
4021735.0,116500.0,0.4025641025641026
4022911.0,77950.0,0.6609395389299696
4023091.0,82250.0,0.7649993285695103
4023287.0,406450.0,0.4020351845463953
4024586.0,172500.0,0.23299244108492664
4024672.0,180500.0,0.17954545454545454
4024724.0,407450.0,0.4603942652329749
4025102.0,146250.0,0.5282258064516129
4025682.0,209900.0,0.08729209696706164
4026039.0,371950.0,0.24024674891630543
4026245.0,139950.0,0.03666666666666667
4026536.0,112450.0,0.2792946530147895
4026821.0,449300.0,0.12353088272068018
4027151.0,294000.0,5.547884187082405
4027338.0,115000.0,0.5333333333333333
4027943.0,329950.0,0.26903846153846156
4028259.0,222900.0,0.486
4078079.0,344950.0,0.14983333333333335
4078287.0,449450.0,0.24847222222222223
4079437.0,314450.0,0.03246153846153846
4081290.0,312450.0,0.10472779369627506
4096307.0,399500.0,0.33612040133779264
4097268.0,180500.0,0.24791666666666667
4097346.0,266900.0,0.0793377026560883
4100080.0,379450.0,0.022036082474226806
4110777.0,56000.0,0.7821011673151751
4110848.0,394950.0,0.33474146671172694
4110929.0,441500.0,0.5491228070175439
4111360.0,202500.0,0.42105263157894735
4112147.0,325000.0,0.20817843866171004
4113325.0,167449.5,0.009174556213017751
4113478.0,75000.0,0.42196531791907516
4113950.0,222500.0,0.6007194244604317
4114357.0,374000.0,0.3604947253546744
4114945.0,295250.0,0.15784313725490196
4115432.0,192500.0,0.14444444444444443
4115780.0,119875.0,0.31460834762721557
4115994.0,107250.0,0.7875
4116366.0,327000.0,0.021875
4116790.0,349900.0,0.0603030303030303
4118343.0,344900.0,0.21595817231188907
4120541.0,174450.0,0.3956
4120667.0,407450.0,0.1015139226818059
4120759.0,221000.0,0.07916666666666666
4120979.0,500000.0,0.718213058419244
4122503.0,202500.0,0.16714697406340057
4123056.0,393950.0,0.1527956989247312
4123238.0,231000.0,0.68
4123710.0,334450.0,0.19874551971326165
4124513.0,196000.0,0.28104575163398693
4124513.0,196000.0,0.8666666666666667
4125364.0,457500.0,0.525
4126199.0,297000.0,0.060714285714285714
4126377.0,625000.0,0.06837606837606838
4126650.0,394950.0,0.20212121212121212
4126758.0,357400.0,0.3380255602889424
4126887.0,349900.0,0.3996
4127425.0,405000.0,0.19469026548672566
4127562.0,327450.0,0.02328125
4128190.0,115000.0,0.0008703220191470844
4128410.0,90100.0,1.3102564102564103
4128701.0,384450.0,0.15104790419161676
4128934.0,107500.0,0.023809523809523808
4129182.0,393950.0,0.09735376044568245
4130832.0,311999.5,0.1867611259033853
4131231.0,107500.0,0.08898305084745763
4131818.0,399500.0,0.09482049876678542
4132630.0,202400.0,0.44674767691208006
4133696.0,189950.0,0.3577555396711937
4133722.0,349750.0,0.14672131147540984
4134146.0,116500.0,0.6762589928057554
4134724.0,194900.0,0.11371428571428571
4136239.0,115000.0,0.045454545454545456
4136251.0,160000.0,0.1999799994999875
4136614.0,179950.0,0.4396
4136914.0,55100.0,0.3877777777777778
4137314.0,146500.0,0.3186046511627907
4139081.0,114950.0,0.0004347826086956522
4140528.0,322500.0,0.004629629629629629
4141741.0,164950.0,0.2327871292424616
4141822.0,239950.0,0.095662100456621
4142109.0,327000.0,20.8
4142751.0,282500.0,0.05518394648829431
4143245.0,464950.0,0.16266566641660415
4143645.0,209950.0,0.06688888888888889
4143710.0,400000.0,0.15942028985507245
4143996.0,182450.0,0.0872936468234117
4144510.0,319950.0,0.21868131868131868
4144692.0,55100.0,0.4462311557788945
4145627.0,231000.0,0.32
4146192.0,824950.0,0.017916666666666668
4146325.0,382499.5,0.21938877551020408
4147498.0,143500.0,0.06296296296296296
4148575.0,90100.0,0.28898426323319026
4150152.0,174950.0,0.06094602789569436
4150229.0,114950.0,0.0004347826086956522
4150500.0,210400.0,0.06802030456852792
4151120.0,185500.0,0.08168316831683169
4151370.0,115000.0,0.15
4151688.0,207500.0,0.16966786714685875
4151803.0,116500.0,0.165
4152307.0,379950.0,0.357449088960343
4152579.0,107250.0,0.7298387096774194
4152645.0,339950.0,0.027602974828375287
4153372.0,88250.0,5.788461538461538
4153917.0,217500.0,2.3461538461538463
4154625.0,164944.5,0.88508
4154688.0,107500.0,0.08585858585858586
4156503.0,90100.0,0.8387755102040816
4159818.0,171750.0,0.07111952406706328
4160094.0,312450.0,0.16238839285714285
4163931.0,107500.0,88.58333333333333
4165858.0,90100.0,1.281012658227848
4166395.0,311999.5,0.07958304498269896
4166585.0,184950.0,0.05153846153846154
4166591.0,369950.0,0.32598566308243726
4166904.0,102500.0,0.7111853088480802
4167192.0,349750.0,0.00042869391254644185
4167425.0,393950.0,0.5449019607843137
4167462.0,220450.0,0.2254030016675931
4167546.0,194000.0,0.29333333333333333
4168237.0,159450.0,0.11367426347971095
4168411.0,323750.0,0.295
4168776.0,208500.0,0.39
4169084.0,162450.0,0.14454976303317535
4169257.0,192500.0,0.22845691382765532
4170778.0,349000.0,0.16372124041347116
4171054.0,230000.0,0.036036036036036036
4171905.0,378500.0,0.37636363636363634
4173759.0,378500.0,0.05285118219749652
4174197.0,172000.0,0.21100917431192662
4174640.0,397450.0,0.41997141836370133
4175182.0,580000.0,1.1481481481481481
4176029.0,272000.0,0.22063037249283668
4176455.0,231000.0,0.54
4176527.0,392450.0,0.20791012619267468
5653829.0,482450.0,0.048804347826086954
6137857.0,302450.0,0.3278888888888889
6140786.0,435000.0,0.359375
6141187.0,417500.0,0.028843917190044196
6141958.0,365000.0,0.02666666666666667
6143047.0,649499.5,0.015909848484848485
6143350.0,174500.0,0.2963709677419355
6145290.0,121450.0,0.8262517882689556
6145654.0,448500.0,0.09939759036144578
6145717.0,446000.0,0.037209302325581395
6146162.0,367500.0,0.2862691784812585
6146579.0,765000.0,0.09285714285714286
6147813.0,454900.0,0.013140311804008908
6148442.0,478500.0,0.02147239263803681
6148528.0,405000.0,0.03571428571428571
6148641.0,425000.0,0.1038961038961039
6148678.0,222450.0,0.053404255319148934
6148678.0,222450.0,0.053404255319148934
6148916.0,217500.0,0.5271739130434783
6149288.0,462500.0,0.030066815144766147
6149304.0,320000.0,0.015873015873015872
6149304.0,320000.0,0.015873015873015872
6151165.0,345000.0,0.08970976253298153
6152605.0,727500.0,0.03
6152790.0,422500.0,0.0913978494623656
6153925.0,355000.0,0.09230769230769231
6154760.0,438450.0,0.1317821782178218
6155266.0,272450.0,0.21088888888888888
6155506.0,217500.0,0.11224489795918367
6156088.0,362342.5,0.1802687296416938
6157925.0,229500.0,0.7653846153846153
6158590.0,375000.0,0.25418060200668896
6160418.0,195000.0,0.12162162162162163
6160831.0,355000.0,0.32710280373831774
6161054.0,1075000.0,1.7965660770031218
6163358.0,532495.0,0.47915277777777776
6163482.0,405000.0,0.05813953488372093
6163570.0,384950.0,0.16315217391304349
6164426.0,415950.0,0.18842857142857142
6164430.0,412949.5,0.14708194444444445
6164576.0,237000.0,0.5290322580645161
6164762.0,346500.0,1.389655172413793
6165972.0,355000.0,0.11635220125786164
6166329.0,372400.0,0.4896
6168353.0,339950.0,0.06863013698630137
6169167.0,459375.0,0.20919978941826797
6169810.0,411950.0,0.03013253313328332
6169811.0,411950.0,0.03013253313328332
6169837.0,384000.0,0.3016949152542373
6169837.0,345000.0,0.1694915254237288
6170007.0,349950.0,0.027916666666666666
6171374.0,305000.0,0.25773195876288657
6172340.0,694950.0,1.3165
6173788.0,392500.0,0.12142857142857143
6174252.0,367500.0,0.2672413793103448
6174968.0,355000.0,0.2033898305084746
6175399.0,207450.0,0.09410480349344978
6177120.0,429950.0,0.0948421052631579
6178342.0,346450.0,0.013011695906432749
6179337.0,354500.0,0.36346153846153845
6179776.0,774495.0,2.09921968787515
6179834.0,222500.0,0.09183673469387756
6179834.0,222500.0,0.09183673469387756
6180112.0,224500.0,0.18783068783068782
6180383.0,237450.0,0.10441860465116279
6181511.0,362500.0,0.09848484848484848
6182630.0,770000.0,0.54
6182714.0,399900.0,0.2308136180034622
6183384.0,349500.0,0.12625
6184674.0,536250.0,0.35
6184717.0,555000.0,0.3061632704088011
6184875.0,442500.0,0.37422360248447206
6185279.0,1100000.0,0.6614342874730686
6185279.0,1375000.0,0.5767928593413358
6186142.0,382500.0,0.1496220542463317
6186517.0,413500.0,0.1892156862745098
6187016.0,362500.0,0.23684210526315788
6187067.0,340000.0,0.3333333333333333
6187309.0,390000.0,0.17894736842105263
6187354.0,765000.0,0.19465206863880408
6188341.0,37500.0,0.9571428571428572
6188625.0,1390000.0,0.02112676056338028
6189167.0,375000.0,0.0
6189733.0,452500.0,0.81
6190559.0,403950.0,0.41736842105263156
6191023.0,355000.0,0.1744186046511628
6191994.0,349950.0,0.09359375
6192619.0,745000.0,0.02054794520547945
6194559.0,344950.0,0.6714761904761904
6195501.0,685000.0,0.14166666666666666
6195960.0,674250.0,0.28951527924130666
6196386.0,407500.0,0.20098039215686275
6198258.0,344500.0,0.09713375796178345
6198772.0,237500.0,0.4751552795031056
6199190.0,337450.0,0.20474830417707962
6200602.0,364761.5,0.2368989487962021
6200876.0,192500.0,0.8333333333333334
6201237.0,372500.0,0.21578947368421053
6201335.0,397499.5,0.05357261904761905
6201723.0,299950.0,0.143
6203755.0,224450.0,0.0024444444444444444
6204611.0,320000.0,0.16363636363636364
6204611.0,320000.0,0.16363636363636364
6207165.0,333750.0,0.11
6207598.0,595126.0,0.32419424820604104
6208082.0,319950.0,0.13527027027027028
6208301.0,412949.5,0.0725961038961039
6208950.0,367500.0,0.006756756756756757
6211594.0,480000.0,0.30612244897959184
6212943.0,349950.0,0.027916666666666666
6213533.0,350000.0,0.32075471698113206
6214693.0,599000.0,0.0008340283569641367
6214912.0,411500.0,0.03940388987117959
6215110.0,166250.0,1.2166666666666666
6216087.0,349950.0,0.029264705882352943
6220110.0,349950.0,0.17658823529411766
6220345.0,689499.5,0.21177416520210895
6220753.0,1310000.0,0.2975871313672922
6220850.0,407000.0,0.6928301886792453
6222111.0,1565000.0,0.43965499794860663
6224180.0,1716500.0,0.05630769230769231
6224519.0,354500.0,0.18166666666666667
6225776.0,192450.0,0.21448979591836734
6226249.0,350000.0,0.32038834951456313
6226695.0,362500.0,0.03571428571428571
6226695.0,362500.0,0.03571428571428571
6229039.0,392500.0,0.12464183381088825
6229588.0,434500.0,0.1871584699453552
6229745.0,365000.0,0.4038515532752049
6230136.0,367500.0,0.020833333333333332
6230572.0,195000.0,0.15217391304347827
6231022.0,347450.0,0.007285714285714286
6239392.0,360000.0,0.21212121212121213
6241856.0,349500.0,0.28672013714565603
6242238.0,636500.0,0.2502944640753828
6243315.0,347500.0,0.06923076923076923
6244815.0,774500.0,0.19153846153846155
6244908.0,385000.0,0.03508771929824561
6245237.0,874950.0,0.2045909090909091
6245237.0,1100000.0,0.0
6245237.0,1075000.0,0.022727272727272728
6246867.0,665825.0,0.6206125356125356
6248428.0,714450.0,0.0007692307692307692
6251313.0,747500.0,0.035483870967741936
6253737.0,333500.0,0.02741324001166521
6254081.0,657495.0,0.1771026282853567
6254367.0,362450.0,0.050579710144927535
6255538.0,417500.0,0.12837837837837837
6256316.0,422450.0,0.04077615367369715
6257465.0,413000.0,0.13417190775681342
6257504.0,660000.0,0.029411764705882353
6257623.0,717000.0,0.10392609699769054
6257693.0,662026.5,0.17760683229813665
6257847.0,636500.0,0.21127633209417596
6258392.0,662026.5,0.07646585365853659
6259182.0,734500.0,0.2262103505843072
6260499.0,667495.0,0.03957553956834532
6260499.0,667495.0,0.03957553956834532
6260852.0,417500.0,0.056962025316455694
6261238.0,416500.0,0.13229166666666667
6261256.0,427000.0,0.041463414634146344
6261487.0,1385000.0,0.3863863863863864
6261523.0,737000.0,0.1792
6262135.0,699500.0,0.2140449438202247
6262225.0,652450.0,0.10500685871056241
6262242.0,644000.0,0.014173228346456693
6264277.0,771500.0,2.7634146341463413
6265502.0,362500.0,0.45
6265561.0,362650.0,0.31872727272727275
6266337.0,222000.0,0.7746192893401015
6266353.0,772500.0,0.16165413533834586
6266533.0,699000.0,0.04897959183673469
6268571.0,1599994.5,0.28889133333333333
6270593.0,1310000.0,0.21930870083432658
6270763.0,1657500.0,0.38125
6272039.0,632500.0,0.09642857142857143
6272065.0,330000.0,0.34065934065934067
6272082.0,407000.0,0.4573333333333333
6274810.0,360000.0,0.29119905493207326
6274832.0,744000.0,0.11044776119402985
6275564.0,678892.5,0.007179702486303006
6276455.0,239000.0,0.4707692307692308
6276544.0,187500.0,0.07204116638078903
6279585.0,354000.0,0.14698795180722893
6281867.0,809000.0,0.3596638655462185
6282185.0,667495.0,0.03957553956834532
6282392.0,2887500.0,0.5187499197916533
6284924.0,349500.0,0.0014285714285714286
6285713.0,360000.0,0.0136986301369863
6286251.0,636500.0,0.29107505070993916
6286490.0,397499.5,0.09659204545454546
6287269.0,297500.0,0.537467700258398
6287323.0,393450.0,0.35672881630626313
6289848.0,722000.0,0.23991999157806085
6291232.0,1245000.0,0.18571428571428572
6291627.0,379950.0,0.17384213959556424
6291808.0,1522500.0,0.2957446808510638
6292213.0,1399995.0,0.3333285714285714
6292470.0,415000.0,0.66
6292955.0,350000.0,0.32075471698113206
6293107.0,216500.0,0.13382676535307061
6294534.0,502495.0,0.08637272727272727
6294587.0,426749.5,0.2875634390651085
6295749.0,596250.0,0.2305458768873403
6296305.0,500000.0,0.544916719759716
6296528.0,1224500.0,0.10945454545454546
6296870.0,374500.0,0.251
6297464.0,725000.0,0.14705882352941177
6298606.0,449500.0,0.3577653950564366
6299668.0,692000.0,0.3982608695652174
6301219.0,625000.0,0.038461538461538464
6301334.0,604950.0,0.4234117647058824
6302515.0,374500.0,0.44594594594594594
6303827.0,705000.0,0.13893376413570274
6304467.0,672026.5,0.03388692307692308
6304702.0,644000.0,0.27231638418079096
6308104.0,417500.0,0.006024096385542169
6308262.0,898944.0,1.0292189616252823
6310178.0,427000.0,0.029545454545454545
6310949.0,382500.0,0.16846018391704168
6312162.0,237000.0,0.07727272727272727
6312674.0,390000.0,0.41818181818181815
6315891.0,660000.0,0.10810810810810811
6317576.0,344842.5,0.09473809523809523
6318581.0,675000.0,0.007462686567164179
6319045.0,690919.0,0.08294514106583072
6319108.0,707450.0,0.08855208493614403
6319178.0,407000.0,0.4083044982698962
6319431.0,409950.0,0.044405594405594405
6319605.0,715000.0,0.1733148340848653
6320425.0,682026.5,0.28583612565445027
6321023.0,360000.0,0.12852664576802508
6321491.0,137300.0,0.8384515825391222
6321733.0,672026.5,0.15468364779874214
6323100.0,1218500.0,0.005306122448979592
6325187.0,1275000.0,0.12008281573498965
6327211.0,695000.0,0.0859544680385631
6327490.0,532495.0,0.10247412008281573
6327741.0,446250.0,0.14182692307692307
6328140.0,764000.0,0.08228228228228228
6328399.0,727000.0,0.01756756756756757
6328712.0,380711.5,0.050594763092269325
6330015.0,1105000.0,0.105
6330334.0,720000.0,0.19601328903654486
6889282.0,501500.0,0.03402061855670103
6889583.0,387499.5,0.06626626506024097
6889675.0,474999.5,0.02591684665226782
6890188.0,518750.0,0.08072916666666667
6892418.0,509439.0,0.10747608695652174
6893004.0,429500.0,0.010588235294117647
6893264.0,467500.0,0.1987179487179487
6893573.0,362450.0,0.1266265060240964
6894538.0,464950.0,0.15463482660877564
6894549.0,607500.0,0.04759441282979824
6894597.0,637000.0,0.19874213836477989
6894748.0,744475.0,0.14534615384615385
6895114.0,399245.0,0.02623170731707317
6895409.0,387499.5,0.05487926829268293
6895507.0,454999.5,0.03191595744680851
6895539.0,509439.0,0.3045813060179257
6895751.0,474999.5,0.03260760869565217
6896567.0,298500.0,0.05238095238095238
6896681.0,420000.0,0.3770491803278688
6898042.0,399245.0,0.14396848137535817
6898280.0,494500.0,0.15
6898728.0,1360000.0,0.17575757575757575
6899625.0,609494.0,0.017519198664440735
6900405.0,604999.5,0.2710840615470621
6900407.0,604999.5,0.12318785969255028
6901135.0,499500.0,0.020588235294117647
6901498.0,585500.0,0.018260869565217393
6901717.0,429750.0,0.18899792413662955
6901755.0,449499.5,0.06354075737657787
6901845.0,344250.0,0.1870689655172414
6902864.0,402495.0,0.10272602739726028
6903566.0,467500.0,0.003218884120171674
6903706.0,387499.5,0.07716241962371993
6903801.0,399736.5,0.10237130185819346
6903852.0,395000.0,0.06756756756756757
6904121.0,1199500.0,0.17275862068965517
6904676.0,445000.0,0.2714285714285714
6904864.0,632400.0,0.04181818181818182
6904879.0,468750.0,0.14329268292682926
6905569.0,316737.0,0.7923036065573771
6907390.0,441950.0,0.19645454545454547
6907444.0,462450.0,0.1590289143480633
6907806.0,641944.0,0.0696463768115942
6908395.0,1450000.0,0.2731829573934837
6908588.0,432499.5,0.03674944320712695
6909025.0,487000.0,0.13805309734513274
6909122.0,482500.0,0.07246054678817515
6909155.0,482500.0,0.17138931822084835
6910715.0,417450.0,0.09230267449445531
6910927.0,482500.0,0.16493596400138455
6911079.0,599450.0,0.2733939393939394
6911632.0,397500.0,0.1358695652173913
6912348.0,752500.0,0.18206521739130435
6913860.0,449750.0,0.07108835437008812
6913989.0,1285000.0,0.08214285714285714
6914674.0,749500.0,0.2186991869918699
6914689.0,740000.0,0.13863671334051392
6915945.0,412250.0,0.2294392523364486
6916531.0,407499.5,0.15086580537612002
6916885.0,394995.0,0.048204819277108436
6917819.0,427450.0,0.03
6918157.0,644444.0,0.1943442930366296
6919170.0,600000.0,0.23067059879471727
6919848.0,417499.5,0.018291463414634147
6920683.0,765000.0,0.025477707006369428
6921538.0,691999.5,0.24782663043478262
6922022.0,619495.0,0.02441732283464567
6922822.0,445500.0,0.25126050420168067
6923630.0,401750.0,0.22591522157996147
6924595.0,429950.0,0.19463739927757712
6924863.0,443000.0,0.16578947368421051
6925812.0,362950.0,0.2652834008097166
6925817.0,689750.0,0.15924369747899159
6925818.0,440000.0,0.11982396479295859
6926064.0,410000.0,0.21153846153846154
6927153.0,484450.0,0.011326530612244898
6927615.0,455000.0,0.010869565217391304
6927633.0,499750.0,0.09234972677595628
6930215.0,307450.0,0.2298
6931111.0,468750.0,0.041666666666666664
6932059.0,600000.0,0.025642778876545088
6932147.0,644444.0,0.194445
6932496.0,489950.0,0.1668254346272922
6933087.0,507500.0,0.019076305220883535
6933338.0,599450.0,0.03314516129032258
6933401.0,399750.0,0.3840523882896764
6933532.0,325450.0,0.1750316856780735
6933690.0,704950.0,0.10165650882950461
6934370.0,401750.0,0.10068493150684932
6935072.0,424950.0,0.07582278481012658
6935931.0,402495.0,0.010025094102885821
6936183.0,442497.5,0.030261932479627475
6936417.0,404999.5,0.15714142857142857
6937401.0,394250.0,0.2831818181818182
6937405.0,612500.0,0.04700854700854701
6937417.0,417500.0,0.16416416416416416
6937816.0,452450.0,0.17721403891616658
6938517.0,213750.0,0.06208863536638877
6938713.0,414500.0,0.21047619047619048
6938927.0,1145000.0,0.084
6939126.0,392237.0,0.14545315904139433
6939555.0,437499.5,0.125001
6939935.0,487000.0,0.07238095238095238
6939990.0,404950.0,0.4213759213759214
6939990.0,392500.0,0.4017857142857143
6940054.0,505000.0,0.012024048096192385
6940071.0,625000.0,0.0702054794520548
6940119.0,614975.0,0.3051129943502825
6940795.0,447450.0,0.12002503128911139
6941044.0,387500.0,0.2619047619047619
6941117.0,437450.0,0.1668444918644972
6941128.0,397500.0,0.006001500375093774
6942668.0,429949.5,0.23223166469940124
6942708.0,597500.0,0.044
6942767.0,501500.0,0.04479166666666667
6943009.0,581750.0,0.7628787878787879
6943628.0,682450.0,0.07149533536780323
6943777.0,647500.0,0.022641509433962263
6944197.0,1225000.0,0.09259259259259259
6944306.0,600000.0,0.05511811023622047
6944414.0,1238500.0,0.17157190635451505
6944439.0,1574999.5,0.2857138775510204
6944517.0,426000.0,0.14782956591318264
6944767.0,307500.0,0.14417398177577637
6945356.0,499500.0,0.075
6945405.0,462500.0,0.0749074907490749
6945501.0,403450.0,0.24588785046728973
6946287.0,1205000.0,0.09545454545454546
6946978.0,434500.0,0.19237918215613384
6947618.0,287900.0,0.24236842105263157
6947771.0,285500.0,0.16029411764705884
6948131.0,458000.0,0.1596330275229358
6948299.0,520000.0,0.1111111111111111
6948615.0,616944.0,0.036025
6949389.0,455000.0,0.0421032465331506
6950151.0,489950.0,0.44145336863783463
6950292.0,424999.5,0.3076907692307692
6950874.0,404500.0,0.036904761904761905
6951732.0,417449.5,0.11319866666666667
6952205.0,417500.0,0.2462686567164179
6952621.0,417499.0,0.20476380952380951
6952824.0,228500.0,0.006521739130434782
6953528.0,407500.0,0.01875
6953834.0,406999.5,0.33442459016393444
6954668.0,311400.0,0.1750943396226415
6955299.0,429500.0,0.22714285714285715
6955390.0,597425.0,0.17539682539682538
6956837.0,206500.0,0.475
6957081.0,417500.0,0.12868342795350093
6957841.0,408000.0,0.4493783303730018
6958001.0,227499.5,0.6249964285714286
6958101.0,395500.0,0.12111111111111111
6958305.0,410000.0,0.3015914336235988
6959281.0,412500.0,0.03150787696924231
6959790.0,417500.0,0.07051282051282051
6960520.0,442450.0,0.41584
6960968.0,232500.0,0.056818181818181816
6961671.0,376000.0,0.11529411764705882
6961823.0,460000.0,0.033707865168539325
6962660.0,452000.0,0.13141426783479349
6963743.0,215000.0,0.16216216216216217
6964278.0,205000.0,0.179671868747499
6964596.0,195944.0,0.16619574468085108
6964709.0,399950.0,0.31131147540983606
6965373.0,543625.0,0.9243362831858407
6965756.0,458500.0,0.10481927710843374
6966152.0,392500.0,0.2661290322580645
6966399.0,449499.5,0.05764588235294118
6966848.0,218950.0,0.06829787234042553
6967009.0,311400.0,0.1976923076923077
6967084.0,344250.0,0.377
6967186.0,319750.0,0.279
6967300.0,792000.0,2.6000163637107443
6968535.0,332000.0,0.05007153075822604
6968682.0,1195000.0,0.1961961961961962
6969397.0,309450.0,0.2801814375436148
6969503.0,1512500.0,0.1287313432835821
6969864.0,612546.5,0.2529920731707317
6969917.0,484250.0,0.5913502109704641
6970405.0,641944.0,0.01239232675742578
6971282.0,442497.5,0.05356547619047619
6971580.0,472450.0,0.05415415415415415
6971959.0,439445.0,0.0986125
6972206.0,442497.5,0.09694387755102041
6972640.0,339500.0,0.30828516377649323
6973457.0,432495.0,0.017056818181818183
6973547.0,459500.0,0.02338530066815145
6974068.0,429949.5,0.2645573529411765
6974387.0,336900.0,0.15775
6975383.0,427500.0,0.05420353982300885
6975756.0,387497.5,0.19271354166666665
6975847.0,390000.0,0.1875
6975934.0,419450.0,0.14603825136612023
6976686.0,413500.0,0.2723076923076923
6977492.0,388750.0,0.295837652792176
6977874.0,437450.0,0.13919270833333333
6978063.0,469000.0,0.14390243902439023
6978163.0,402500.0,0.05923840101055291
6979470.0,424950.0,0.10376623376623377
6979757.0,387500.0,0.14138438880706922
6980173.0,394750.0,0.0819746092432773
6997516.0,387000.0,0.19076923076923077
6997578.0,447497.5,0.09596464646464646
7000162.0,364500.0,0.3017903635370126
7000710.0,370000.0,0.02778063272397979
7000720.0,319950.0,0.19570135746606335
7001322.0,387500.0,0.13636363636363635
7001612.0,430000.0,0.25731361787607565
7006011.0,347499.0,0.021129577464788732
7007210.0,345000.0,0.029850746268656716
7007292.0,430000.0,0.16216216216216217
7008120.0,345000.0,0.014280081600466288
7008569.0,169900.0,0.41583333333333333
7009055.0,468750.0,0.46484375
7009779.0,369392.5,0.03922631959508315
7009789.0,352499.0,0.0846123076923077
7010333.0,390000.0,0.013000168833361473
7010633.0,365000.0,0.11280487804878049
7013615.0,1482500.0,0.07285803627267042
7014798.0,594975.0,0.14392086330935253
7016215.0,377495.0,0.09418840579710144
7016965.0,416400.0,0.39264214046822743
7017139.0,375000.0,0.10294117647058823
7017481.0,740000.0,0.08029354787379252
7017629.0,182500.0,0.10606060606060606
7019384.0,340000.0,0.014492753623188406
7019917.0,417500.0,0.1997126436781609
7021051.0,335497.5,0.041435714285714284
7021094.0,430000.0,0.13157894736842105
7021227.0,389450.0,0.11910919540229885
7021690.0,437499.5,0.15131447368421053
7021866.0,442497.5,0.12024967151815574
7022367.0,225000.0,0.12556278139069535
7022459.0,377187.0,0.10969991173874669
7022550.0,352000.0,0.06666666666666667
7022882.0,362450.0,0.11597560975609757
7025020.0,327500.0,0.03676470588235294
7025870.0,451000.0,0.11358024691358025
7026154.0,417500.0,0.09239130434782608
7027345.0,460000.0,0.08260767239350435
7027433.0,795000.0,0.16058394160583941
7028365.0,218444.0,0.042821543485110324
7028383.0,204000.0,0.275
7028518.0,432500.0,0.054878048780487805
7028722.0,581100.0,0.055045125619969104
7029375.0,444500.0,0.04408602150537634
7030529.0,507939.0,0.009819085487077535
7031255.0,406999.5,0.04358846153846154
7031465.0,477450.0,0.11034883720930233
7032889.0,347499.0,0.007243478260869565
7035119.0,140000.0,0.5555555555555556
7036357.0,411900.0,0.2519756838905775
7038225.0,350000.0,0.14841849148418493
7039588.0,345000.0,0.3269230769230769
7039877.0,352500.0,0.11654135338345864
7040989.0,319947.5,0.000148483901219131
7041032.0,347499.0,0.0974051948051948
7042667.0,639999.5,0.08558436919559938
7043033.0,508500.0,0.08047016274864376
7043145.0,670000.0,0.04285714285714286
7044708.0,412499.0,0.07142597402597403
7044917.0,424999.5,0.06389777557488097
7045210.0,412500.0,0.1
7045412.0,820000.0,1.2465753424657535
7045803.0,402500.0,0.10576923076923077
7046000.0,405000.0,0.047058823529411764
7046213.0,465495.0,0.15364545454545456
7046387.0,465495.0,0.03443333333333334
7046758.0,445000.0,0.1125
7047938.0,333997.5,0.17192516464970053
7048573.0,464750.0,0.0705
7049322.0,400000.0,0.08108108108108109
7054150.0,437000.0,0.10632911392405063
7054191.0,410000.0,0.1232876712328767
7054499.0,460551.0,0.2617835616438356
7054816.0,662400.0,0.152
7054951.0,204000.0,0.010461245839277223
7056608.0,340000.0,0.25925925925925924
7056675.0,376000.0,0.06
7057796.0,392500.0,0.018747546868867173
7058299.0,448500.0,0.10740740740740741
7058688.0,414950.0,0.07583518930957683
7059145.0,392237.0,0.17085671641791045
7059283.0,445000.0,0.043010752688172046
7060120.0,399245.0,0.47868518518518516
7060562.0,625000.0,0.3188010899182561
7060770.0,410000.0,0.06818181818181818
7061366.0,454750.0,0.032240902319642474
7061779.0,387500.0,0.2231355252606255
7061961.0,442497.5,0.09694019159261874
7062062.0,461995.0,0.04743298969072165
7062321.0,373500.0,0.04230769230769231
7062331.0,412499.5,0.02941065743684103
7062413.0,434500.0,0.0597586823382496
7063141.0,494500.0,0.019598140187012236
7063451.0,424999.5,0.06250140625351563
7063867.0,412499.0,0.029414117647058823
7063874.0,382495.0,0.019243589743589744
7064463.0,412500.0,0.040697674418604654
7065178.0,323625.0,0.2791501976284585
7065359.0,482500.0,0.16265060240963855
7065559.0,410000.0,0.1276577184206775
7065908.0,444500.0,0.0011235955056179776
7066547.0,336900.0,0.009103075045221252
7066745.0,314950.0,0.012386328002508624
7066963.0,205000.0,0.0639269406392694
7067208.0,216450.0,0.13921052631578948
7067530.0,387500.0,0.0763888888888889
7067702.0,342400.0,0.08690898423957973
7068243.0,371250.0,0.006097560975609756
7068388.0,444700.0,0.41174603174603175
7068444.0,477450.0,0.08512596734053796
7068942.0,430000.0,0.10256410256410256
7070344.0,474499.5,0.4599984615384615
7071013.0,588000.0,0.022608695652173914
7071035.0,420000.0,0.07692307692307693
7072261.0,592000.0,0.029744303357105584
7072982.0,687500.0,0.11745827984595636
7073090.0,379000.0,0.48627450980392156
7073347.0,668750.0,0.005639097744360902
7073381.0,669443.5,0.008158382102377954
7075528.0,340000.0,0.08108108108108109
7075813.0,114450.0,0.7918712493180579
7076040.0,454900.0,0.07036553371216132
7076163.0,427450.0,0.11315104166666666
7076525.0,388750.0,0.16741741741741742
7076720.0,677475.0,0.15209637046307886
7077211.0,390000.0,0.0
7077234.0,394949.5,0.43618
7078687.0,437500.0,0.25
7078762.0,416450.0,0.028271604938271605
7078824.0,352500.0,0.03676470588235294
7079488.0,406999.5,0.042128736173217225
7080815.0,635000.0,0.08547008547008547
7081136.0,613943.0,0.3362778378378378
7081882.0,689500.0,0.05267175572519084
7082153.0,215987.0,0.03101390758187528
7082543.0,387497.5,0.006416666666666667
7082594.0,404999.5,0.01252406310157754
7083283.0,399245.0,0.023705128205128205
7083508.0,399949.5,0.2902012968160263
7085292.0,445000.0,0.20270270270270271
7085309.0,381700.0,0.32076124567474046
7086166.0,440950.0,0.0716842105263158
7086205.0,434450.0,0.06508948271635205
7086269.0,214500.0,0.07303651825912956
7086271.0,209944.0,0.5006719085060758
7087348.0,462500.0,0.23333333333333334
7087467.0,442447.5,0.42037720706260034
7087783.0,404950.0,0.08015470792211256
7087995.0,205681.0,0.04289902280130293
7088185.0,454999.5,0.021506451612903228
7088221.0,452500.0,0.026881720430107527
7088378.0,600000.0,1.6666694444490742e-06
7088401.0,608500.0,0.04913793103448276
7088477.0,479449.0,0.06902745253379625
7088551.0,440000.0,0.043478260869565216
7088878.0,412500.0,0.375
7089092.0,351687.0,0.21271379310344826
7089436.0,404999.5,0.2857126984126984
7089754.0,350000.0,0.20898100172711573
7089813.0,397495.0,0.05998666666666667
7090032.0,442500.0,0.5636042402826855
7090274.0,377187.0,0.054396630607819296
7091161.0,687500.0,0.1652542372881356
7093049.0,177500.0,0.05029585798816568
7093500.0,182500.0,0.12654320987654322
7093512.0,215000.0,0.3230769230769231
7093525.0,189000.0,0.16307692307692306
7094468.0,226500.0,0.030013642564802184
7094794.0,284000.0,0.15918367346938775
7095398.0,287900.0,0.4242
7096188.0,216250.0,0.014689667113188806
7096730.0,213750.0,0.017241379310344827
7097321.0,417500.0,0.25445097233879177
7097462.0,432500.0,0.12340580274812332
7097517.0,424999.5,0.3281234375
7097681.0,460495.0,0.0010760869565217392
7097841.0,456950.0,0.2350066757117606
7097957.0,580000.0,0.017543859649122806
7098713.0,420000.0,0.10638297872340426
7099348.0,407500.0,0.27344147950462344
7099473.0,411950.0,0.421007243877199
7099580.0,219999.5,0.11964985994397759
7099720.0,644444.0,0.07586644407345576
7100505.0,212950.0,0.10899581589958159
7100715.0,440000.0,0.5172413793103449
7101387.0,502450.0,0.014803921568627452
7101452.0,174900.0,0.204963861993727
7102555.0,437499.5,0.08291955445544555
7103824.0,675500.0,1.179032258064516
7104227.0,470000.0,0.22950819672131148
7105390.0,222450.0,0.10662650602409639
7106390.0,490000.0,0.0392156862745098
7106450.0,482500.0,0.015789473684210527
7106692.0,1925000.0,0.23
7107166.0,624999.5,0.06655204778156996
7107281.0,380000.0,0.20833333333333334
7107669.0,496500.0,0.11339285714285714
7107806.0,394250.0,0.15955882352941175
7107911.0,1624999.5,0.6787184917355372
7108391.0,645000.0,0.31746031746031744
7108959.0,1544999.5,0.6641305434782608
7109861.0,580584.5,0.007547863247863248
7111411.0,437500.0,0.17296786389413987
7112334.0,417500.0,0.07015590200445435
7112541.0,408000.0,0.1544041450777202
7113240.0,413450.0,0.16474747474747475
7114030.0,640000.0,0.14666666666666667
7114827.0,291950.0,0.13599221789883267
7115193.0,2124000.0,0.21371497926570243
7115712.0,449499.5,0.09634024390243902
7115811.0,344250.0,0.2563868613138686
7116188.0,494000.0,0.04
7116560.0,702997.0,0.06887814569536424
7116651.0,394250.0,0.07874751723332166
7116693.0,414500.0,0.15138888888888888
7117400.0,680000.0,0.14998937486718583
7118775.0,622450.0,0.011984126984126984
7119007.0,1949500.0,0.0002564102564102564
7119173.0,780000.0,0.04
7119396.0,650499.5,0.2055453102100635
7119470.0,1238500.0,0.07695652173913044
7120023.0,352499.0,0.21666888888888888
7120192.0,430000.0,0.09473684210526316
7120298.0,399736.5,0.08388421908893709
7120935.0,390000.0,0.19587463066934158
7122111.0,426000.0,0.3914285714285714
7122558.0,450000.0,0.06249804687093098
7123265.0,462500.0,0.06565656565656566
7123338.0,402500.0,0.5074906367041199
7123598.0,477450.0,0.08182692307692307
7124096.0,320000.0,0.23076923076923078
7124668.0,307450.0,0.06053811659192825
7124713.0,215000.0,0.12955465587044535
7124975.0,422450.0,0.006
7125026.0,444500.0,0.04612850082372323
7126323.0,307500.0,0.09292035398230089
7126545.0,472500.0,0.09134615384615384
7127437.0,314500.0,0.2189922480620155
7131186.0,649900.0,0.0714387769681383
7131377.0,1370000.0,0.4270833333333333
7131777.0,559500.0,0.2638157894736842
7132053.0,410000.0,0.06818181818181818
7132478.0,1300000.0,0.1872146118721461
7133035.0,302444.0,0.03372523961661342
7133631.0,387499.5,0.08802188750294186
7134250.0,302000.0,0.04173853052776819
7134449.0,722997.5,0.06952451113093362
7135135.0,430000.0,0.15436241610738255
7135291.0,409950.0,0.12776595744680852
7135326.0,488500.0,0.060396230044239274
7135465.0,395000.0,0.07058823529411765
7135785.0,652500.0,0.04044117647058824
7136281.0,447450.0,0.16980392156862745
7137267.0,482000.0,0.41973490427098675
7138645.0,493500.0,0.009202453987730062
7138865.0,459950.0,0.09537985234579661
7140317.0,575164.5,0.010833919156414762
7140580.0,219000.0,0.095
7140607.0,462450.0,0.07324649298597194
7140647.0,407500.0,0.18499836999674
7140709.0,488500.0,0.07830188679245283
7141452.0,482000.0,0.036
7141589.0,504500.0,0.009
7142234.0,209944.0,0.23569158328428488
7142385.0,387500.0,0.49038461538461536
7142390.0,221249.5,0.1062475
7142404.0,213750.0,0.04999577775901226
7142484.0,232500.0,0.11832611832611832
7142607.0,291500.0,0.028009336445481828
7142873.0,311400.0,0.12866980790141355
7142926.0,227499.5,0.3787848484848485
7143501.0,206500.0,0.052752293577981654
7145394.0,416400.0,0.04360902255639098
7145964.0,417500.0,0.006024096385542169
7146064.0,501500.0,0.11238938053097346
7146172.0,667500.0,0.04629232747535362
7146279.0,1221500.0,0.0281986531986532
7146341.0,429949.5,0.21827363636363636
7147714.0,624500.0,0.46163793103448275
7148564.0,1842000.0,0.4501492537313433
7148593.0,669950.0,0.22069839940442956
7148702.0,266999.5,0.2136340909090909
7149426.0,594999.5,0.008473728813559322
7149582.0,635000.0,0.26927502876869963
7150016.0,1313500.0,0.47438975590236093
7150160.0,411950.0,0.20778693805180395
7151105.0,407500.0,0.3319672131147541
7151263.0,459950.0,0.1239047619047619
7151848.0,307450.0,0.16062665156662892
7151857.0,237450.0,0.010625
7152557.0,622500.0,0.0375
7153341.0,334900.0,0.1588235294117647
7153719.0,437500.0,0.09649122807017543
7155235.0,440500.0,0.036470588235294116
7155526.0,1300000.0,0.08333333333333333
7155981.0,1145000.0,0.23666666666666666
7156163.0,337447.5,0.46858661417322833
7157536.0,417500.0,0.21962616822429906
7157835.0,488500.0,0.05053763440860215
7159673.0,649443.5,0.09333922558922558
7164634.0,637495.0,0.10868695652173913
7164794.0,407500.0,0.27876106194690264
7165716.0,402495.0,0.05295294117647059
7165873.0,415000.0,0.14432989690721648
7166224.0,425950.0,0.03193181818181818
7168289.0,1221500.0,0.03604749787955895
7168289.0,1285610.0,0.16873636363636363
7169421.0,387450.0,0.3133898305084746
7169648.0,547500.0,0.13081441498650578
7169652.0,480500.0,0.1578313253012048
7170070.0,445000.0,0.05977613717551798
7170117.0,392237.0,0.1742378947368421
7170377.0,403500.0,0.013447432762836185
7171244.0,405000.0,0.15747356387539296
7171787.0,482500.0,0.23412698412698413
7171839.0,401750.0,0.06569767441860465
7172837.0,608500.0,0.014166666666666666
7172974.0,1251000.0,0.1691588785046729
7173557.0,455000.0,0.14953271028037382
7174626.0,414500.0,0.03625
7175871.0,440000.0,0.022222222222222223
7177278.0,517450.0,0.029174484052532833
7465553.0,382500.0,0.31919296430419036
7465696.0,396000.0,0.1346704871060172
7466518.0,453000.0,0.17662337662337663
7469486.0,469450.0,0.23539473684210527
7470051.0,349450.0,0.1652217405801934
7470229.0,317500.0,0.023076923076923078
7470286.0,317500.0,0.037587147620491056
7475399.0,334500.0,0.12890625
7476240.0,377000.0,0.05037783375314862
7476428.0,387500.0,0.13970588235294118
7481914.0,384999.5,0.29343369646606277
7482613.0,317500.0,0.0078125
7482941.0,377500.0,0.24587458745874588
7483814.0,414700.0,0.04987341772151899
7484982.0,225000.0,0.15384615384615385
7485290.0,225000.0,0.18421052631578946
7485457.0,202499.5,0.10000222222222223
7488110.0,410250.0,0.22462686567164178
7489813.0,182450.0,0.10575757575757576
7491012.0,402500.0,0.10273972602739725
7491278.0,397500.0,0.1865671641791045
7493260.0,332500.0,0.04727793696275072
7493931.0,344950.0,0.05493150684931507
7495001.0,352450.0,0.07127659574468086
7495033.0,322500.0,0.03731343283582089
7495730.0,367499.5,0.18333444444444444
7496287.0,225000.0,0.36363636363636365
7497035.0,322500.0,0.05737704918032787
7498821.0,317500.0,0.07968346908606047
7499436.0,257900.0,0.17494305239179955
7500829.0,344750.0,0.006484149855907781
7503779.0,345750.0,0.002173913043478261
7506362.0,317500.0,0.03787878787878788
7506629.0,227500.0,0.06030565881866997
7507995.0,195000.0,0.4028776978417266
7513544.0,225000.0,0.13236034222445897
7513667.0,499500.0,0.8707865168539326
7514689.0,446500.0,0.04797441364605544
7518541.0,474900.0,0.36074498567335245
7519416.0,672500.0,0.0846774193548387
7519457.0,649999.5,0.13321842912388318
7521333.0,685000.0,0.0873015873015873
7521535.0,342250.0,0.398506151142355
7522025.0,453500.0,0.433125
7523018.0,346000.0,0.08141897171433037
7523267.0,344750.0,0.15914634146341464
7524099.0,402450.0,0.3882373232149017
7526642.0,435000.0,0.23579545454545456
7526993.0,432000.0,0.2
7527038.0,317500.0,0.20426065162907267
7529287.0,372499.5,0.3991943548387097
7529611.0,374000.0,0.1956989247311828
7530957.0,584000.0,0.29637706478391307
7532158.0,385000.0,0.28703703703703703
7532409.0,447000.0,0.3800277392510402
7532413.0,447000.0,0.3847212663454921
7533067.0,401100.0,0.34780487804878046
7533556.0,403500.0,0.23867924528301887
7534504.0,377499.5,0.4489058394160584
7534677.0,507450.0,0.5381933919369506
7536161.0,367000.0,0.3327272727272727
7537750.0,317500.0,0.2474520028442759
7538716.0,497450.0,0.0787962962962963
7538755.0,634999.5,7.874015748031496e-07
7540074.0,407500.0,0.25895617384979086
7540232.0,445000.0,0.10101010101010101
7540289.0,375000.0,0.29111531190926276
7541307.0,410999.5,0.4556298013245033
7541480.0,426200.0,0.2250909090909091
7541480.0,426200.0,0.2250909090909091
7541691.0,502000.0,0.33066666666666666
7544617.0,385000.0,0.3
7546778.0,469450.0,0.3412857142857143
7546784.0,349450.0,0.1652217405801934
7547452.0,402450.0,0.3415
7548618.0,324950.0,0.14017543859649123
7550306.0,363000.0,0.11692307692307692
7550792.0,507450.0,0.37148648648648647
7551530.0,202500.0,0.11956521739130435
7552304.0,327500.0,0.28431372549019607
7556766.0,244450.0,0.06282608695652174
7557282.0,257900.0,0.35736842105263156
7559742.0,169750.0,0.22840909090909092
7560129.0,377500.0,0.06790123456790123
7560473.0,652500.0,0.02973977695167286
7560767.0,367499.5,0.1993474945533769
7563067.0,401000.0,0.005012531328320802
7563290.0,1592500.0,0.274
7563627.0,649999.5,0.07010085836909871
7564584.0,429999.5,0.27731176470588237
7565051.0,545000.0,0.2534246575342466
7565811.0,1339500.0,0.2757142857142857
7566383.0,2200000.0,0.47619047619047616
7566746.0,1497500.0,0.62468671679198
7566805.0,594950.0,0.30005882352941177
7566881.0,1175000.0,0.3472222222222222
7567272.0,184950.0,0.9536466165413534
7713380.0,355500.0,0.1635294117647059
7720403.0,392500.0,0.10252808988764045
7720577.0,212499.5,0.0760891304347826
7721791.0,172450.0,0.25021739130434784
7726833.0,332500.0,0.24431818181818182
7727899.0,334450.0,0.16366591647911977
7738806.0,417450.0,0.08428571428571428
7738806.0,417450.0,0.08428571428571428
7738942.0,734950.0,1.0135616438356165
7739503.0,215000.0,0.13157894736842105
7742322.0,384999.5,0.17910554371002133
7742546.0,386500.0,0.030666666666666665
7742709.0,479450.0,0.000937695353198583
7742727.0,432000.0,0.04
7743266.0,439999.5,0.09999875
7743742.0,469450.0,0.0549438202247191
7744711.0,346000.0,0.1240506329113924
7746482.0,409450.0,0.036588235294117644
7746876.0,410250.0,0.01358499639336379
7749464.0,340000.0,0.10526315789473684
7750297.0,396000.0,0.10000305556404324
7751524.0,385000.0,0.4312267657992565
7753120.0,404500.0,0.01125
7753884.0,502000.0,0.56875
7753960.0,387500.0,0.0472972972972973
7754745.0,222500.0,0.10642570281124498
7754820.0,377499.5,0.3062266435986159
7755533.0,492450.0,0.005151515151515152
7758134.0,349950.0,0.1074367088607595
7758717.0,218000.0,0.05217391304347826
7758717.0,218000.0,0.05217391304347826
7758717.0,218000.0,0.05217391304347826
7759801.0,357450.0,0.006901408450704225
7762197.0,402500.0,0.13380281690140844
7763444.0,387500.0,0.0388739946380697
7767260.0,374000.0,0.06265664160401002
7767511.0,197450.0,0.10989319842608207
7767710.0,317500.0,0.0078125
7768453.0,469500.0,0.14636363636363636
7768595.0,322500.0,0.07859531772575251
7768990.0,324125.0,0.1617383512544803
7768999.0,375000.0,0.2504168056018673
7769672.0,369950.0,0.1572892938496583
7771432.0,476999.5,0.403750625
7771902.0,432500.0,0.12626262626262627
7776894.0,624995.0,0.2647091695617749
7777240.0,397500.0,0.0192333826496991
7779527.0,427500.0,0.3153846153846154
7779771.0,377450.0,0.45733590733590734
7779792.0,196500.0,0.21084337349397592
7781657.0,402450.0,0.2386888273314866
7782917.0,352500.0,0.3055555555555556
7783080.0,1495000.0,0.10740740740740741
7783094.0,2075000.0,0.040100250626566414
7784589.0,470000.0,0.14545454545454545
7784930.0,360000.0,0.058823529411764705
7786772.0,2365000.0,0.19444444444444445
7787057.0,403500.0,0.23142857142857143
7787687.0,349500.0,0.21777003484320556
7788108.0,369950.0,0.042112676056338026
7789842.0,469450.0,0.03997955010224949
7791280.0,374000.0,0.23636363636363636
7791658.0,480000.0,0.102803738317757
7792301.0,1522000.0,0.045768025078369905
7792527.0,1047500.0,0.3432601880877743
7793645.0,474900.0,0.19622166246851386
7794713.0,1672000.0,0.5923809523809523
7795080.0,600000.0,0.24623115577889448
7795542.0,422000.0,0.5630208526241712
7795679.0,410250.0,0.046556122448979595
7796108.0,402450.0,0.21854217192654743
7796289.0,287500.0,0.11538461538461539
7797420.0,377500.0,0.4033457249070632
7797465.0,2279995.0,0.6888851851851852
7797910.0,712000.0,0.2170940170940171
7801086.0,700000.0,0.2631578947368421
7801604.0,402499.5,0.05920921052631579
7802573.0,169750.0,0.2522026431718062
7802771.0,1622500.0,0.4589863287762588
7805162.0,1534500.0,0.5615714285714286
7805212.0,1734500.0,0.2848148148148148
7807568.0,729000.0,0.04892086330935252
7808661.0,1262500.0,0.14772727272727273
7809372.0,723000.0,0.11230940355292854
7809621.0,1549000.0,0.4081818181818182
7810023.0,1995000.0,0.14377682403433475
7812027.0,701500.0,0.2415396259055033
7812172.0,580000.0,0.24183006535947713
7813406.0,517000.0,0.3097463284379172
7813598.0,728950.0,0.26795964515567927
7814209.0,410000.0,0.08888888888888889
7815724.0,401000.0,0.23546234509056244
7815852.0,649999.5,0.07010085836909871
7816846.0,672500.0,0.10321376183491132
7817037.0,602500.0,0.20198675496688742
7817527.0,374000.0,0.2594059405940594
7817769.0,697000.0,0.16166666666666665
7818169.0,685000.0,0.19316843345111898
7823255.0,401000.0,0.1731958762886598
7825944.0,642500.0,0.24188790560471976
7827016.0,442500.0,0.358695652173913
7833545.0,541950.0,0.3855442176870748
7834158.0,452000.0,0.3765508642080886
7835990.0,594950.0,0.3730769230769231
7836488.0,1847450.0,0.40308562197092085
7836710.0,386500.0,0.26721311475409837
7837119.0,309000.0,0.28949183720395494
7838135.0,2624000.0,0.3002666666666667
7838525.0,4600000.0,0.6714285714285714
7926877.0,400000.0,0.06955105838567109
7930645.0,440000.0,0.13708570307903511
7932062.0,440000.0,0.12871287128712872
7933159.0,744900.0,0.027448275862068966
7933259.0,472500.0,0.016129032258064516
7934398.0,410250.0,0.28605015673981193
7935556.0,354000.0,0.08923076923076922
7936924.0,400000.0,0.058823529411764705
7939079.0,404950.0,0.07965909090909092
7940592.0,356250.0,0.3861867704280156
7941311.0,387000.0,0.032
7941807.0,355000.0,0.013888888888888888
7943050.0,374000.0,0.08333333333333333
7943717.0,360000.0,0.058823529411764705
7943863.0,399999.5,0.024391463414634145
7944245.0,439500.0,0.021158129175946547
7944696.0,402450.0,0.09561797752808988
7945531.0,359950.0,0.1705691056910569
7948072.0,407450.0,0.13180555555555556
7948557.0,440000.0,0.06363055969355182
7949475.0,427450.0,0.04565751283768699
7952779.0,408000.0,0.04
7952793.0,432000.0,0.3292307692307692
7953598.0,453000.0,0.15327102803738318
7954112.0,379950.0,0.15547899533229606
7954303.0,456000.0,0.18441558441558442
7954303.0,456000.0,0.18441558441558442
7954303.0,456000.0,0.18441558441558442
7956494.0,391500.0,0.2353515625
7961570.0,414500.0,0.12736842105263158
7961572.0,437500.0,0.0770042194092827
7963174.0,469450.0,0.11407812794866956
7965254.0,403000.0,0.04047619047619048
7965358.0,408000.0,0.22285714285714286
7966543.0,405000.0,0.01250253125632814
7966763.0,374000.0,0.065
7968328.0,515000.0,0.08421052631578947
7968533.0,360000.0,0.22580645161290322
7970117.0,362500.0,0.10493827160493827
7970933.0,432000.0,0.2413793103448276
7974588.0,737500.0,0.2236842105263158
7974763.0,694950.0,0.18231556653723968
7974961.0,700000.0,0.10236220472440945
7980516.0,630000.0,0.05175292153589316
7985644.0,517000.0,0.39176470588235296
7985793.0,453000.0,0.14528301886792452
7987297.0,762500.0,0.0769774011299435
7988037.0,718500.0,0.042
7988200.0,396000.0,0.32869977962366503
7989582.0,718500.0,0.1972067039106145
7990388.0,630000.0,0.045454545454545456
7990884.0,652500.0,0.07673267326732673
7992449.0,469450.0,0.0609121824364873
7993981.0,347500.0,0.07333333333333333
7994230.0,499999.5,0.052630526315789475
7995190.0,594950.0,0.1793793103448276
7995832.0,360000.0,0.1724137931034483
7996337.0,404250.0,0.006756756756756757
7997156.0,437499.5,0.1586548076923077
7997446.0,449500.0,0.047785547785547784
7997834.0,701500.0,0.18918460756060348
7997844.0,406250.0,0.26136363636363635
7999299.0,507450.0,0.2227710843373494
7999833.0,401000.0,0.08132875143184422
8000127.0,432500.0,0.44214738246082025
8001486.0,449500.0,0.798
8002389.0,392500.0,0.03316662279547249
8005662.0,442000.0,0.5241379310344828
8006211.0,221900.0,0.05574468085106383
8006223.0,190950.0,0.09114285714285714
8006259.0,215000.0,0.0851063829787234
8006676.0,712000.0,0.03770779835112853
8008107.0,387000.0,0.29
8008191.0,474900.0,0.01257995735607676
8009397.0,594950.0,0.2563032037900474
8010095.0,398495.0,0.0397710843373494
8010806.0,697000.0,0.07230769230769231
8011268.0,1397500.0,0.34633911368015413
8012698.0,652500.0,0.125
8014363.0,178750.0,0.25052410901467503
8017346.0,369950.0,0.32736241338620614
8018206.0,732450.0,0.13829411764705882
8019410.0,469450.0,0.03997955010224949
8020026.0,743450.0,0.12432273262661955
8028544.0,734450.0,0.19291208791208792
8029336.0,476995.0,0.17617443868739205
8133324.0,402499.5,0.3461521739130435
8134481.0,712000.0,0.050666666666666665
8135281.0,739450.0,0.11707462686567165
8135663.0,1262500.0,0.025096525096525095
8139353.0,371000.0,0.17777777777777778
8141202.0,397500.0,0.5
8141435.0,617500.0,0.04131534569983136
8141981.0,469450.0,0.14645454545454545
8142941.0,388450.0,0.01658227848101266
8148307.0,352500.0,0.03424657534246575
8148328.0,402499.5,0.10273835616438357
8150472.0,394230.0,0.23450485436893204
8150495.0,411000.0,0.09070796460176991
8150756.0,399100.0,0.15978947368421054
8150858.0,387500.0,0.0472972972972973
8160320.0,482499.5,0.34797364864864866
8160551.0,480000.0,0.12727272727272726
8161087.0,457450.0,0.12011925370263513
8162843.0,439999.5,0.14563203883495146
8164876.0,642500.0,0.036290322580645164
8165157.0,499499.5,0.08348715596330275
8254801.0,497500.0,0.15677966101694915
8254989.0,360000.0,0.12832929782082325
8256646.0,477499.5,0.2925933333333333
8257519.0,380000.0,0.13432835820895522
8257898.0,432000.0,0.006896551724137931
8259262.0,442500.0,0.2575503355704698
8259477.0,397450.0,0.2035070140280561
8259505.0,515000.0,0.030002060004120007
8260416.0,497499.5,0.005001
8284588.0,662500.0,0.019230769230769232
10171844.0,336450.0,0.019545454545454546
10172176.0,219900.0,0.10005002501250625
10172427.0,537449.5,0.13174555735056542
10172463.0,198000.0,0.20305896558663716
10172903.0,219750.0,0.022093023255813953
10173283.0,344000.0,0.017142857142857144
10173905.0,344000.0,0.09206349206349207
10174348.0,325000.0,0.2777777777777778
10174467.0,282000.0,0.08441558441558442
10175825.0,324950.0,0.32160751565762
10176425.0,355000.0,0.0273972602739726
10176874.0,605000.0,0.025423728813559324
10177349.0,367450.0,0.33178759774504457
10177349.0,364950.0,0.3363338788870704
10177620.0,382400.0,0.1685148945422918
10179338.0,387500.0,0.2941712204007286
10179338.0,562500.0,0.02459016393442623
10179351.0,382400.0,0.10023529411764706
10179408.0,380000.0,0.08433734939759036
10179731.0,311500.0,0.08536585365853659
10180656.0,387499.5,0.33620978003372426
10180830.0,775000.0,0.3025210084033613
10181171.0,640000.0,0.30434782608695654
10181313.0,315000.0,0.6375143843498274
10182333.0,284950.0,0.6525
10182981.0,222500.0,0.8351851851851851
10183019.0,364950.0,0.2316842105263158
10183273.0,172400.0,0.24716157205240175
10184583.0,212500.0,0.055135615829257446
10184866.0,195000.0,0.1875
10186152.0,206999.5,0.41889326058346127
10187165.0,207500.0,0.3395739186571982
10187292.0,164950.0,0.00030303030303030303
10187634.0,172400.0,0.14933333333333335
10187983.0,339000.0,0.0761904761904762
10188351.0,355000.0,0.21783876500857632
10190023.0,191950.0,0.010795155344918378
10190404.0,214950.0,0.433
10190841.0,177450.0,0.014166666666666666
10191151.0,317000.0,0.9937106918238994
10192583.0,220000.0,0.4666666666666667
10193428.0,262500.0,1.3026315789473684
10194050.0,199950.0,0.13814655172413792
10194078.0,182500.0,0.17045454545454544
10194149.0,214900.0,0.10457960241501006
10194460.0,219950.0,0.16068601583113457
10195945.0,233950.0,0.8257355679702049
10197387.0,662500.0,0.14516129032258066
10198012.0,507450.0,0.18808
10198876.0,327500.0,0.21084337349397592
10199493.0,292500.0,0.5499307585782428
10199628.0,743500.0,17.5875
10199736.0,175000.0,0.125
10200117.0,317000.0,0.268
10203822.0,182400.0,0.01352082206598161
10204943.0,199750.0,0.42678571428571427
10205025.0,284500.0,2.6474358974358974
10205882.0,189900.0,0.0505
10205882.0,194900.0,0.0255
10206183.0,225000.0,0.7441860465116279
10206445.0,86450.0,1.2166666666666666
10207383.0,182500.0,0.25862068965517243
10207951.0,116000.0,1.32
10208263.0,83950.0,0.06618464961067853
10208601.0,344000.0,2.44
10208691.0,592500.0,9.792349726775956
10210566.0,207400.0,0.8105936073059361
10211248.0,589950.0,0.008487394957983193
10213248.0,470000.0,0.37333333333333335
10213702.0,364950.0,0.15857142857142856
10213702.0,382400.0,0.21396825396825397
10215673.0,357500.0,0.1171875
10215923.0,195000.0,0.4444444444444444
10216447.0,294500.0,0.03333333333333333
10217556.0,309950.0,0.1073597713469096
10217609.0,295000.0,0.09259259259259259
10217715.0,275000.0,0.03508771929824561
10217844.0,212500.0,0.11458333333333333
10220022.0,180000.0,0.1
10220471.0,293500.0,0.02982456140350877
10223482.0,0.0,1.0
10224328.0,180000.0,0.5652173913043478
10224945.0,89900.0,0.1251564455569462
10225769.0,214999.5,0.19444166666666668
10226417.0,187500.0,0.1942675159235669
10226527.0,179500.0,0.09798994974874371
10227465.0,92400.0,0.2607940863526908
10229065.0,93450.0,0.246
10230404.0,345000.0,0.15
10233169.0,170850.0,0.035454545454545454
10233744.0,354000.0,0.2
10233938.0,185000.0,1.3125
10235812.0,89450.0,2.5923694779116464
10235813.0,67500.0,0.3527054108216433
10236202.0,93950.0,0.21050420168067227
10236476.0,177400.0,0.07515151515151515
10240169.0,315000.0,0.2222222222222222
10240297.0,77400.0,0.10571428571428572
10241000.0,390000.0,0.3217391304347826
10243469.0,415000.0,0.3252032520325203
10244591.0,719500.0,0.027857142857142858
10244797.0,304499.5,0.4562508928571429
10245436.0,100000.0,0.5527950310559007
10245679.0,198750.0,6.136445242369838
10245910.0,79948.5,0.19971471471471472
10246422.0,86450.0,0.44083333333333335
10248247.0,104500.0,0.7711864406779662
10249716.0,227499.0,0.3382294117647059
10250603.0,307500.0,0.04591836734693878
10252978.0,165000.0,0.17857142857142858
10253550.0,199750.0,0.17569158328428489
10253817.0,310000.0,0.09620991253644315
10254987.0,152500.0,0.13805970149253732
10255482.0,217250.0,0.05952380952380952
10255654.0,262500.0,2.088235294117647
10256960.0,399900.0,0.333
10258101.0,284500.0,0.016089573028089787
10258162.0,365000.0,0.3047619047619048
10258176.0,232000.0,0.7745383867832848
10259446.0,382400.0,0.2352
10260012.0,177500.0,0.2604166666666667
10260126.0,182500.0,0.20652173913043478
10260442.0,172400.0,0.14934099560663738
10260776.0,182500.0,0.43846153846153846
10260834.0,325000.0,0.05177993527508091
10261716.0,114500.0,1.336734693877551
10262333.0,194900.0,0.11371428571428571
10262333.0,194900.0,0.11371428571428571
10262794.0,380000.0,4.428571428571429
10263912.0,86450.0,3.3225
10264409.0,287500.0,0.17857142857142858
10265739.0,190000.0,3.22231605146781
10265985.0,217450.0,0.31787878787878787
10266095.0,302500.0,0.2795903786615861
10266153.0,334500.0,0.330998661997324
10267087.0,182500.0,0.6490384615384616
10267229.0,411840.0,0.11338199513381995
10267229.0,384290.0,0.03890240605569073
10267734.0,177500.0,0.22826086956521738
10267897.0,182500.0,0.6590909090909091
10267898.0,182500.0,0.6590909090909091
10268232.0,354450.0,0.012674094707520891
10268232.0,354450.0,0.012674094707520891
10268259.0,355000.0,0.08231707317073171
10268535.0,304000.0,0.2674698795180723
10269412.0,354450.0,0.14590361445783132
10269412.0,354450.0,0.14590361445783132
10269904.0,367500.0,0.08088235294117647
10270543.0,389949.5,0.27852295081967215
10271115.0,354450.0,0.028904109589041094
10271115.0,354450.0,0.028904109589041094
10271299.0,331450.0,0.02514705882352941
10272083.0,317000.0,0.024615384615384615
10272540.0,362500.0,0.11538461538461539
10272751.0,295000.0,0.11320754716981132
10273176.0,329900.0,0.3196
10273495.0,337500.0,0.4880934324283331
10273498.0,212500.0,0.7976190476190477
10273580.0,447949.5,0.42206190476190475
10273709.0,355000.0,0.04054054054054054
10275446.0,295000.0,0.15714285714285714
10275952.0,375000.0,0.010554089709762533
10276079.0,336450.0,0.11460526315789474
10276134.0,337500.0,0.0625
10276134.0,367450.0,0.020694444444444446
10276414.0,315000.0,0.125
10278001.0,377495.0,0.05602650662665666
10278001.0,377495.0,0.05602650662665666
10278813.0,336450.0,0.03523076923076923
10279881.0,190000.0,0.08571428571428572
10280931.0,374500.0,0.3618181818181818
10281331.0,299450.0,0.03258620689655172
10281583.0,192500.0,0.0158311345646438
10283430.0,374500.0,0.1188235294117647
10284089.0,501500.0,0.23435114503816795
10284899.0,397000.0,0.35494880546075086
10288397.0,199500.0,0.05555555555555555
10288943.0,222450.0,0.028602620087336245
10290536.0,205499.5,0.17428285714285716
10290739.0,198000.0,0.1885245901639344
10291096.0,315000.0,0.03076923076923077
10291351.0,192500.0,0.125
10291735.0,389900.0,0.025006251562890724
10292605.0,296500.0,0.011337112370790263
10293321.0,207400.0,0.03489995346672871
10293321.0,214950.0,0.00023266635644485808
10294337.0,104500.0,0.12184873949579832
10294660.0,152500.0,0.12857142857142856
10295483.0,342450.0,0.5100858369098712
10295945.0,199900.0,0.11117287381878821
10298091.0,165000.0,0.1749958749793749
10298123.0,260000.0,0.0
10298409.0,84250.0,0.008823529411764706
10298725.0,214950.0,0.07528764382191096
10298888.0,316500.0,0.004761904761904762
10299703.0,437000.0,3.414141414141414
10301204.0,219750.0,0.04642857142857143
10302007.0,115000.0,0.35294117647058826
10302057.0,282000.0,1.35
10306521.0,337450.0,0.20517857142857143
10306975.0,367500.0,0.19230769230769232
10307103.0,287400.0,0.03879598662207358
10307341.0,329900.0,0.5601333333333334
10307428.0,367500.0,0.33181818181818185
10307506.0,143300.0,0.2038888888888889
10307653.0,195000.0,0.21875
10307783.0,254000.0,0.009940357852882704
10309093.0,337450.0,0.206
10310590.0,104900.0,0.23557126030624265
10311234.0,199950.0,0.14914893617021277
10313254.0,67500.0,0.37755102040816324
10313546.0,157444.0,0.21204003079291764
10313546.0,157444.0,0.21204003079291764
10314370.0,207500.0,0.18571428571428572
10315365.0,180000.0,0.02702702702702703
10315615.0,262500.0,3.375
10315868.0,172500.0,0.15
10316280.0,195000.0,0.14705882352941177
10316340.0,287500.0,0.3390804597701149
10316343.0,316500.0,0.20477386934673367
10316343.0,316500.0,0.20477386934673367
10317653.0,329450.0,0.3178
10317759.0,217500.0,0.009111617312072893
10317771.0,336450.0,0.18052631578947367
10318377.0,1387000.0,0.15583333333333332
10318964.0,677500.0,0.084
10320373.0,644900.0,0.07501250208368061
10321450.0,299450.0,0.2321794871794872
10321664.0,712499.5,0.23912956521739132
10321745.0,492500.0,0.008704557091653867
10321856.0,676500.0,0.0022222222222222222
10321912.0,1450000.0,0.05454545454545454
10322271.0,104900.0,0.23416120568961257
10323022.0,329450.0,0.34096819363872777
10323037.0,324000.0,0.1
10323560.0,287500.0,0.01950354609929078
10324428.0,294500.0,0.1461293128443027
10325415.0,172400.0,0.138
10325476.0,302500.0,0.21
10326069.0,200000.0,0.04716531681753216
10326162.0,199950.0,0.11093819475322365
10327047.0,319999.0,0.38449894210425084
10328126.0,284950.0,0.10953125
10328320.0,90000.0,0.25
10329802.0,152500.0,0.016666666666666666
10330159.0,98400.0,0.015479876160990712
10330159.0,98400.0,0.015479876160990712
10330366.0,165000.0,0.32
10330751.0,187450.0,0.185
10331010.0,192500.0,0.16666666666666666
10331047.0,624500.0,1.2311539835655592
10332191.0,402450.0,0.3642372881355932
10332566.0,197450.0,0.2102
10332607.0,214900.0,0.044464206313917294
10332802.0,334950.0,0.04272649328379537
10332802.0,309500.0,0.11546156044584167
10333372.0,84900.0,0.05561735261401557
10333644.0,79948.5,0.09149431818181818
10335328.0,192500.0,0.42592592592592593
10335553.0,187450.0,0.38851851851851854
10335926.0,89500.0,0.49166666666666664
10336475.0,362000.0,4.246376811594203
10338931.0,193950.0,0.1567391304347826
10339348.0,187450.0,0.07175528873642081
10339796.0,212500.0,0.05555555555555555
10341034.0,268250.0,0.24767441860465117
10341845.0,229450.0,0.6401000714796283
10343202.0,198000.0,0.057138367325558694
10343261.0,200499.5,0.3827551724137931
10343455.0,214900.0,0.13164823591363875
10343716.0,0.0,1.0
10344369.0,93950.0,0.1451319381255687
10344369.0,96900.0,0.11828935395814377
10344506.0,189950.0,0.08604917095483133
10345656.0,88950.0,0.6764277919243361
10346177.0,214900.0,0.04488888888888889
10349650.0,304499.5,0.06307846153846154
10351465.0,187450.0,0.07114285714285715
10352635.0,207400.0,0.09826086956521739
10352826.0,299450.0,0.15617760617760618
10353159.0,190000.0,0.23999695998783996
10353771.0,212500.0,0.1878144214645053
10354656.0,175000.0,0.2041837198726694
10354753.0,167500.0,0.24074074074074073
10355657.0,249900.0,0.6132989025177534
10356608.0,218325.0,0.008429561200923788
10357024.0,262750.0,0.07244897959183673
10358346.0,207500.0,0.5370370370370371
10358497.0,219750.0,0.2926470588235294
10358638.0,299450.0,0.1795890410958904
10358653.0,202500.0,0.0625
10359442.0,302450.0,0.3367310016030737
10359722.0,179950.0,0.04737956590788777
10359834.0,310000.0,0.19230769230769232
10360905.0,298500.0,0.17058823529411765
10361728.0,182000.0,0.0895447723861931
10363441.0,372400.0,0.18222222222222223
10363851.0,172400.0,0.04168982768204558
10365344.0,277499.5,0.267811345646438
10365614.0,279950.0,1.3329166666666667
10365725.0,315000.0,0.1250040178714924
10366018.0,345000.0,0.06153846153846154
10366018.0,345000.0,0.06153846153846154
10366148.0,182450.0,0.14102564102564102
10366272.0,317000.0,0.2541176470588235
10368910.0,57450.0,0.1792857142857143
10369216.0,189900.0,0.05002501250625312
10369216.0,194900.0,0.02501250625312656
10369446.0,312500.0,0.13636363636363635
10369851.0,214900.0,0.30242424242424243
10369908.0,304950.0,0.05519031141868512
10370595.0,209500.0,0.3977102903501281
10370595.0,209500.0,0.3977102903501281
10371563.0,457990.0,0.017755555555555556
10373602.0,277500.0,0.16108786610878661
10373711.0,357500.0,3.46875
10374443.0,104500.0,1.6125653141328533
10375911.0,104900.0,0.40053404539385845
10380308.0,214900.0,0.023181818181818182
10380308.0,214900.0,0.023181818181818182
10381992.0,427450.0,0.2763511495968946
10383134.0,305000.0,0.3146067415730337
10383661.0,552450.0,0.2107857142857143
10383951.0,336450.0,0.03843955415833095
10384055.0,372400.0,0.30666666666666664
10384084.0,179900.0,0.09141414141414142
10384101.0,677500.0,0.2257142857142857
10384327.0,277497.5,0.23973287671232876
10385484.0,295000.0,0.09259259259259259
10385772.0,370000.0,0.013333333333333334
10385876.0,207500.0,0.07777777777777778
10386254.0,169900.0,0.25807860262008736
10386426.0,362500.0,0.020005406866720737
10386426.0,367450.0,0.006623411732900784
10387429.0,200500.0,0.04523809523809524
10387720.0,115000.0,0.5575221238938053
10389285.0,255000.0,0.07272727272727272
10389790.0,198500.0,0.13428571428571429
10390394.0,172250.0,0.6098130841121495
10391343.0,292000.0,0.10153846153846154
10391849.0,357450.0,0.2998181818181818
10392083.0,189000.0,0.021621621621621623
10393058.0,342449.5,0.1942364705882353
10395558.0,179950.0,0.27991196478591435
10396621.0,311500.0,0.20270270270270271
10398258.0,172400.0,0.2963265306122449
10398294.0,311000.0,0.0798611111111111
10399774.0,179950.0,0.22735079433233146
10401732.0,172400.0,0.277037037037037
10403357.0,387499.5,0.4909561369757599
10403934.0,209950.0,0.10558188520273828
10404113.0,152500.0,0.3065029558890405
10404140.0,207400.0,0.15865921787709497
10404535.0,199900.0,0.08054054054054054
10404769.0,192000.0,0.07262569832402235
10404991.0,492000.0,5.648648648648648
10404992.0,179250.0,1.4222972972972974
10404993.0,179250.0,1.4222972972972974
10405600.0,152500.0,0.07575757575757576
10406670.0,220950.0,0.057177033492822965
10407948.0,219750.0,0.6903846153846154
10411180.0,295000.0,2.5757575757575757
10411500.0,182400.0,0.07357268981753973
10411509.0,192500.0,0.04228855721393035
10411703.0,110000.0,1.2
10411709.0,199900.0,0.0526592943654555
10411709.0,199900.0,0.0526592943654555
10411970.0,189950.0,0.46115384615384614
10412031.0,205499.5,0.08157631578947368
10413605.0,350000.0,0.0
10413717.0,275000.0,0.12836767036450078
10414137.0,549000.0,0.9263157894736842
10414609.0,219750.0,0.2557142857142857
10415016.0,167500.0,0.2593984962406015
10415510.0,197499.5,0.059526190476190476
10417073.0,209950.0,0.5551851851851852
10417100.0,116000.0,0.07125700560448359
10417626.0,157500.0,0.12580414581844174
10418746.0,194949.5,0.217070281124498
10418773.0,199950.0,0.047857142857142855
10418818.0,194999.5,0.14705588235294118
10419125.0,199900.0,0.11055555555555556
10419573.0,189999.5,0.027024324324324323
10420047.0,165000.0,0.32653061224489793
10420108.0,182500.0,0.23319327731092437
10421083.0,229450.0,0.3906060606060606
10422808.0,187500.0,0.14733969986357434
10422986.0,190000.0,0.027582477014602487
10423008.0,179250.0,0.9274193548387096
10424025.0,202500.0,0.15625
10426533.0,179450.0,0.0792714212416624
10426533.0,169900.0,0.12827090815802974
10426560.0,199950.0,0.09113636363636364
10426787.0,285900.0,0.25394736842105264
10426863.0,189950.0,0.11801059446733372
10427591.0,212500.0,0.03409090909090909
10427641.0,137500.0,0.16666666666666666
10428563.0,217250.0,0.034444444444444444
10429692.0,96900.0,0.03003003003003003
10433092.0,100000.0,0.16279069767441862
10434193.0,182400.0,0.2
10435266.0,93950.0,0.5658333333333333
10437141.0,152500.0,0.10294117647058823
10437429.0,189950.0,0.40703703703703703
10437647.0,205499.5,0.4678535714285714
10437963.0,177400.0,0.1906040268456376
10438422.0,184750.0,0.3196428571428571
10439193.0,190000.0,0.05
10439806.0,116000.0,1.1886792452830188
10439838.0,180000.0,1.4
10441289.0,84900.0,0.13351134846461948
10442828.0,114500.0,0.15656565656565657
10443263.0,220000.0,0.05982905982905983
10443525.0,207400.0,0.035348837209302326
10444703.0,209950.0,0.10558188520273828
10444991.0,567000.0,0.6925373134328359
10446720.0,317000.0,1.0063291139240507
10446862.0,209950.0,0.2004002287021155
10447104.0,267500.0,0.009259259259259259
10447247.0,307000.0,0.228
10448123.0,199499.5,0.4777740740740741
10448269.0,92000.0,0.16363636363636364
10449994.0,362000.0,0.2791519434628975
10452587.0,309500.0,0.08634608634608634
10452820.0,437450.0,0.12334669338677355
10452934.0,321500.0,0.4806138933764136
10453748.0,217250.0,0.27794117647058825
10455094.0,385400.0,0.37642857142857145
10455257.0,207500.0,0.15306122448979592
10455257.0,192500.0,0.21428571428571427
10457049.0,309500.0,0.11571428571428571
10457158.0,309000.0,0.15730337078651685
10457953.0,187500.0,0.13636363636363635
10459377.0,218250.0,0.6166666666666667
10459969.0,197499.5,0.06398341232227488
10460828.0,189450.0,0.2638425617078052
10461141.0,152500.0,0.3800813008130081
10461574.0,316500.0,0.05535178392797599
10461574.0,316500.0,0.05535178392797599
10463062.0,333950.0,0.04408316398311709
10464139.0,182250.0,0.13214285714285715
10465208.0,102450.0,0.16420454545454546
10466206.0,165000.0,0.2222222222222222
10468716.0,397000.0,0.07297297297297298
10470095.0,170000.0,0.05027932960893855
10470729.0,270000.0,0.12903225806451613
10470875.0,302500.0,0.0546875
10470998.0,344950.0,0.03619705617302493
10471027.0,315000.0,0.04516520157623522
10471027.0,292000.0,0.11488329796908155
10471947.0,275000.0,0.017857142857142856
10472478.0,316500.0,0.004761904761904762
10474095.0,549500.0,0.8316666666666667
10476794.0,329450.0,0.22018518518518518
10477009.0,324950.0,0.13346666666666668
10477369.0,296500.0,0.11466109286354136
10477661.0,709950.0,0.5811804008908686
10477699.0,402000.0,0.26238532110091745
10478097.0,220950.0,0.5782142857142857
10478251.0,198000.0,0.009995049975249876
10478904.0,296500.0,0.29404761904761906
10479781.0,182450.0,0.01361111111111111
10480381.0,297500.0,0.06446540880503145
10480397.0,262500.0,1.189324437030859
10480410.0,172400.0,0.138
10480552.0,270000.0,2.4394904458598727
10480803.0,89900.0,0.2661971830985915
10483081.0,93450.0,0.5601001669449082
10483402.0,90000.0,0.1
10483869.0,88950.0,0.36846153846153845
10485287.0,296500.0,0.06272401433691756
10486361.0,282000.0,0.09032258064516129
10487517.0,324500.0,0.045588235294117645
10487850.0,275000.0,0.0
10487892.0,198000.0,0.01020408163265306
10488926.0,447949.5,0.14676285714285714
10489931.0,175000.0,0.2971887550200803
10491802.0,192450.0,0.14466666666666667
10492128.0,217500.0,0.09296482412060302
10492313.0,758925.0,2.891923076923077
10492688.0,304500.0,0.03220338983050847
10493180.0,194450.0,0.02775
10493312.0,207387.5,0.13226987447698746
10494130.0,294500.0,0.1463768115942029
10494541.0,387500.0,0.0763888888888889
10494673.0,291950.0,0.0070714039323904795
10494960.0,194450.0,0.21211507293354942
10496207.0,387500.0,0.1400411885848779
10497283.0,213750.0,0.07065217391304347
10498700.0,112500.0,0.55
10499587.0,347500.0,0.2636363636363636
10500127.0,297000.0,0.041935483870967745
10500801.0,222200.0,0.023963133640552997
10502217.0,102450.0,0.4462162162162162
10502262.0,152500.0,0.38755020080321284
10505268.0,327500.0,0.19090909090909092
10505288.0,307250.0,0.02420080669355645
10506040.0,316500.0,0.1509090909090909
10507556.0,192450.0,0.2298919567827131
10507556.0,199900.0,0.2000800320128051
10508432.0,322500.0,0.29
10508801.0,213000.0,0.09230769230769231
10510665.0,175000.0,0.16666666666666666
10510788.0,192500.0,0.06097560975609756
10511429.0,564499.5,1.257998
10511429.0,639499.5,1.557998
10511522.0,215000.0,0.5368120085775554
10513327.0,352500.0,0.1407766990291262
10513350.0,331450.0,0.22011764705882353
10513743.0,329450.0,0.02529585798816568
10514675.0,423950.0,0.22884057971014493
10515036.0,295000.0,0.10606060606060606
10515036.0,339950.0,0.03015151515151515
10515099.0,337500.0,0.3081395348837209
10515630.0,387500.0,0.6847826086956522
10516025.0,379950.0,0.10130434782608695
10517118.0,219750.0,0.09875
10519945.0,170800.0,0.28833333333333333
10522069.0,310000.0,0.08823529411764706
10524050.0,362500.0,0.046052631578947366
10525219.0,320000.0,0.2873051224944321
10526204.0,312500.0,0.20192307692307693
10526511.0,331450.0,0.11613333333333334
10527311.0,324000.0,0.22673031026252982
10527371.0,364950.0,0.000136986301369863
10527371.0,337500.0,0.07534246575342465
10528416.0,358000.0,0.032432432432432434
10529130.0,287400.0,0.22303325223033252
10530646.0,400000.0,0.23076923076923078
10530708.0,310000.0,0.17333333333333334
10530739.0,342449.5,0.20342056292160968
10530739.0,387499.5,0.09862875087229589
10531008.0,394945.0,0.12214936652589464
10531101.0,337500.0,0.19623719933317457
10532072.0,319500.0,0.25175644028103045
10532861.0,367500.0,0.032303370786516857
10532936.0,333950.0,0.10922912776740464
10532959.0,677444.0,0.4261978947368421
10534433.0,350000.0,0.06641771138970393
10535876.0,139950.0,0.3172837699399971
10535948.0,315000.0,0.16864608076009502
10536705.0,215500.0,0.5962962962962963
10536754.0,362500.0,0.17613449121475275
10536759.0,427450.0,0.5056357872490314
10537410.0,217450.0,0.6726923076923077
10537731.0,177250.0,0.18166666666666667
10538667.0,195000.0,0.1702127659574468
10539944.0,372500.0,0.006666666666666667
10540224.0,487450.0,0.29863309352517986
10542233.0,283497.5,0.13399
10543869.0,214950.0,0.08015075376884422
10544156.0,268500.0,1.440909090909091
10544232.0,197000.0,0.19559003674969375
10544968.0,189950.0,0.15577777777777777
10545485.0,186950.0,0.2369387755102041
10546161.0,627500.0,0.004
10546360.0,294500.0,0.21466666666666667
10546537.0,192500.0,0.013157894736842105
10546781.0,186950.0,0.13046107191196238
10546782.0,219499.5,0.02093265550072326
10548059.0,229450.0,0.31114285714285717
10550388.0,88950.0,0.22652173913043477
10550659.0,284950.0,0.1398
10550660.0,195000.0,0.09302325581395349
10551484.0,192450.0,0.1455357142857143
10552149.0,220000.0,0.2222222222222222
10552849.0,195500.0,0.002564102564102564
10554959.0,209950.0,0.105
10555276.0,190000.0,0.20502092050209206
10555276.0,166500.0,0.303347280334728
10555345.0,292450.0,0.12480769230769231
10557285.0,175000.0,0.12456228114057029
10557285.0,177500.0,0.112056028014007
10558280.0,86450.0,0.21409090909090908
10558852.0,194900.0,0.39313795568263044
10559817.0,187500.0,0.0625
10561288.0,86450.0,0.1527127751776738
10561910.0,337500.0,0.22727272727272727
10561931.0,369950.0,0.026447368421052633
10562282.0,349950.0,0.1026923076923077
10563612.0,327500.0,0.14912280701754385
10563815.0,345000.0,0.18612880396319886
10564287.0,349950.0,0.05418918918918919
10564457.0,367500.0,0.08354114713216958
10564858.0,304499.5,0.18800133333333333
10565322.0,709500.0,0.24911971830985916
10565620.0,400000.0,0.2422360248447205
10566073.0,622500.0,0.08260869565217391
10567573.0,304500.0,0.01533844614871624
10568365.0,367450.0,0.22524174724908302
10568365.0,367450.0,0.22524174724908302
10568614.0,457500.0,0.22
10568703.0,310000.0,0.0
10569564.0,333950.0,0.28442307692307695
10573431.0,309500.0,0.238
10573779.0,217250.0,0.6711538461538461
10574075.0,177500.0,0.21460176991150443
10574740.0,358000.0,0.3769230769230769
10575424.0,292495.0,0.10001538461538462
10576105.0,187500.0,0.1359447004608295
10576569.0,387500.0,0.4351851851851852
10576738.0,180000.0,0.45438011518642013
10577874.0,333950.0,0.015045592705167173
10577892.0,350950.0,0.16983333333333334
10578953.0,315000.0,0.09974278365247213
10580995.0,317000.0,0.05667018890062967
10583048.0,344950.0,0.13098360655737704
10583208.0,312499.5,0.14383698630136987
10583419.0,362500.0,0.2719298245614035
10583775.0,304499.5,0.07727424242424243
10586473.0,329450.0,0.10718157181571816
10586662.0,310000.0,0.0
10587553.0,322450.0,0.05721311475409836
10587755.0,325000.0,0.14035087719298245
10587835.0,327500.0,0.12931034482758622
10588399.0,324000.0,0.03283582089552239
10588616.0,372500.0,0.33035714285714285
10588686.0,329450.0,0.030744336569579287
10590616.0,182500.0,0.43846153846153846
10591248.0,259000.0,0.21515151515151515
10593728.0,212500.0,0.3709677419354839
10597389.0,311250.0,0.0375
10600626.0,124500.0,0.920952380952381
10600712.0,471500.0,0.30148148148148146
10604248.0,199450.0,0.16895833333333332
10604546.0,282450.0,0.3275
10605746.0,447450.0,0.5167796610169492
10606059.0,217500.0,0.6111111111111112
10607595.0,174500.0,0.1274956374781874
10607783.0,197499.5,0.46295925925925924
10608014.0,187000.0,0.247498332221481
10608088.0,368944.0,1.2634601226993865
10610105.0,348900.0,1.0829850746268657
10610802.0,183450.0,0.23514696685428393
10610844.0,523500.0,1.3688318740242993
10612129.0,204000.0,0.3783783783783784
10612332.0,206500.0,0.016666666666666666
10612431.0,57450.0,0.45285714285714285
10612431.0,57450.0,0.45285714285714285
10612955.0,220950.0,0.3809375
10863057.0,487499.5,0.13371976744186045
10864158.0,440000.0,0.4521452145214521
10868212.0,627000.0,0.0032
10868568.0,402500.0,0.18686868686868688
10869569.0,460000.0,0.022222222222222223
10869748.0,680000.0,0.014492753623188406
10869876.0,397950.0,0.39704545454545453
10870513.0,377500.0,0.13218390804597702
10872748.0,449500.0,0.19588550983899822
10873862.0,357450.0,0.106375
10874079.0,461950.0,0.06676767676767677
10874900.0,464500.0,0.38066666666666665
10875557.0,649000.0,0.1094017094017094
10876889.0,497500.0,0.08175690367471189
10877671.0,422500.0,0.23177842565597667
10878517.0,409500.0,0.13552859618717505
10880493.0,762000.0,1.032
10881148.0,527450.0,0.11042105263157895
10881408.0,459450.0,0.08105882352941177
10890079.0,630000.0,0.1310344827586207
10891017.0,666999.5,0.15999913043478262
10891866.0,474500.0,0.3587837837837838
10893622.0,457450.0,0.16675774134790528
10893820.0,3825000.0,0.453180843459614
10894178.0,228499.5,0.8366694067190851
10896328.0,632000.0,0.29777777777777775
10897541.0,1146650.0,0.10066666666666667
10898175.0,1195000.0,0.5210420841683366
10898503.0,479450.0,0.12811764705882353
10899138.0,199000.0,0.8862857142857142
10900388.0,580000.0,0.17024320457796852
10901071.0,280000.0,0.8
10901971.0,665000.0,0.25196850393700787
10903204.0,757250.0,0.52671875
10903540.0,559950.0,0.3087037037037037
10903676.0,459950.0,0.54005
10904159.0,1424999.5,0.24802137203166227
10904308.0,497500.0,0.6098039215686275
10904949.0,1475000.0,0.6424242424242425
10905981.0,525000.0,0.5227272727272727
10906723.0,530000.0,0.0001887148518588413
10907003.0,835000.0,0.3576923076923077
10907583.0,1217500.0,0.521875
10907584.0,500000.0,0.5454545454545454
10907584.0,500000.0,0.5454545454545454
10907869.0,471900.0,0.5782608695652174
10908926.0,812475.0,0.12164864864864865
10909808.0,764950.0,0.38755004003202564
10910024.0,386400.0,0.5316363636363637
10910052.0,388900.0,0.037066666666666664
10910483.0,403750.0,0.3641732283464567
10910530.0,472500.0,0.36991598879850646
10987237.0,457450.0,0.183125
11258033.0,393000.0,0.15588235294117647
11260019.0,407500.0,0.021303258145363407
11261500.0,379000.0,0.2721237081566961
11261555.0,223750.0,0.047872340425531915
11262201.0,332400.0,0.023084025854108958
11262220.0,204950.0,0.03439340400471143
11262511.0,214950.0,0.06502827316224445
11267616.0,279949.5,0.1109892029215624
11268920.0,507500.0,0.8454545454545455
11269670.0,206450.0,0.2512121212121212
11270955.0,196950.0,0.12542857142857142
11272687.0,184950.0,0.21230834752981262
11272784.0,227450.0,0.1977356503422854
11281637.0,199800.0,1.026369168356998
11282103.0,371000.0,0.437984496124031
11283077.0,371540.0,0.3316845878136201
11284250.0,317400.0,0.22077392605356175
11284260.0,326700.0,0.2328301886792453
11287151.0,312450.0,0.2648235294117647
11287505.0,199800.0,0.8821238938053098
11288108.0,322500.0,0.16233766233766234
11289894.0,284450.0,0.5847445255474453
11296796.0,173400.0,0.0034482758620689655
11296896.0,304900.0,1.5408333333333333
11306890.0,212500.0,0.11458333333333333
11308689.0,166950.0,0.07779212395093608
11310004.0,304900.0,0.12967765839199705
11311198.0,324950.0,0.16095033940693104
11312227.0,350000.0,0.4232749742533471
11313019.0,182500.0,0.15076779897626802
11313240.0,378062.5,0.16726321585903084
11315809.0,287449.5,1.3954125
11315817.0,304900.0,11.196
11316703.0,80000.0,0.14449213161659513
11323876.0,207500.0,0.011904761904761904
11324193.0,119500.0,0.29891304347826086
11324466.0,80000.0,0.7817371937639198
11324537.0,69950.0,0.5239651416122004
11325502.0,324950.0,0.2998
11326361.0,399500.0,0.1925373134328358
11326527.0,287449.5,1.874495
11327947.0,212500.0,0.03365165984538426
11328799.0,194950.0,0.15239130434782608
11332920.0,225710.0,0.4075853018372703
11335617.0,226500.0,0.3168604651162791
11341159.0,465000.0,0.38735177865612647
11343449.0,204950.0,0.29305993690851734
11344022.0,395950.0,0.27348623853211007
11353073.0,302450.0,9.115384615384615
11354998.0,340000.0,0.0625
11356118.0,205950.0,0.15904450796243363
11357244.0,199949.5,0.11133555555555555
11357551.0,116150.0,0.7311342592592592
11358345.0,399499.5,0.01139113924050633
11360767.0,359495.0,0.08970900272809942
11363123.0,188950.0,0.05558659217877095
11364699.0,204000.0,0.36
11364885.0,370562.5,0.03999352331606218
11369099.0,308700.0,0.2280570142535634
11369793.0,385062.5,0.13253676470588235
11373798.0,359900.0,0.4463076923076923
11374303.0,218700.0,0.8674545454545455
11374809.0,264500.0,0.2652777777777778
11374880.0,332400.0,0.30589053367495883
11375711.0,230000.0,0.6911764705882353
11376041.0,365189.5,0.1415739293529228
11376271.0,402450.0,5.191538461538461
11378704.0,166950.0,0.2852193995381062
11379343.0,224950.0,0.09731707317073171
11379597.0,119500.0,5.005025125628141
11382013.0,259999.5,1.9885
11382724.0,222400.0,0.07294706127553147
11382802.0,287450.0,3.798831385642738
11383393.0,371200.0,0.4276923076923077
11383522.0,295000.0,0.11362778406946017
11384099.0,116150.0,1.191509433962264
11388124.0,378062.5,0.16172394678492238
11392999.0,210000.0,0.05405405405405406
11393279.0,183450.0,0.22757894736842105
11393711.0,206500.0,0.007317073170731708
11394520.0,69950.0,0.22277777777777777
11394671.0,196950.0,0.5161662817551963
11394929.0,222400.0,0.09224489795918367
11395295.0,222400.0,0.03441860465116279
11395570.0,220000.0,0.043478260869565216
11395757.0,205000.0,0.1717171717171717
11396393.0,210000.0,0.13513513513513514
11396773.0,387040.0,0.4886153846153846
11396861.0,359900.0,0.5760895170789164
11397327.0,182500.0,0.13095238095238096
11398629.0,279500.0,0.21267605633802816
11402419.0,302500.0,0.11003236245954692
11402643.0,374500.0,0.20149253731343283
11402828.0,69900.0,0.165
11405075.0,287495.0,0.045816660603855947
11405132.0,317400.0,0.023084025854108958
11405161.0,317500.0,0.09520524318730597
11406994.0,372450.0,0.2419139713237746
11407612.0,407000.0,0.246156695684386
11410101.0,212450.0,0.07297979797979798
11410794.0,371540.0,0.07692753623188406
11411448.0,324950.0,0.015303030303030303
11411860.0,239950.0,0.8399266177451634
11415472.0,218700.0,0.5082758620689655
11417182.0,304900.0,3.418840579710145
11417547.0,206450.0,0.16754032258064516
11419812.0,367500.0,0.33169667212220405
11419966.0,181450.0,0.2513793103448276
11419977.0,181450.0,0.2513793103448276
11420452.0,209950.0,0.105
11420464.0,194950.0,0.2996666666666667
11420859.0,324950.0,0.3158947368421053
11429284.0,332400.0,0.21788235294117647
11429465.0,399500.0,0.06440281030444965
11429789.0,324950.0,0.27431372549019606
11430004.0,205000.0,0.08888888888888889
11430411.0,204950.0,0.1798719487795118
11433042.0,287449.5,1.4155420168067228
11436180.0,206450.0,0.5640151515151515
11436822.0,402450.0,0.341947315771924
11436961.0,214950.0,0.3011501210653753
11437527.0,209950.0,0.05640449438202247
11439708.0,166950.0,0.2407912687585266
11440026.0,310000.0,0.2204724409448819
11441497.0,385062.5,0.14944029850746268
11444575.0,177000.0,0.889375
11445541.0,190050.0,0.4064754856614246
11450882.0,215000.0,0.044019564250778125
11450896.0,105000.0,0.10485933503836317
11451234.0,198150.0,1.2016666666666667
11453153.0,325000.0,0.031746031746031744
11455082.0,218750.0,0.6203703703703703
11455266.0,214950.0,0.10400166736140058
11455706.0,166950.0,0.11149547631718999
11460182.0,279500.0,0.4053191489361702
11460513.0,332450.0,0.07276540819619232
11468682.0,226250.0,0.05689870779491455
11468831.0,302500.0,0.1357142857142857
11468832.0,279500.0,0.2797876726448155
11469530.0,210000.0,0.10638297872340426
11470377.0,324950.0,0.14464332719136616
11473898.0,204000.0,0.2215568862275449
11474095.0,324900.0,0.01562988433885589
11474374.0,312000.0,0.11428571428571428
11479006.0,370950.0,0.34939978173881414
11482537.0,259999.5,2.768108695652174
11484283.0,210000.0,0.2
11488455.0,69950.0,0.3917391304347826
11491376.0,220000.0,0.6936104695919938
11492110.0,181450.0,0.14191315292636877
11492709.0,116150.0,1.1118181818181818
11493254.0,223750.0,0.047872340425531915
11493487.0,204000.0,0.09333333333333334
11494519.0,407500.0,0.16428571428571428
11494825.0,304900.0,0.21619537275064268
11499041.0,156900.0,0.21510755377688845
11499465.0,350000.0,0.32676269901440486
11508281.0,210000.0,0.21795615357847117
11510268.0,399450.0,0.2802702702702703
11510481.0,1812500.0,0.02112676056338028
11510629.0,389450.0,0.21323232323232325
11510647.0,564500.0,0.3358042122602659
11511103.0,210000.0,0.10526315789473684
11511338.0,156900.0,0.10342857142857143
11512589.0,379000.0,0.013342011064106736
11513109.0,317450.0,0.02403225806451613
11513146.0,357450.0,0.3254387620305718
11513773.0,385062.5,0.035114247311827954
11514060.0,465000.0,0.0950142705085576
11514744.0,378062.5,0.20907426778242677
11515303.0,367500.0,0.05030008573878251
11515666.0,385062.5,0.07860644257703081
11516483.0,319949.5,1.9112784349408554
11516884.0,370950.0,0.42673076923076925
11519986.0,125000.0,0.0
11520829.0,312500.0,0.20192307692307693
11522525.0,317400.0,0.20451127819548873
11528554.0,224999.5,0.8200004
11529282.0,371000.0,0.11645629911883781
11532282.0,357500.0,0.375
11532340.0,207450.0,0.06384615384615384
11534158.0,344900.0,0.16915254237288135
11534720.0,192450.0,0.03726863431715858
11539518.0,69950.0,62.59090909090909
11539833.0,211125.0,0.29128440366972475
11544680.0,496326.0,0.13682434782608696
11545028.0,405950.0,0.3536178726242081
11547274.0,295000.0,0.02608695652173913
11554407.0,116150.0,0.22263157894736843
11554521.0,192500.0,0.2038774233896185
11554530.0,224950.0,0.1535897435897436
11556047.0,80000.0,0.14449213161659513
11556287.0,224950.0,0.13040201005025126
11558861.0,329950.0,0.11847457627118645
11559336.0,116150.0,0.7103491271820449
11565233.0,217500.0,0.011627906976744186
11565262.0,152400.0,0.3583157894736842
11567806.0,214950.0,0.13131578947368422
11570318.0,182500.0,0.1511627906976744
11570737.0,339950.0,0.10016181229773463
11570763.0,392450.0,0.3650434782608696
11571537.0,507500.0,0.8866171003717472
11571590.0,641500.0,3.19281045751634
11573808.0,324950.0,0.10152542372881355
11583772.0,214950.0,0.13674698795180723
11585177.0,367450.0,0.349646017699115
11585615.0,351499.5,0.08153692307692308
11585741.0,192500.0,0.012314007183170857
11585804.0,349950.0,0.5000714285714286
11587828.0,190000.0,0.20800333472280116
11588796.0,204000.0,0.275
11588855.0,404826.0,0.1566125
11590877.0,371250.0,0.12503409194218007
11597055.0,184950.0,0.1559375
11599689.0,379450.0,0.11635775228008238
11604129.0,201000.0,0.03076923076923077
11604176.0,204950.0,0.05102564102564103
11605703.0,204950.0,0.024047619047619047
11606037.0,190050.0,0.14391891891891892
11606121.0,197450.0,0.5200153964588144
11609868.0,210000.0,0.05052526263131566
11609938.0,340000.0,0.13333333333333333
11610311.0,197000.0,0.17573221757322174
11611378.0,232450.0,0.13390243902439025
11611450.0,190050.0,0.11604651162790698
11611545.0,407000.0,0.0175
11612501.0,324900.0,0.3488977955911824
11612536.0,198150.0,0.6076237623762376
11612750.0,399500.0,0.28596961572832885
11612896.0,335850.0,0.4833076923076923
11615326.0,407500.0,0.362876254180602
11615357.0,105000.0,0.10526315789473684
11616436.0,319900.0,0.20024800062000156
11617687.0,370562.5,0.2804611650485437
11618459.0,302500.0,0.025423728813559324
11620270.0,222250.0,0.8147916666666667
11622401.0,407500.0,0.5119760479041916
11622606.0,356000.0,0.2865731462925852
11622832.0,358850.0,0.07899175834914411
11623123.0,352500.0,0.21593652983787512
11624955.0,367450.0,0.05286532951289398
11625043.0,261900.0,0.680609756097561
11625256.0,285000.0,0.592274678111588
11625526.0,189999.5,0.7456499330655957
11628673.0,1375000.0,0.05821917808219178
11631329.0,384950.0,0.01798469387755102
11632145.0,190000.0,0.0379746835443038
11634921.0,399500.0,0.03734939759036145
11635626.0,334950.0,0.16241560390097523
11636214.0,407500.0,0.1880466472303207
11639517.0,302500.0,0.24185463659147868
11642301.0,212450.0,0.03431818181818182
11642478.0,283700.0,0.07056603773584906
11643278.0,416500.0,0.45088991430454844
11645459.0,166950.0,0.14427690198766277
11645586.0,209950.0,0.4579861111111111
11646001.0,166450.0,0.12394736842105263
11646130.0,175000.0,0.12456228114057029
11647497.0,106150.0,0.07695652173913044
11649409.0,214950.0,0.3434375
11650403.0,227500.0,0.13806903451725863
11650949.0,215000.0,0.07327586206896551
11653180.0,224950.0,0.4059375
11655333.0,279450.0,0.27415584415584415
11655378.0,181450.0,0.4516
11655831.0,332650.0,0.1884601643444087
11656182.0,324950.0,0.12439446366782007
11656378.0,192500.0,0.22969187675070027
11658282.0,334950.0,0.043
12938492.0,190500.0,0.0475
12990713.0,420000.0,0.10638297872340426
12991213.0,383091.0,0.14868666666666666
12997738.0,459000.0,0.023404255319148935
12997935.0,424700.0,0.10589473684210526
12998304.0,494750.0,0.14550949913644215
12998428.0,347500.0,0.22777777777777777
13000310.0,394500.0,0.09101382488479262
13022999.0,507250.0,0.07755955628296053
13023077.0,324950.0,0.18742185546386597
13026747.0,229997.5,0.6166069344890815
13026977.0,432500.0,0.373015873015873
13027514.0,420000.0,0.11578947368421053
13044946.0,589499.5,7.421421428571429
13045112.0,589499.5,7.421421428571429
13045357.0,383850.0,0.2382258064516129
13046924.0,440750.0,0.4696565521840613
13055613.0,522250.0,0.5360294117647059
13055622.0,452500.0,0.11728395061728394
13055840.0,261900.0,0.11446808510638298
13056533.0,1499949.5,0.30430391304347826
13056681.0,630000.0,0.2587363219202259
13056865.0,517250.0,0.2278559998089233
13270385.0,514750.0,0.09527568605004968
13271868.0,412500.0,0.26339285714285715
13274002.0,547500.0,0.02913533834586466
13275365.0,372400.0,0.20427350427350427
13275548.0,437450.0,0.02788888888888889
13275678.0,447000.0,0.027586206896551724
13276210.0,742500.0,0.0666247642991829
13276702.0,411950.0,0.251
13276970.0,520000.0,0.09243697478991597
13278215.0,350000.0,0.12478119529882471
13278802.0,462500.0,0.10886319845857419
13279129.0,515000.0,0.04040404040404041
13279400.0,444500.0,0.012222222222222223
13279460.0,461925.0,0.04757731958762887
13280447.0,452500.0,0.17712311329332606
13280902.0,502510.0,0.09457657657657657
13281640.0,440000.0,0.3713387626803829
13282414.0,502500.0,0.11666666666666667
13282690.0,452500.0,0.08585858585858586
13282817.0,479500.0,0.07752808988764046
13284445.0,635000.0,0.11805555555555555
13285462.0,697500.0,0.24594594594594596
13288037.0,429000.0,0.2543859649122807
13289467.0,420000.0,0.18446601941747573
13292323.0,687500.0,0.04324734446130501
13294667.0,540000.0,0.136
13294852.0,648750.0,0.5315884476534296
13295040.0,741722.0,0.16806614173228346
13295775.0,1267500.0,0.3185483870967742
13296094.0,687500.0,0.05172413793103448
13296161.0,687500.0,0.01079136690647482
13296266.0,600000.0,0.03923138510808647
13298526.0,734500.0,0.14765625
13299163.0,687500.0,0.13522012578616352
13301515.0,450000.0,0.09090909090909091
13303171.0,699950.0,0.138130081300813
13304119.0,664750.0,0.1195364238410596
13304646.0,647500.0,0.13666666666666666
13306441.0,710000.0,0.16393442622950818
13309320.0,333000.0,0.30625
13309977.0,462000.0,0.5136842105263157
13310179.0,505000.0,0.12173913043478261
13311094.0,1170607.5,0.06418863636363636
13312989.0,444500.0,0.3161538461538462
13315977.0,464986.5,0.34778695652173913
13317381.0,334000.0,0.5221745350500715
13317565.0,407500.0,0.07236842105263158
13317584.0,307500.0,0.40865384615384615
13317702.0,331500.0,0.15
13319753.0,377500.0,0.16111111111111112
13320145.0,850450.0,0.23972303206997084
13320910.0,627000.0,0.0007968127490039841
13321812.0,437000.0,0.126
13322545.0,687500.0,0.11290322580645161
13322876.0,462000.0,0.278125
13322879.0,680000.0,0.1724137931034483
13323008.0,433675.0,0.046868131868131865
13323130.0,375000.0,0.1935483870967742
13323319.0,667500.0,0.09941693843265145
13325126.0,1830000.0,0.07647058823529412
13325171.0,1262500.0,0.2785714285714286
13325322.0,1074783.0,0.1811177142857143
13325848.0,642250.0,0.2443228615131192
13327533.0,697500.0,0.04452054794520548
13327587.0,1145607.5,0.354587323943662
13327888.0,2900000.0,0.3554123138475217
13328643.0,344500.0,0.23444444444444446
13329185.0,615000.0,0.27647058823529413
13329414.0,383850.0,0.0236
13330075.0,351500.0,0.07475651487233483
13330335.0,307500.0,0.35924150864763493
13331330.0,372249.0,0.255502
13332504.0,364950.0,0.258448275862069
13332751.0,440000.0,0.34328358208955223
13333586.0,2375000.0,0.2578125
13334609.0,314997.5,0.28246583143507975
13334643.0,417500.0,0.07632743362831858
13335664.0,394250.0,0.10377358490566038
13336942.0,480000.0,0.4838709677419355
13337253.0,395950.0,0.2458095238095238
13338146.0,522500.0,0.005774783445620789
13338560.0,422500.0,0.2318181818181818
13339427.0,1525000.0,0.27615062761506276
13339438.0,512500.0,0.2974683544303797
13339938.0,472500.0,0.038461538461538464
13340437.0,381250.0,0.30045871559633025
13340944.0,427000.0,0.0069767441860465115
13341679.0,385000.0,0.20618556701030927
13343790.0,475000.0,0.12037037037037036
13344199.0,429500.0,0.07644110275689223
13344987.0,700000.0,0.0967741935483871
13345227.0,1133210.5,0.0070140157639007545
13348593.0,464950.0,0.13898148148148148
13349468.0,347450.0,0.29808080808080806
13350435.0,1324999.5,0.2619042857142857
13352899.0,1133107.5,0.06645411764705883
13353018.0,1375000.0,0.1863905325443787
13353402.0,322000.0,0.33608247422680415
13353434.0,430500.0,0.03258426966292135
13354618.0,1467500.0,0.30444444444444446
13355732.0,423450.0,0.4910456730769231
13358364.0,642500.0,0.06204379562043796
13360370.0,509500.0,1.2644444444444445
13360742.0,505000.0,0.0380952380952381
13361712.0,362500.0,0.20833333333333334
13362494.0,507250.0,0.1272222222222222
13362553.0,489986.5,0.020027
13364449.0,457450.0,0.03694736842105263
13366344.0,462450.0,0.15918181818181817
13366673.0,497500.0,0.5071190548318691
13367493.0,427500.0,0.0034965034965034965
13368066.0,476925.0,0.09637931034482759
13368347.0,445000.0,0.14340712223291627
13369384.0,374700.0,0.6234170854271357
13372257.0,712000.0,0.20800889877641823
13372343.0,1847500.0,0.24591836734693878
13372558.0,1445000.0,0.42084168336673344
13372689.0,1375000.0,0.2838541666666667
13372981.0,1170607.5,0.24476935483870968
13373236.0,2249950.0,0.05265263157894737
13374443.0,1572500.0,0.6343023255813953
13374469.0,1375000.0,0.5703125
13374947.0,2010000.0,0.0532934554788875
13377066.0,1262000.0,0.29693593314763234
13379099.0,452500.0,0.19196428571428573
13380723.0,425000.0,0.15
13380805.0,404986.5,0.01627728983688833
13383556.0,453925.0,0.09756461232604374
13386025.0,687500.0,0.15546218487394958
13387736.0,449500.0,0.7501389660922735
13387944.0,1425000.0,0.32558139534883723
13388964.0,422499.5,0.03758656036446469
13389103.0,502510.0,0.08634545454545454
13389760.0,712500.0,0.05555555555555555
13390034.0,505000.0,0.00980392156862745
13390138.0,474950.0,0.187375
13390453.0,547500.0,0.039473684210526314
13391576.0,462000.0,0.4225
13392499.0,464999.5,0.3007526315789474
13392719.0,593570.0,0.19679296346414074
13393085.0,376500.0,0.23446670382635496
13394223.0,1947500.0,0.8116279069767441
13396476.0,685000.0,0.15950920245398773
13398614.0,749950.0,2.1643459915611816
13399716.0,244500.0,0.29365079365079366
13400071.0,414950.0,0.5089090909090909
13400522.0,211250.0,0.005952380952380952
13400591.0,191000.0,0.15060240963855423
13400818.0,205000.0,0.179671868747499
13400917.0,205000.0,0.10830795998260113
13400956.0,175500.0,0.11363636363636363
13401746.0,451000.0,0.45483870967741935
13402874.0,1501250.0,0.25104166666666666
13403548.0,412500.0,0.09340659340659341
13403818.0,680000.0,0.1952662721893491
13404033.0,460000.0,0.16455696202531644
13404297.0,204450.0,0.09133333333333334
13405187.0,510000.0,0.20930232558139536
13405257.0,386245.0,0.2642952380952381
13405539.0,682750.0,0.1302547770700637
13406684.0,388500.0,0.44492070295756536
13407263.0,715000.0,0.08333333333333333
13407465.0,442500.0,0.369969040247678
13409031.0,557500.0,0.20413990007137758
13410938.0,417499.5,0.1928557142857143
13411226.0,370000.0,0.40737923164701406
13411700.0,514750.0,0.3565625
13412040.0,514750.0,0.29965986394557825
13412291.0,609894.0,0.33635038084874863
13412830.0,707700.0,0.1208695652173913
13413078.0,331500.0,0.6583291645822912
13413099.0,347450.0,0.19810344827586207
13413530.0,687500.0,0.1956521739130435
13414225.0,442500.0,0.18055555555555555
13415150.0,394500.0,0.10136674259681093
13415235.0,692450.0,0.0035507246376811595
13415825.0,685000.0,0.02142857142857143
13416841.0,712500.0,0.18571428571428572
13417323.0,331000.0,0.0030303030303030303
13418551.0,422500.0,0.3412698412698413
13418875.0,347450.0,0.3898
13419644.0,307500.0,0.24261083743842365
13420382.0,632500.0,0.1
13420644.0,599500.0,0.0006467874003147254
13424271.0,329500.0,0.010510510510510511
13424417.0,700000.0,0.10485933503836317
13426122.0,394500.0,0.2309941520467836
13426773.0,208000.0,0.07514450867052024
13427427.0,810000.0,0.2
13427912.0,191250.0,0.06707317073170732
13430301.0,512500.0,0.08465797463832828
14222893.0,309725.0,0.3479473684210526
14224389.0,497450.0,0.32319727891156463
14224737.0,1277497.5,0.5437508928571428
14224989.0,844950.0,0.13416107382550335
14237457.0,447111.0,0.48010348837209305
14238020.0,354950.0,0.01443269505573021
14238020.0,373950.0,0.06873392397827952
14239152.0,482450.0,0.05338427947598253
14239986.0,720000.0,0.1165644171779141
14241371.0,317275.0,0.4230314602655028
14245175.0,384450.0,0.207319587628866
14246645.0,662500.0,0.031149458906112898
14247130.0,667495.0,0.12184033613445377
14255000.0,410000.0,0.2545454545454545
14260067.0,662500.0,0.10416666666666667
14260307.0,625000.0,0.10701528789827118
14260417.0,377450.0,0.13229885057471263
14262839.0,377450.0,0.07939024390243903
14266704.0,354000.0,0.22538293216630198
14267122.0,687500.0,0.041666666666666664
14267342.0,474000.0,0.682943143812709
14267659.0,754000.0,0.1617873651771957
14268288.0,420000.0,0.16
14271459.0,330000.0,0.17293233082706766
14273420.0,385000.0,0.02531645569620253
14273420.0,402500.0,0.0189873417721519
14276126.0,650000.0,0.13043478260869565
14276553.0,732500.0,0.1910569105691057
14284524.0,340000.0,0.07628996517885407
14287197.0,455000.0,0.29544750696810157
14290467.0,202500.0,0.0125
14293075.0,319950.0,0.0665
14295611.0,389950.0,0.19597938144329896
14298178.0,615000.0,0.06956521739130435
14298232.0,547500.0,0.04285714285714286
14298301.0,625000.0,0.1258729033187459
14301844.0,407500.0,0.1043360433604336
14302130.0,487000.0,0.02526315789473684
14302215.0,344950.0,0.13740935233808452
14305567.0,328450.0,0.4028181818181818
14306346.0,649500.0,0.23588235294117646
14308760.0,344400.0,0.09333333333333334
14309368.0,224950.0,0.182
14310094.0,300000.0,0.05263157894736842
14311128.0,249450.0,0.06148936170212766
14311482.0,364500.0,0.458
14313584.0,344900.0,0.2774074074074074
14314438.0,219500.0,0.04565217391304348
14315027.0,284950.0,0.01767857142857143
14319417.0,707500.0,0.1793632272045341
14319742.0,2025000.0,0.5
14320383.0,2412500.0,0.34401114206128136
14327965.0,295450.0,3.014320846750635
14328127.0,337500.0,0.0546875
14328939.0,394999.5,0.507631679389313
14329631.0,409500.0,0.4368421052631579
14330264.0,204400.0,0.49306062819576335
14330408.0,236400.0,0.04648074369189907
14330413.0,233900.0,0.0129926375054136
14339784.0,437500.0,0.0992462311557789
14341200.0,363000.0,0.17096774193548386
14342571.0,340000.0,0.13333711112370375
14343102.0,337000.0,0.008531921153280376
14343249.0,377450.0,0.2794915254237288
14345427.0,222450.0,0.05928571428571429
14348983.0,389900.0,0.06851192107426693
14350783.0,364900.0,0.43098039215686273
14352141.0,459450.0,0.12334963325183373
14354360.0,599900.0,0.23690721649484536
14354630.0,440000.0,0.6929588303193536
14371065.0,347500.0,0.1482843137254902
14373515.0,324900.0,0.2996
14374094.0,367000.0,0.13647058823529412
14376848.0,359950.0,0.3844230769230769
14380739.0,327450.0,0.10252525252525252
14380838.0,411500.0,0.003658536585365854
14382117.0,322500.0,0.3417023882424985
14389825.0,667000.0,0.1105480730764102
14390035.0,677450.0,0.12587096774193549
14391575.0,464950.0,0.09718446601941748
14392606.0,320000.0,0.2289156626506024
14393194.0,349950.0,0.014225352112676056
14393304.0,699399.5,0.07599923076923076
14393488.0,630000.0,0.008
14393488.0,630000.0,0.008
14396447.0,316000.0,0.19245283018867926
14396815.0,370000.0,0.22719734660033167
14397736.0,222499.5,0.3088205882352941
14400189.0,355000.0,0.14457831325301204
14400189.0,375000.0,0.0963855421686747
14403258.0,409000.0,0.14791666666666667
14406657.0,399499.5,0.025610975609756097
14406712.0,394500.0,0.052
14409152.0,420500.0,0.08586956521739131
14409997.0,347500.0,0.13103275818954738
14417673.0,332813.0,0.32078979591836737
14417844.0,369500.0,0.27854671280276816
14417926.0,455000.0,0.1636828644501279
14417935.0,772250.0,0.29789915966386554
14420683.0,387450.0,0.19215384615384615
14421566.0,442500.0,0.19545454545454546
14426651.0,384500.0,0.13595505617977527
14426659.0,320825.0,1.275354609929078
14427161.0,200000.0,0.13043478260869565
14427280.0,160000.0,0.2727272727272727
14427956.0,172500.0,0.2159090909090909
14429539.0,204500.0,0.44014084507042256
14431159.0,429850.0,0.32261538461538464
14435870.0,340450.0,0.16943156867528666
14438762.0,181000.0,0.2759971039884159
14441868.0,82500.0,0.08333333333333333
14442269.0,434000.0,0.2579710144927536
14442625.0,319750.0,0.058774834437086095
14442932.0,377000.0,0.3464285714285714
14443632.0,357450.0,0.10018467220683287
14444679.0,470365.5,0.1788609022556391
14445744.0,237500.0,0.23387096774193547
14445862.0,299450.0,0.4296190476190476
14445961.0,405000.0,0.3135593220338983
14446367.0,369500.0,0.17888888888888888
14446679.0,393250.0,0.2509523809523809
14447894.0,195000.0,0.20375663536137198
14448610.0,222500.0,0.057203389830508475
14449327.0,339450.0,0.001323918799646955
14451780.0,202500.0,0.35
14453126.0,225000.0,0.022727272727272728
14455472.0,397000.0,0.2973451327433628
14456691.0,452500.0,0.0077951002227171495
14457155.0,403000.0,0.2672727272727273
14458138.0,339950.0,0.03171471927162367
14459951.0,192500.0,0.10465116279069768
14462451.0,312000.0,0.3276595744680851
14464369.0,328999.5,0.19756219512195122
14465195.0,670000.0,0.028985507246376812
14465654.0,1537500.0,0.10215053763440861
14466282.0,617444.0,0.36672410256410254
14466329.0,787000.0,0.11473565804274466
14466542.0,642450.0,0.2350875104179069
14467540.0,300000.0,0.001669449081803005
14468003.0,457500.0,0.2779356060606061
14469931.0,443712.5,0.6239724576271186
14478822.0,543500.0,0.09265442404006678
14479179.0,375000.0,0.6052631578947368
14481886.0,207499.5,0.016590047393364928
14483014.0,315900.0,0.10842105263157895
14483367.0,342250.0,0.31634615384615383
14485437.0,339500.0,0.17109348051052087
14487579.0,225000.0,0.03211009174311927
14489014.0,375000.0,0.22950819672131148
14489304.0,360000.0,0.42292490118577075
14489354.0,374500.0,0.4521132221791392
14490020.0,324950.0,0.01578618318224445
14490082.0,318500.0,0.06166666666666667
14490970.0,1100000.0,4.945945945945946
14491221.0,328450.0,0.2536259541984733
14491697.0,199950.0,0.13027403218790778
14491701.0,197500.0,0.15598290598290598
14492859.0,197450.0,0.16147058823529412
14493173.0,188900.0,0.25933333333333336
14493173.0,188900.0,0.25933333333333336
14493392.0,364500.0,0.2879858657243816
14495114.0,369995.0,0.1745873015873016
14495249.0,442450.0,0.017126436781609196
14498437.0,122250.0,0.5911371237458194
14500764.0,212450.0,0.05577777777777778
14502807.0,377500.0,0.23770491803278687
14505840.0,207450.0,0.078
14506377.0,359450.0,0.15989028718941595
14506823.0,159950.0,1.9134790528233152
14507595.0,762000.0,0.13898305084745763
14507724.0,1272500.0,0.2119047619047619
14508163.0,1085000.0,0.5177777777777778
14508902.0,799500.0,0.25905511811023624
14508902.0,799500.0,0.25905511811023624
14512207.0,359995.0,0.04001333333333333
14513175.0,318500.0,0.16162147933666754
14513650.0,336000.0,0.26956521739130435
14513801.0,675450.0,0.2989423076923077
14515096.0,332450.0,0.3298
14516286.0,364950.0,0.1062443164595332
14516328.0,343500.0,0.041224613519248256
14517801.0,400000.0,0.058823529411764705
14520373.0,774500.0,0.13463687150837989
14523983.0,372950.0,0.13247266806234007
14526433.0,180000.0,5.101694915254237
14528469.0,225000.0,0.022727272727272728
14532173.0,299750.0,0.002508361204013378
14532203.0,304950.0,0.06169230769230769
14532408.0,522500.0,0.18231611893583724
14532413.0,1597500.0,0.01751592356687898
14532413.0,1827500.0,0.16401273885350318
14532620.0,472500.0,0.2616033755274262
14532773.0,444500.0,0.11099822199644399
14533102.0,335000.0,0.6171428571428571
14538346.0,205500.0,0.08666666666666667
14538965.0,344400.0,0.28989690721649486
14543184.0,474950.0,0.11779242174629324
14543522.0,427450.0,0.3609657646882942
14543624.0,769950.0,0.18453846153846154
14544977.0,357500.0,0.35
14549740.0,1249500.0,0.2894736842105263
14549901.0,804500.0,0.42122302158273384
14550027.0,362450.0,0.341
14552375.0,202400.0,0.8437065637065637
14553235.0,442500.0,0.05357142857142857
14555208.0,720000.0,0.24210526315789474
14555365.0,459500.0,0.29307692307692307
14555801.0,987542.5,0.2838705583756345
14555975.0,320950.0,0.3312845088030003
14556275.0,320950.0,0.3579715943188638
14556855.0,632500.0,0.12758620689655173
14556855.0,632500.0,0.12758620689655173
14556864.0,649950.0,0.023543307086614174
14557674.0,397499.5,0.32499833333333333
14557848.0,1338497.5,0.29552763157894735
14560058.0,474990.0,0.25030271123979997
14560058.0,474990.0,0.25030271123979997
14560387.0,222500.0,0.03260869565217391
14562254.0,539995.0,0.2000074074074074
14563662.0,328450.0,0.27011111111111114
14564512.0,623947.5,0.08512608695652174
14564987.0,378950.0,0.21035632423421546
14567204.0,724450.0,0.05793237971391418
14567601.0,619999.5,0.03125078125
14569084.0,387499.5,0.18421157894736842
14569178.0,414000.0,0.24727272727272728
14569192.0,371000.0,0.2578515703140628
14570512.0,225000.0,0.09963985594237695
14571302.0,374999.0,0.38939977769544276
14572089.0,341000.0,0.2775423728813559
14573202.0,1075000.0,0.3484848484848485
14575175.0,214500.0,0.0725
14575968.0,662000.0,0.06946688206785137
14582396.0,649950.0,0.08325
14582505.0,632500.0,0.05416666666666667
14582881.0,674950.0,0.17382608695652174
14584176.0,715000.0,0.027210884353741496
14584250.0,1200000.0,0.05726872246696035
14585967.0,1587000.0,0.06371681415929203
14586692.0,365500.0,0.26753507014028055
14590605.0,332450.0,0.07938311688311689
14591334.0,497499.5,0.08715688073394495
14591600.0,409700.0,0.015995040297582145
14592281.0,387000.0,0.14836795252225518
14594067.0,384500.0,0.2669194793507709
14594820.0,482000.0,0.928
14595768.0,299900.0,0.24837092731829574
14596126.0,340750.0,0.02642857142857143
14598220.0,487450.0,0.23405063291139241
14599358.0,447450.0,0.2784285714285714
14602060.0,335750.0,0.08656957928802589
14602197.0,318500.0,0.20374800937002344
14602645.0,402500.0,0.18382352941176472
14604713.0,457400.0,0.12876190476190477
14610589.0,332400.0,0.12526315789473685
14610840.0,472000.0,0.026804123711340205
14613226.0,421000.0,0.2331511839708561
14614483.0,759450.0,0.0005928853754940712
14619828.0,312275.0,0.05342528038799636
14620456.0,722000.0,0.37217391304347824
14620743.0,762000.0,0.27000211667019447
14629332.0,390000.0,0.13333333333333333
14629516.0,209999.5,0.9076925274725275
14631597.0,444950.0,0.17601851851851852
14634781.0,397000.0,0.03116883116883117
14636086.0,435000.0,0.1792452830188679
14639796.0,804500.0,0.10601177908656517
14641161.0,655000.0,0.40454545454545454
14642651.0,764000.0,0.018802507000933458
14650489.0,782000.0,0.052121212121212124
14653847.0,392000.0,0.3
14656104.0,677450.0,0.1934158828431956
14662255.0,1295000.0,0.1511111111111111
14662375.0,344950.0,0.6025921658986175
14662488.0,1162500.0,0.010869565217391304
14662707.0,1660000.0,0.4127659574468085
14663481.0,1370000.0,0.2594594594594595
14663553.0,2125000.0,0.8689533861037819
14665453.0,446800.0,0.4414301787723465
14667115.0,666400.0,0.11252086811352253
14671683.0,387450.0,0.1848623853211009
14671722.0,425000.0,0.49122807017543857
14674565.0,605000.0,0.49382716049382713
14674579.0,445000.0,0.42573235256162084
14675408.0,782500.0,0.27235772357723576
14676302.0,720000.0,0.22162162162162163
14678343.0,686950.0,0.1451075179196533
14678924.0,365950.0,0.5694705882352942
14679805.0,755000.0,0.07872553221888841
14681833.0,470000.0,0.06
14683828.0,2050000.0,0.44519621109607577
14683828.0,2025000.0,0.4519621109607578
14687062.0,187400.0,0.8470204081632653
14690071.0,724950.0,0.0334
14691809.0,184997.5,0.8843765625
14692078.0,333250.0,0.12302631578947368
14692346.0,298950.0,0.3501086956521739
14693386.0,418950.0,0.12924528301886792
14694455.0,411950.0,0.061617312072892935
14696312.0,159950.0,4.385521885521886
14697846.0,422500.0,0.20714285714285716
14699849.0,449950.0,0.1263106796116505
14700109.0,305000.0,0.3144526859968532
14700348.0,408000.0,0.17575757575757575
14700659.0,419000.0,0.1176313683648973
14701038.0,357450.0,0.15306451612903227
14701137.0,398950.0,0.00012531328320802005
14701916.0,360500.0,0.23037542662116042
14704534.0,320950.0,0.06971014492753623
14704934.0,487000.0,0.6287625418060201
14707591.0,327450.0,0.022537313432835823
14711394.0,680000.0,0.12258064516129032
14712076.0,285000.0,0.17391304347826086
14714772.0,335000.0,0.08414239482200647
14716660.0,335000.0,0.06944444444444445
14717292.0,677450.0,0.07829931972789116
14720531.0,387450.0,0.19215384615384615
14720625.0,361950.0,0.12406832298136646
14721409.0,104450.0,0.39266666666666666
14721745.0,279950.0,0.0034050179211469536
14722135.0,325000.0,0.22641509433962265
14723326.0,224500.0,0.019650655021834062
14724432.0,344750.0,0.3433333333333333
14728172.0,194950.0,0.13355555555555557
14729261.0,354250.0,0.05508135502800747
14729740.0,392000.0,0.1288888888888889
14729841.0,342500.0,0.2864583333333333
14730641.0,308750.0,0.16531494998648283
14731190.0,412450.0,0.09986666666666667
14732064.0,427500.0,0.20818670124097055
14732714.0,377000.0,0.1622222222222222
14733682.0,378500.0,0.10941176470588235
14735218.0,342250.0,0.13354430379746834
14735723.0,374950.0,0.19031746031746033
14737507.0,306000.0,0.012903225806451613
14737618.0,344500.0,0.04278966379549875
14739278.0,380000.0,0.013333333333333334
14739278.0,380000.0,0.013333333333333334
14739532.0,398000.0,0.3017543859649123
14739921.0,389950.0,0.08319444444444445
14741941.0,484450.0,0.562741935483871
14743687.0,419950.0,0.0767948717948718
14744650.0,365950.0,0.04948051948051948
14746200.0,369945.0,0.04209859154929577
14746785.0,555000.0,0.4050632911392405
14746869.0,304950.0,0.2739285714285714
14746998.0,407450.0,0.08653333333333334
14746998.0,362450.0,0.033466666666666665
14748423.0,365000.0,0.016713091922005572
14748600.0,298275.0,0.10962686567164179
14748605.0,359999.5,0.07455141388174807
14749057.0,333000.0,0.3134020618556701
14751138.0,383500.0,0.22638247569711312
14754174.0,398500.0,0.22615384615384615
14754857.0,354250.0,0.2768932435190855
14755881.0,334900.0,0.06972222222222223
14761366.0,337500.0,0.10714285714285714
14761480.0,282900.0,0.40442105263157896
14761480.0,282900.0,0.40442105263157896
14761524.0,359995.0,0.21619932432432432
14764920.0,427500.0,0.1432865731462926
14765324.0,444950.0,0.112375
14771424.0,375500.0,0.043055555555555555
14772327.0,304900.0,0.12885714285714286
14772879.0,344950.0,0.00014496955639315743
14775963.0,198450.0,0.0022727272727272726
14778566.0,304950.0,0.04673335417317912
14782254.0,642450.0,0.11925087108013938
14782373.0,312450.0,0.05289481661109427
14782373.0,351200.0,0.06456501970294029
14783420.0,428641.0,0.07187046761690423
14784907.0,737500.0,0.48961937716262977
14785818.0,384950.0,0.09423529411764706
14786808.0,349500.0,0.1872093023255814
14787452.0,694900.0,0.06091603053435114
14788665.0,172500.0,0.13706853426713356
14789460.0,659990.0,0.12052631578947369
14790479.0,412450.0,0.057835342395486024
14794283.0,699500.0,0.1015748031496063
14794283.0,674250.0,0.06181102362204725
14794742.0,410000.0,0.05128205128205128
14796114.0,894500.0,0.0050561797752808986
14797328.0,335000.0,0.17892156862745098
14798637.0,399450.0,0.24418164616840113
14798834.0,700000.0,0.125
14799843.0,378950.0,0.0478643216080402
14800038.0,541000.0,0.4051948051948052
14803217.0,364200.0,0.15302325581395348
14803238.0,395000.0,0.012253063265816454
14803258.0,407950.0,0.0510583856710863
14805622.0,360000.0,0.07668632982816107
14805948.0,372500.0,0.0673352435530086
14808474.0,347450.0,0.007285714285714286
14817184.0,399000.0,0.09111617312072894
14818103.0,378950.0,0.11784660766961652
14818287.0,341000.0,0.3378640776699029
14818421.0,344950.0,0.13546365914786967
14821696.0,395000.0,0.3524590163934426
14823194.0,362450.0,0.05857142857142857
14829593.0,307000.0,0.24938875305623473
14843317.0,374950.0,0.10279411764705883
14855992.0,359995.0,0.028557142857142857
14856071.0,315950.0,0.05351783927975992
14858849.0,692500.0,0.07543391188251002
14860181.0,700000.0,0.12905046855594446
14860832.0,90000.0,0.5
14860833.0,358000.0,0.10275689223057644
14888784.0,311000.0,0.19220779220779222
14888790.0,367500.0,0.1487964989059081
14890754.0,309725.0,0.2256875
14993094.0,292400.0,0.29542168674698793
15000107.0,276950.0,0.10661290322580645
15001024.0,299450.0,0.09119878603945372
15001411.0,374450.0,0.03962554501154142
15001872.0,452500.0,0.7075471698113207
15001872.0,452500.0,0.7075471698113207
15003336.0,276950.0,0.064041906049341
15005047.0,233450.0,0.2618918918918919
15005137.0,272500.0,2.892857142857143
15005857.0,306000.0,0.15471698113207547
15007387.0,69900.0,0.9067378252168112
15011202.0,185000.0,0.23553719008264462
15011877.0,233000.0,0.3314285714285714
15012860.0,204350.0,0.36233333333333334
15012895.0,394000.0,0.2507936507936508
15063722.0,785000.0,0.26976744186046514
15064217.0,614500.0,0.06869565217391305
15070972.0,649500.0,0.2775305895439377
15074696.0,769500.0,0.3844
15074964.0,697000.0,0.15515151515151515
15075185.0,1206250.0,0.4283224124154391
15076109.0,807500.0,0.29782608695652174
15077660.0,719500.0,0.79875
15078405.0,654500.0,0.252
15081336.0,936353.5,0.27972807692307694
15081364.0,1163750.0,0.33764367816091956
15085621.0,525500.0,0.47185929648241204
15089431.0,5399999.5,0.3647059411764706
15091575.0,825000.0,0.42105263157894735
15092100.0,1997000.0,0.19959919839679358
15093912.0,1500963.0,0.5158183870967742
15094184.0,1942500.0,0.21786833855799373
15096537.0,853853.5,0.3675159259259259
15101714.0,820000.0,0.32231404958677684
15108692.0,950000.0,0.26640926640926643
15109199.0,1447500.0,0.02721774193548387
15109939.0,2074000.0,0.057272727272727274
15113442.0,795500.0,0.4297491039426523
15115649.0,1469000.0,0.330751708428246
15115931.0,442000.0,0.6310517529215359
15117126.0,1426000.0,0.3251301467108377
15117906.0,1440000.0,0.12727272727272726
15118347.0,1150440.0,0.11504615384615384
15121564.0,1002250.0,0.11361111111111111
15124751.0,992500.0,0.23653846153846153
15126303.0,947500.0,0.4078125
15131345.0,1600000.0,0.07246376811594203
15131542.0,1782500.0,0.3170498084291188
15131772.0,1875000.0,0.0234375
15132036.0,964950.0,0.08012392755004766
15132318.0,1514500.0,0.7924773910660455
15133093.0,1719500.0,0.45395363607494443
15133104.0,2312500.0,0.14351851851851852
15134925.0,969950.0,0.22404
15138754.0,1443750.0,0.29573170731707316
15141673.0,1782500.0,0.37456140350877193
15141675.0,927450.0,0.6017818806354659
15141856.0,1900000.0,0.12094395280235988
15148037.0,2100000.0,0.12
15148196.0,645000.0,0.4827586206896552
15148315.0,575000.0,0.17266187050359713
15149450.0,712500.0,1.1773010634396772
15149948.0,1910000.0,0.3984251968503937
15153575.0,875000.0,0.3269230769230769
15153671.0,950000.0,0.11764705882352941
15156203.0,875000.0,0.20454545454545456
15157901.0,1124975.0,0.24997222222222223
15158185.0,1115250.0,0.12529411764705883
15166739.0,1925000.0,0.3184931506849315
15170052.0,969950.0,0.19012269938650306
15171358.0,899000.0,0.13081761006289308
15171438.0,969950.0,0.048594594594594594
15174676.0,417500.0,0.5412087912087912
15175191.0,973500.0,0.08407572383073497
15177264.0,912500.0,0.2556416246834947
15177502.0,964950.0,0.015736842105263157
15179065.0,572500.0,0.575925925925926
15182753.0,2040000.0,0.02
15184860.0,825000.0,0.175
15184931.0,987450.0,0.2519318181818182
15189978.0,924000.0,0.02531645569620253
15191457.0,897475.0,0.18038812785388128
15192840.0,1075000.0,0.0659321562630335
15194252.0,949500.0,0.20875
15196063.0,884500.0,0.11962025316455696
15198286.0,1832500.0,0.07794117647058824
15199075.0,870000.0,0.4745762711864407
16735361.0,1447500.0,0.049673676577229875
16735566.0,815000.0,0.13297872340425532
16735997.0,597000.0,0.3993963782696177
16737790.0,892494.0,0.1491954242135367
16737942.0,774500.0,0.34695652173913044
16741472.0,842500.0,0.32053291536050155
16742126.0,872500.0,0.052726833976833976
16743910.0,859950.0,0.43564273789649416
16744756.0,1422000.0,0.11529411764705882
16744756.0,1466500.0,0.15019607843137256
16745535.0,769500.0,0.16358695652173913
16765936.0,1970000.0,0.3177257525083612
16766022.0,1599000.0,0.300218818380744
16768329.0,665000.0,0.21764705882352942
16768930.0,487000.0,0.46775956284153003
16769341.0,1499500.0,0.23102564102564102
16770165.0,597000.0,0.204
16771217.0,1724000.0,0.3522629225821633
16779483.0,1949500.0,0.3701130856219709
16781607.0,897499.0,0.08324923391215526
16785152.0,604000.0,0.008210180623973728
16785152.0,604000.0,0.008210180623973728
16785152.0,604000.0,0.008210180623973728
16786993.0,787000.0,0.31565217391304345
16787334.0,465000.0,0.07
16789292.0,932500.0,0.03367875647668394
16792113.0,1698000.0,0.06859660163624921
16794864.0,719500.0,0.4001667361400584
16804912.0,955000.0,0.16949299939125143
16805892.0,1849000.0,0.3302158273381295
16811660.0,659949.5,0.2134094159713945
16812563.0,1555000.0,0.15270570793180133
16812822.0,1987500.0,0.38986013986013984
16812881.0,587000.0,0.30933050947170254
16818332.0,659950.0,0.1418075422626788
16818428.0,682500.0,0.2999281977638732
16819327.0,825000.0,0.2826086956521739
16819570.0,586500.0,0.4987179487179487
16821827.0,1499500.0,0.34804347826086957
16823913.0,1950000.0,0.4028776978417266
16824184.0,890044.0,0.11255639069548837
16824528.0,895000.0,0.26215993404781535
16832339.0,1082500.0,1.70625
16836320.0,644499.5,0.34899040404040405
16837244.0,567000.0,0.4765625
16837337.0,659950.0,0.2134088200238379
16838147.0,1824000.0,0.3028571428571429
16839100.0,2464500.0,0.205
16840575.0,1673999.5,0.19571392857142858
16843686.0,587000.0,0.1180952380952381
16844481.0,1634500.0,0.11600865332612223
16845290.0,1547500.0,0.03160200250312891
16848184.0,1842500.0,0.38480801335559267
16851684.0,4817500.0,0.2292
16851701.0,3095000.0,0.08970588235294118
16851738.0,2274000.0,0.4134640185710601
16852461.0,1925000.0,0.19422352448723315
16853153.0,920000.0,0.12380952380952381
16853166.0,1349400.0,0.15398119122257053
16854399.0,1719500.0,0.15016722408026756
16855240.0,3098000.0,0.31829787234042556
16855631.0,3095000.0,0.11571428571428571
16856252.0,1067500.0,0.6528455284552845
16856309.0,3760000.0,0.20591341077085534
16857069.0,1935000.0,0.3076923076923077
16858267.0,2245000.0,0.25069637883008355
16859969.0,1107450.0,0.16573684210526315
16860273.0,1774000.0,0.2901818181818182
16860399.0,1524500.0,0.20969414204250908
16861326.0,989950.0,0.09922656960873522
16862451.0,910000.0,0.08999908999909
16864760.0,885000.0,0.09230769230769231
16864796.0,912450.0,0.23644351464435145
16865387.0,1022500.0,0.08697205107598893
16869861.0,776500.0,0.06515775034293553
16869861.0,776500.0,0.06515775034293553
16870841.0,595000.0,0.23717948717948717
16870900.0,899500.0,0.0005555555555555556
16873983.0,750000.0,0.013157894736842105
16874017.0,777000.0,0.11098398169336385
16874017.0,777000.0,0.11098398169336385
16909336.0,1807500.0,0.0329161666380936
16910443.0,1699500.0,0.3202
16910968.0,1649000.0,0.2223869532987398
16911307.0,697000.0,0.32761904761904764
16912181.0,2354985.0,0.04849090909090909
16915508.0,967500.0,0.19375
16916007.0,577000.0,0.08267090620031796
16917219.0,949500.0,0.2397918334667734
16918386.0,884500.0,0.1999095431931253
16918755.0,1412000.0,0.009292351679771264
16919326.0,967500.0,0.1869747899159664
16920688.0,2349450.0,0.5205204081632653
16921383.0,702000.0,0.22857142857142856
16921788.0,1724450.0,0.5461973684210526
16922670.0,1518500.0,0.0885304659498208
16924093.0,1395000.0,0.128125
16924292.0,399900.0,0.5295294117647059
16925802.0,1535000.0,0.386
16926432.0,2300000.0,0.3333333333333333
16927920.0,1697000.0,0.1389261744966443
16928259.0,987500.0,0.17639699749791493
16928769.0,1077750.0,0.09668091526276087
16928882.0,857000.0,0.09779976839667333
16931338.0,570000.0,0.048414023372287146
16937035.0,2097500.0,0.5537037037037037
16939777.0,699000.0,0.273224043715847
16941321.0,1698000.0,0.21286580618432988
16941690.0,885000.0,0.43902439024390244
16942579.0,587000.0,0.22344225426643735
16942603.0,872500.0,0.2574468085106383
16943184.0,402000.0,0.14102564102564102
16943455.0,532500.0,0.19662921348314608
16944198.0,900000.0,0.21638059197188808
16945188.0,554000.0,0.1791376500222255
16945715.0,507450.0,0.11773127753303965
16945715.0,507450.0,0.11773127753303965
16947695.0,399000.0,0.16
16948069.0,764950.0,0.29367497691597416
16948153.0,999500.0,0.4669333333333333
16948739.0,1861500.0,0.09628975265017668
16948739.0,1724000.0,0.015312131919905771
16949821.0,624000.0,0.4682352941176471
16950839.0,617500.0,0.235
16955212.0,844450.0,0.018636911942098915
16955751.0,465000.0,0.11428571428571428
16956150.0,505000.0,0.09821428571428571
16956155.0,624000.0,0.1072961373390558
16956209.0,747500.0,0.31983621474067336
16956632.0,1599999.5,0.20987679012345678
16956915.0,887000.0,0.2451063829787234
16957431.0,717500.0,0.16666666666666666
16958742.0,849500.0,0.034657993929538555
16959485.0,755000.0,0.050314465408805034
16959989.0,719500.0,0.14243146603098927
16961639.0,691000.0,0.30893089308930893
16961815.0,944993.5,0.18272027534418023
16963412.0,1900000.0,0.000526592943654555
16963861.0,1634500.0,0.05451612903225807
16964285.0,1662500.0,0.0763888888888889
16964367.0,922500.0,0.262
16964629.0,1440000.0,0.09887359198998748
16970243.0,224500.0,0.9251666666666667
16971159.0,942350.0,0.052905027932960896
16971160.0,1491500.0,0.0023411371237458192
16972148.0,769500.0,0.26644423260247857
16972431.0,612000.0,0.021702838063439065
16974214.0,1997000.0,0.3314220948063204
16974214.0,2097500.0,0.3984265617707847
16974531.0,1599500.0,0.23133179368745188
16977112.0,797500.0,0.2656721155372163
16978003.0,1547500.0,0.032354903268845894
16978604.0,1537500.0,0.18269230769230768
16979226.0,967500.0,0.16414686825053995
16982211.0,1060000.0,0.11590693757237604
16983142.0,945000.0,0.05025125628140704
16983204.0,912450.0,0.16671232876712327
16983967.0,912500.0,0.1696997270245678
16984050.0,889350.0,0.0164
16985908.0,885000.0,0.09684661700173487
16986295.0,587000.0,0.5657508668978394
16986444.0,649000.0,0.35035035035035034
16988692.0,2042500.0,0.03732859319451498
16989669.0,2097000.0,0.0675855935971543
16992377.0,2097500.0,0.3006002000666889
16993081.0,914900.0,0.1441534144059869
16993728.0,899499.0,0.023320819112627986
16994885.0,609000.0,0.05931466341972517
16995383.0,899499.0,0.03776315789473684
16996188.0,719500.0,0.6024498886414253
16998030.0,429500.0,0.15618860510805502
16998159.0,547000.0,0.5437864887406172
17004857.0,543000.0,0.6504559270516718
17005401.0,885000.0,0.1407766990291262
17005867.0,467500.0,0.21428571428571427
17007380.0,700500.0,0.16597213954042148
17010993.0,690050.0,0.25801075268817203
17012018.0,794500.0,0.06074766355140187
17061227.0,1950000.0,0.000513083632632119
17061307.0,1925000.0,0.16666666666666666
17061438.0,1555000.0,0.43963963963963965
17063176.0,1424450.0,0.12341538461538462
17063796.0,2348950.0,0.38173529411764706
17064250.0,1490000.0,0.1037037037037037
17064366.0,1915000.0,0.3099099099099099
17065467.0,1597000.0,0.19268110530246452
17065897.0,767500.0,0.08865248226950355
17065937.0,605000.0,0.3270300333704116
17066289.0,587000.0,0.2162883845126836
17066388.0,1975000.0,0.46621621621621623
17066419.0,813900.0,0.06448275862068965
17066453.0,717500.0,0.1303030303030303
17067460.0,554000.0,0.38847117794486213
17067717.0,470000.0,0.14545454545454545
17068463.0,1774000.0,0.6620952380952381
17075294.0,569499.5,0.1852653791130186
17075756.0,1022500.0,0.1108695652173913
17076650.0,1597500.0,0.2722095671981777
17077641.0,887000.0,0.11113338009820624
17078021.0,845500.0,0.1283505154639175
17078727.0,1947500.0,0.4319852941176471
17080329.0,719500.0,0.0949685534591195
17081192.0,577500.0,0.40853658536585363
17082488.0,819500.0,0.21407407407407408
17083888.0,799500.0,0.09670781893004116
17085303.0,844450.0,0.47631118881118883
17085618.0,495000.0,0.23846153846153847
17086730.0,809499.5,0.07933266666666666
17087840.0,425000.0,0.6336206896551724
17090109.0,872500.0,0.09198998748435544
17090374.0,364950.0,0.5795506912442396
17090494.0,844500.0,0.15125628140703518
17091847.0,964999.5,0.28683757834377915
17092966.0,864000.0,0.2793994995829858
17093678.0,911512.0,0.36046567164179105
17101244.0,744000.0,0.12470588235294118
17113099.0,794500.0,0.0427710843373494
17113370.0,902543.5,0.24488758620689655
17119058.0,794450.0,0.06068090787716956
17119374.0,912450.0,0.17735483870967741
17119374.0,851900.0,0.0992258064516129
17119381.0,1022450.0,0.365086782376502
17119465.0,990000.0,0.13924050632911392
17119821.0,380000.0,0.4794520547945205
17120440.0,922499.5,0.1678687175591847
17121317.0,726999.5,0.36782652173913044
17121416.0,839499.5,0.005388622754491018
17125269.0,901500.0,0.202
17129590.0,845000.0,0.06962025316455696
17132450.0,399850.0,0.2663302752293578
17132576.0,790000.0,0.4107142857142857
17132918.0,624000.0,0.4682352941176471
17134776.0,799500.0,0.19346171070309
17134971.0,1022500.0,0.46280400572246067
17151093.0,587000.0,0.05008944543828265
17162589.0,994500.0,0.5912
17164528.0,969500.0,0.2429503114747583
17165491.0,719500.0,0.7991997999499875
17166357.0,862500.0,0.1896551724137931
17167102.0,422450.0,0.4419418758256275
17171672.0,1035000.0,0.42758620689655175
17173363.0,1972500.0,0.9958473684210526
17176040.0,729000.0,0.0830188679245283
17176040.0,729000.0,0.0830188679245283
17187764.0,1698000.0,0.06125
17189702.0,747500.0,0.041666666666666664
17190089.0,714000.0,0.05804749340369393
17191162.0,1555000.0,0.15773055031288505
17191526.0,1443500.0,0.0010380622837370243
17193365.0,991400.0,0.05129186602870813
17194665.0,1547500.0,0.06724137931034482
17195621.0,1719500.0,0.2737037037037037
17196408.0,1624500.0,0.12034482758620689
17196411.0,1555000.0,0.08741258741258741
17197953.0,774000.0,0.18440463645943098
17197955.0,947499.5,0.0026310554011109485
17197958.0,862500.0,0.30944755804643714
17198887.0,495000.0,0.21026894865525672
17199210.0,824500.0,0.15314685314685314
17200887.0,1033500.0,0.1496106785317019
17201816.0,1555000.0,0.2196078431372549
18197191.0,1310000.0,0.25961538461538464
19865401.0,1689000.0,0.023636363636363636
19867848.0,487450.0,0.218625
19867911.0,524000.0,0.2045977011494253
19867956.0,578750.0,0.446875
19868837.0,479500.0,0.12823529411764706
19869523.0,839944.0,0.40004
19869722.0,1881500.0,0.1403030303030303
19872649.0,1874500.0,0.06251562890722681
19872921.0,885000.0,0.26859504132231404
19872984.0,1724000.0,0.16486486486486487
19875865.0,994500.0,0.04684210526315789
19876298.0,672000.0,0.03543913713405239
19876313.0,299500.0,0.6810436634717785
19877277.0,2349000.0,0.3091174438580717
19878356.0,757500.0,0.030612244897959183
19879561.0,877044.0,0.32535025026942327
19879782.0,1512000.0,0.24020100502512562
19880413.0,824999.5,0.31250041666666667
19881181.0,1547500.0,0.23580246913580247
19881430.0,1010000.0,0.2015810276679842
19903818.0,734500.0,0.2449173642667191
19903883.0,872000.0,0.744
19903952.0,847500.0,0.47391304347826085
19905100.0,822500.0,0.015432098765432098
19906343.0,494500.0,0.45956284153005467
19907117.0,899000.0,0.02810810810810811
19907821.0,456500.0,0.6303571428571428
19908246.0,882500.0,0.24572649572649571
19908577.0,507000.0,0.40492957746478875
19909579.0,892000.0,0.115
19909855.0,851750.0,0.0646875
19910273.0,387500.0,0.29545454545454547
19910627.0,439500.0,0.22759226713532513
19910627.0,504500.0,0.11335676625659051
19911434.0,712500.0,0.27288498826410856
19912433.0,764500.0,0.7179775280898877
19913023.0,648500.0,0.5855745721271394
19913588.0,247500.0,0.26991150442477874
19914640.0,872500.0,0.4788135593220339
19914824.0,837500.0,0.04285714285714286
19915091.0,800000.0,0.018404907975460124
19917139.0,799949.5,0.006225786163522012
19919565.0,854949.5,0.04899944382647386
19919760.0,899500.0,0.18223555616164372
19920220.0,812500.0,0.4908256880733945
19920572.0,582000.0,0.01217391304347826
19921271.0,475000.0,0.14414414414414414
19921640.0,916500.0,0.22821052631578947
19922892.0,812500.0,0.015151515151515152
19922979.0,793500.0,0.22076923076923077
19924093.0,796250.0,0.13262527233115468
19924520.0,834450.0,0.1432751540041068
19925090.0,829500.0,0.056687898089171976
19925981.0,967500.0,0.17236954662104362
19926175.0,717500.0,0.04966887417218543
19927543.0,429999.0,0.13456200527704484
19928691.0,877044.0,0.40551923076923074
19929075.0,837500.0,0.10211869982892485
19929343.0,925000.0,0.028921023359288096
19929343.0,912000.0,0.014460511679644048
19932964.0,1190300.0,0.20006720430107527
19933784.0,456500.0,0.15569620253164557
19934416.0,717500.0,1.4158249158249159
19936029.0,475000.0,0.11241217798594848
19937352.0,986500.0,0.0135
19938177.0,471500.0,0.015657620041753653
19938592.0,409000.0,0.08089887640449438
19938592.0,409000.0,0.08089887640449438
19939671.0,774499.5,0.07687783075089392
19940202.0,472000.0,0.07639680729760548
19940536.0,1612000.0,0.29852045256744997
19940652.0,3169500.0,0.3654654654654655
19941526.0,2312500.0,0.25
19942325.0,1597500.0,0.1538665254237288
19942505.0,862450.0,0.3839642857142857
19943308.0,1749500.0,0.08594566353187043
19943608.0,1999250.0,0.14242857142857143
19944869.0,738500.0,0.38200836820083683
19944972.0,1593000.0,0.004375
19945218.0,799500.0,0.4077777777777778
19946355.0,1597500.0,0.4843447385409942
19948045.0,2574000.0,0.019405940594059406
19948390.0,1874500.0,0.29237448093620233
19948490.0,1574000.0,0.07138643067846608
19948622.0,1624500.0,0.16692307692307692
19948751.0,2009500.0,0.22859884836852207
19949232.0,2212500.0,0.27155172413793105
19950202.0,279000.0,0.8133779264214047
19951298.0,855088.0,0.28742666666666666
19952657.0,1599500.0,0.005974842767295598
19952683.0,549500.0,0.6639143730886851
19953439.0,340000.0,0.6222218024686694
19953817.0,900000.0,0.02857142857142857
19958443.0,899000.0,0.30038910505836575
19959096.0,707000.0,0.7675
19961188.0,817500.0,0.008970784337495454
19961503.0,835000.0,0.0915032679738562
19962608.0,387499.5,0.6630439130434782
19963385.0,782500.0,0.3043840640106684
19963514.0,909000.0,0.3669172932330827
19963572.0,846950.0,0.15304915304915304
19964548.0,901500.0,0.22948717948717948
19966747.0,864499.5,0.005348877776485638
19967464.0,870000.0,0.03225806451612903
19968079.0,2747497.5,0.27602173913043476
19968516.0,822500.0,0.3907407407407407
19969412.0,1397000.0,0.29974937343358393
19970240.0,994500.0,0.05797872340425532
19971795.0,804500.0,0.3267782426778243
19972412.0,792000.0,0.11508379888268157
19973633.0,852544.0,0.20693581395348837
19973633.0,852544.0,0.20693581395348837
19974565.0,1962500.0,0.00641025641025641
19974760.0,922499.5,0.036530267823835824
19974826.0,1860000.0,0.5230769230769231
19975250.0,969500.0,0.21195074692168261
19978240.0,862500.0,0.33651294280549254
19978357.0,2888000.0,0.05018181818181818
19978375.0,643250.0,0.02537878787878788
19978616.0,2912500.0,0.2341101694915254
19978823.0,215000.0,0.07327586206896551
19979004.0,466000.0,0.26287262872628725
19979092.0,645000.0,1.4339622641509433
19979698.0,679500.0,0.19210526315789472
19980009.0,4124500.0,0.17501750175017503
19980858.0,2022500.0,0.39482758620689656
19981242.0,2200000.0,0.07368421052631578
19981797.0,851000.0,0.36254681647940074
19983419.0,2097000.0,0.4750938673341677
19983442.0,2197500.0,0.4499374217772215
19983941.0,2442500.0,0.33835616438356164
19984480.0,1646500.0,0.2841304347826087
19984685.0,834475.0,0.20450428979980934
19985230.0,1672500.0,0.37940630797773656
19985309.0,2097000.0,0.47574986893746724
19985935.0,2445000.0,0.004106776180698152
19986551.0,1995000.0,0.24765478424015008
19987769.0,1767000.0,0.015517241379310345
19988246.0,550000.0,0.14822546972860126
19988841.0,2991950.0,0.48846811420755687
19992528.0,2367500.0,0.10116279069767442
19993041.0,2582500.0,0.12527233115468409
19993481.0,1842500.0,0.19716775599128541
19994012.0,2224000.0,0.3553623188405797
19994273.0,4249750.0,0.4684490306441526
19994536.0,3497500.0,0.33947119924457037
19998955.0,325000.0,0.3486973947895792
19999590.0,822500.0,0.06129032258064516
20000574.0,865000.0,0.02976190476190476
20001908.0,818750.0,0.1771356783919598
20001926.0,695500.0,0.3280193236714976
20003338.0,839950.0,0.3538846153846154
20003346.0,926950.0,0.11719047619047619
20003359.0,965000.0,0.19583333333333333
20004350.0,749950.0,0.4624014336917563
20005774.0,825000.0,0.15384615384615385
20007792.0,655000.0,0.5403508771929825
20008152.0,829500.0,0.27869565217391307
20008998.0,812500.0,0.375
20012199.0,1162500.0,0.07
20012856.0,1874999.5,0.10359005297233667
20013144.0,1799000.0,0.2488517745302714
20014027.0,2097250.0,0.0491495747873937
20014335.0,1622000.0,0.11862068965517242
20014816.0,1947500.0,0.27704918032786885
20015403.0,2064500.0,0.06116416552978627
20015711.0,870000.0,0.06748466257668712
20017444.0,507550.0,0.5708911058505242
20019753.0,1579500.0,0.22573529411764706
20020967.0,1549500.0,0.1386881600889383
20021175.0,777000.0,0.2432
20021260.0,1500000.0,0.03225806451612903
20021454.0,829999.5,0.38518555555555556
20021900.0,2991950.0,0.23263657348037958
20022323.0,2497497.5,0.23949528014616323
20022453.0,769500.0,0.03800475059382423
20023330.0,2332995.0,0.1358957739175525
20023795.0,614500.0,0.15241262401741243
20023863.0,641500.0,0.11565217391304349
20024077.0,1699000.0,0.13645484949832776
20024951.0,2448500.0,0.5375826251180359
20024951.0,2448500.0,0.5375826251180359
20025755.0,605250.0,0.10992647058823529
20026518.0,2199500.0,0.3124413879337293
20026859.0,650000.0,0.07010014306151645
20026859.0,687000.0,0.017167381974248927
20026865.0,949000.0,0.2859078590785908
20027379.0,1899500.0,0.36683333333333334
20027447.0,1962500.0,0.03289473684210526
20028134.0,1524500.0,0.10270747498528546
20028429.0,2142500.0,0.045121951219512194
20029145.0,1473500.0,0.3451111111111111
20030343.0,1750000.0,0.20273348519362186
20030572.0,2492000.0,0.18666666666666668
20030924.0,1909500.0,0.16065934065934065
20030999.0,2200000.0,0.10275689223057644
20031375.0,3072000.0,0.35326315789473683
20033378.0,2125000.0,0.024096385542168676
20034243.0,722400.0,0.023651844843897825
20034243.0,722400.0,0.023651844843897825
20036876.0,877044.0,0.23735304347826086
20036946.0,517500.0,107.94736842105263
20037867.0,973450.0,0.2783914010378058
20037867.0,973450.0,0.2783914010378058
20039341.0,732500.0,0.006105834464043419
20039651.0,790000.0,0.20992099209920992
20040344.0,699900.0,0.04110152075626798
20040705.0,2747000.0,0.16631259484066768
20040834.0,1499500.0,0.5715714285714286
20041113.0,724500.0,0.17670454545454545
20041557.0,909000.0,0.1520912547528517
20043780.0,887500.0,0.23819742489270387
20043940.0,1422000.0,0.4309723889555822
20044061.0,585250.0,0.2906060606060606
20045645.0,1579000.0,0.14184782608695654
20045813.0,1872500.0,0.17398119122257052
20045887.0,862000.0,0.3098478783026421
20067399.0,587000.0,0.06727272727272728
20067399.0,524000.0,0.04727272727272727
20067645.0,832000.0,0.03255813953488372
20070594.0,814500.0,0.2435114503816794
20071037.0,850000.0,0.005847953216374269
20071955.0,812500.0,0.26136363636363635
20073995.0,814500.0,0.04423076923076923
20075460.0,837499.5,0.0481846057571965
20076137.0,659500.0,0.022962962962962963
20083199.0,562000.0,0.1469411162063596
20083229.0,822450.0,0.41801724137931034
20083743.0,837499.5,0.046874375
20083783.0,804500.0,0.07528735632183908
20084187.0,895000.0,0.09146341463414634
20084530.0,807500.0,0.010638297872340425
20087279.0,378125.0,0.140625
20087494.0,572000.0,0.04
20088331.0,1941500.0,0.3634426229508197
20089948.0,655000.0,151.32558139534885
20090369.0,652000.0,0.004622496147919877
20090659.0,1075000.0,0.3454317897371715
20093876.0,920000.0,0.14856429463171036
20094206.0,822450.0,0.06005714285714286
20094760.0,899000.0,0.051353778792358216
20094760.0,899000.0,0.051353778792358216
20097218.0,936450.0,0.04165739710789766
20098576.0,799500.0,0.08628571428571429
20100291.0,870000.0,0.04395604395604396
20100479.0,855088.0,0.07558054054054054
20101440.0,1555000.0,0.07241379310344828
20101667.0,972000.0,0.19
20102786.0,1172000.0,0.019130434782608695
20103046.0,920000.0,0.10179640718562874
20104103.0,1000000.0,0.23017705927636645
20106411.0,814500.0,0.09328859060402685
20106416.0,948500.0,0.3175129910809163
20106865.0,784450.0,0.20684615384615385
20107413.0,882500.0,0.03021978021978022
20107570.0,882500.0,0.05614973262032086
20109782.0,1625000.0,0.0
20110813.0,470000.0,0.591304347826087
20111447.0,844950.0,0.4106010016694491
20111862.0,884500.0,0.105625
20114280.0,829450.0,0.06353378638286959
20116380.0,659900.0,0.26596218020022244
20116537.0,717500.0,0.12284820031298904
20117372.0,990000.0,0.5230769230769231
20117642.0,687500.0,0.23606867048169342
20119307.0,894999.5,0.029918872266973533
20119884.0,687500.0,0.139549436795995
20119925.0,906900.0,0.3847915712322492
20120962.0,473000.0,0.2723076923076923
20120999.0,815000.0,0.08666666666666667
20122454.0,814500.0,0.08744993324432576
20122708.0,802500.0,0.3487394957983193
20122746.0,734450.0,0.13594015992959993
20127857.0,794500.0,0.18599791013584116
20128423.0,829450.0,0.9067816091954023
20129077.0,840000.0,0.3548387096774194
20129261.0,840000.0,0.11578854293530835
20130393.0,865000.0,0.16826923076923078
20132650.0,894500.0,0.3610714285714286
20134140.0,349500.0,0.36454545454545456
20134338.0,377500.0,0.2449244924492449
20136017.0,723500.0,0.06240822320117474
20136281.0,1010000.0,0.07446808510638298
20136568.0,1678500.0,0.119
20136739.0,393000.0,0.23689320388349513
20137137.0,465000.0,0.15454545454545454
20139885.0,860000.0,0.007615700058582308
20140249.0,822750.0,0.1680990899898888
20140866.0,1449900.0,0.0938125
20141248.0,795000.0,0.10974244120940649
20144129.0,990000.0,0.004024144869215292
20144464.0,859950.0,0.084185303514377
20144782.0,702000.0,0.14909090909090908
20144965.0,687500.0,0.21428571428571427
20147776.0,874000.0,0.032486709982279975
20149670.0,854450.0,0.25310314685314683
20150304.0,970000.0,0.04864864864864865
20150767.0,1564000.0,0.28909090909090907
20150767.0,1564000.0,0.28909090909090907
20152045.0,610000.0,0.3118279569892473
20152187.0,475000.0,0.010638297872340425
20152507.0,1130440.0,0.2122369337979094
20152565.0,557450.0,0.11713426853707415
20153641.0,842449.5,0.05437984981226533
20155043.0,844494.0,0.05643128491620112
20155721.0,1025000.0,0.10480349344978165
20156582.0,1649500.0,0.12440354464894342
20158058.0,897500.0,0.22828890799656062
20158622.0,825000.0,0.2978723404255319
20159416.0,861750.0,0.15098522167487685
20160839.0,840000.0,0.2663755458515284
20161446.0,1500000.0,0.038461538461538464
20162183.0,924949.0,0.1274066037735849
20162206.0,987750.0,0.11013513513513513
20163208.0,714900.0,0.014186409419775855
20163208.0,714900.0,0.014186409419775855
20164012.0,575000.0,0.20678714305421436
20164082.0,623000.0,0.047058823529411764
20164165.0,567500.0,0.12692307692307692
20165033.0,1849500.0,0.1776345042240996
20165659.0,1025440.0,0.2553086419753086
20166110.0,994500.0,0.23441108545034642
20167206.0,917500.0,0.542016806722689
20170196.0,702450.0,0.331
20170196.0,702450.0,0.331
20170478.0,392450.0,0.4269966418455249
20172487.0,525584.5,0.1453910569105691
20174938.0,478500.0,0.15309734513274337
20175084.0,862500.0,0.22367236723672368
20175795.0,982500.0,0.14244186046511628
20175910.0,1120000.0,0.09268292682926829
20176030.0,850000.0,0.022988505747126436
20176322.0,924000.0,0.2892302224847865
20176577.0,869000.0,0.130999130999131
20178529.0,637500.0,0.826647564469914
20179762.0,829450.0,0.0005428226779252111
20180212.0,922499.5,0.153124375
20181407.0,874000.0,0.012429378531073447
20183359.0,824949.5,0.01674672228843862
20183958.0,932500.0,0.13719512195121952
20184004.0,1010000.0,0.17483660130718953
20199102.0,1874500.0,0.21013557133634603
20199241.0,1080000.0,0.1
20234458.0,1030000.0,0.25308194343727336
20234800.0,1117500.0,0.1931407942238267
20234910.0,898500.0,0.05321390937829294
20325748.0,705000.0,0.06622516556291391
20325951.0,812450.0,0.32295833333333335
20330533.0,439450.0,0.05891566265060241
20335316.0,960000.0,0.09090909090909091
20378474.0,1057495.0,0.2744459691252144
20381190.0,1772500.0,0.2895791583166333
20382570.0,2067000.0,0.35986842105263156
20382777.0,864500.0,0.3344880677444188
20383531.0,2420000.0,0.1037037037037037
20386108.0,1555000.0,0.0032258064516129032
20386316.0,2174000.0,0.279576221306651
20386916.0,815000.0,0.17258883248730963
20387146.0,740000.0,0.06474820143884892
20387553.0,560000.0,0.23182441700960219
20387683.0,696500.0,0.07748344370860927
20389035.0,1949500.0,0.15202261852979557
20390891.0,660000.0,0.47619047619047616
20435576.0,759949.5,0.3385992167101828
20435588.0,925000.0,0.13953488372093023
20435647.0,789500.0,0.3926923076923077
20439950.0,877500.0,0.09067357512953368
20440095.0,1917500.0,0.2783333333333333
20443546.0,2097500.0,0.19326923076923078
20444353.0,1574000.0,0.3330423691826591
20446881.0,1798999.5,0.12789937304075236
20447471.0,1997000.0,0.19959919839679358
20447502.0,727000.0,0.1922222222222222
20448094.0,1824500.0,0.08546365914786967
20448379.0,2542500.0,0.1369653767820774
20448679.0,648950.0,0.29843243243243245
20450225.0,385000.0,0.7502178295162076
20450399.0,1370495.0,0.7462046296296296
20450403.0,1614500.0,0.19072681704260652
20451111.0,317400.0,0.9066470588235294
20451320.0,2004500.0,0.02219512195121951
20451701.0,1880000.0,0.286527514231499
20453477.0,1537500.0,0.4875
20453785.0,1624500.0,0.4575959933222037
20455234.0,2412500.0,0.4806243272335845
20455721.0,2750000.0,0.26204681046351536
20458360.0,2624500.0,0.3129064532266133
20458964.0,2399000.0,0.09045454545454545
20458964.0,2399000.0,0.09045454545454545
20461012.0,1706500.0,0.12599231754161333
20462179.0,1842500.0,0.05285714285714286
20463430.0,485450.0,0.4285462036492054
20465077.0,1622500.0,0.2611566484517304
20465739.0,1950000.0,0.59375
20465856.0,812000.0,0.3504
20466166.0,1975000.0,0.06814494321254733
20466330.0,952500.0,0.324468085106383
20466763.0,456000.0,0.4538922155688623
20468145.0,789500.0,0.34202850237519794
20468805.0,617500.0,0.33602150537634407
20469154.0,1799500.0,0.02887364208118925
20490632.0,1572499.5,0.08523084886128364
20493649.0,3000000.0,0.08952959028831563
20495136.0,1399000.0,0.2437837837837838
20496455.0,812000.0,0.16851345517340624
20497079.0,2587500.0,0.2621951219512195
20498344.0,1765950.0,0.09438461538461539
20498531.0,2328250.0,0.4172090112640801
20499642.0,2342500.0,0.3013888888888889
20499811.0,1712500.0,0.1570945945945946
20501992.0,930000.0,0.25
20502665.0,843500.0,0.22968036529680366
20503342.0,730000.0,181.72841051314143
20503391.0,447250.0,0.38310344827586207
20504130.0,840000.0,0.06562847608453838
20505575.0,2500000.0,0.4714537963507946
20506286.0,1900000.0,0.7379310344827587
20506375.0,2525000.0,0.25735294117647056
20507413.0,1547500.0,0.018092105263157895
20507825.0,766000.0,0.3367965367965368
20510176.0,2232500.0,0.15595463137996218
20510302.0,754950.0,0.47021052631578947
20513413.0,726500.0,0.000687757909215956
20513785.0,2049500.0,0.21173076923076922
20514498.0,550000.0,0.15789473684210525
20515174.0,848950.0,0.1502002002002002
20523119.0,1297000.0,0.5669449081803005
20523803.0,2960000.0,0.8161490683229814
20524240.0,4575000.0,0.11078717201166181
20525306.0,2750000.0,0.07563025210084033
20526064.0,2775000.0,0.4095744680851064
20526516.0,4575000.0,0.4076923076923077
20527536.0,1900000.0,0.04952476238119059
20531173.0,2687500.0,0.5483193277310925
20531717.0,1748500.0,0.028610571450317472
20531872.0,1595000.0,0.1964735516372796
20534025.0,1603750.0,0.5450354609929078
20534087.0,2322500.0,0.1793286219081272
20534841.0,4222000.0,0.18019401557165352
20535107.0,2367500.0,0.18221070811744386
20538689.0,4222000.0,0.1383673469387755
20539591.0,4849500.0,0.4476119402985075
20539933.0,1917500.0,0.4505730659025788
20540071.0,2692500.0,0.4390625
20541125.0,2097500.0,0.36342943854324733
20541177.0,2532500.0,0.2753934191702432
20541503.0,2297500.0,0.16454545454545455
20542073.0,2050000.0,0.35837245696400627
20542284.0,1897500.0,0.3330404217926186
20544525.0,4425000.0,0.07793290268806001
20544549.0,3320000.0,0.667966796679668
20545843.0,3085000.0,0.2189873417721519
20545940.0,4849500.0,0.35123745819397995
20545977.0,4575000.0,0.1454682023034552
20546495.0,1825000.0,0.8973508071320097
20546837.0,2175000.0,0.1858506457046603
20546856.0,2823000.0,0.008214285714285714
20547568.0,1702500.0,0.09909619109102646
20558487.0,2357500.0,0.0031914893617021275
20559534.0,2142500.0,0.045121951219512194
20560710.0,207500.0,0.5575692963752665
20561810.0,830000.0,0.27889060092449924
20562394.0,830000.0,0.336
20562521.0,460000.0,0.0781563126252505
20563216.0,932500.0,0.03726362625139043
20563592.0,764950.0,0.019933333333333334
20564163.0,699900.0,0.22146829810901
20564792.0,850000.0,0.32
20567972.0,970000.0,0.29454545454545455
20568122.0,850000.0,0.0
20569833.0,685000.0,0.07432432432432433
20569908.0,939900.0,0.174875
20571359.0,374950.0,0.5509580838323354
20572075.0,397500.0,0.5210843373493976
20572519.0,870000.0,0.17142857142857143
20572792.0,930000.0,0.5196078431372549
20573430.0,960000.0,0.054945054945054944
20574479.0,699900.0,0.00014285714285714287
20574789.0,102500.0,0.8685897435897436
20574802.0,829950.0,0.308375
20574827.0,832499.0,0.22558232558139535
20575350.0,780000.0,0.21608040201005024
20576925.0,1872500.0,0.13484848484848486
20577015.0,1691000.0,0.005294117647058823
20577243.0,849944.0,0.21664147465437789
20577417.0,1522000.0,0.19470899470899472
20579276.0,865000.0,0.38236344162799
20581775.0,699900.0,0.41670139178264853
20582179.0,1774500.0,0.08953309389430478
20583023.0,1593463.0,0.5693343243243243
20583045.0,477000.0,0.6592857142857143
20583509.0,687500.0,0.3124312431243124
20583783.0,699950.0,7.143877696813831e-05
20584434.0,723500.0,0.10679012345679012
20586112.0,917500.0,0.0825
20586120.0,1949500.0,0.3005336891260841
20586307.0,834000.0,0.35841218555273485
20586623.0,740000.0,0.3620689655172414
20588864.0,854450.0,0.14078771695594125
20588948.0,283950.0,0.7772941176470588
20589650.0,1075000.0,0.0851063829787234
20591330.0,798750.0,0.3202127659574468
20591457.0,925000.0,0.05612244897959184
20591678.0,572500.0,0.2103448275862069
20592316.0,369500.0,0.60049735106498
20595907.0,810000.0,0.024096385542168676
20597387.0,950000.0,0.26666666666666666
20597482.0,864500.0,0.3084
20597653.0,777500.0,0.38779527559055116
20598287.0,622861.5,0.22044868585732166
20598294.0,2372500.0,0.30220588235294116
20601530.0,1622500.0,0.188344172086043
20601537.0,3037000.0,0.020006453694740238
20602770.0,1775000.0,0.2111111111111111
20603363.0,517500.0,0.35714285714285715
20603710.0,1950000.0,0.2638731596828992
20604262.0,1787500.0,0.1206896551724138
20604325.0,799450.0,0.3802713178294574
20604969.0,1140000.0,0.03636363636363636
20607235.0,1744999.5,0.0810955766192733
20608613.0,1617000.0,0.07661762297210382
20609977.0,2200000.0,0.12
20610243.0,1950000.0,0.13043478260869565
20610422.0,1994500.0,0.15665961945031712
20610698.0,2624000.0,0.09333333333333334
20611390.0,698150.0,0.06913333333333334
20612179.0,515000.0,0.009615384615384616
20612721.0,697450.0,0.04458904109589041
20614059.0,699950.0,7.143877696813831e-05
20614059.0,714950.0,0.02150307186740963
20614187.0,384499.5,0.4345595588235294
20614507.0,854950.0,0.31733436055469955
20616061.0,780000.0,0.04138851802403204
20616137.0,790000.0,0.09195402298850575
20617401.0,332500.0,0.5560747663551402
20617718.0,799450.0,0.10974387527839644
20617763.0,799450.0,0.14207142857142857
20618213.0,877500.0,0.8319415448851775
20621063.0,1708945.0,0.0981820580474934
20623192.0,2002495.0,0.19868147258903562
20623386.0,3295000.0,0.10945945945945947
20623788.0,830000.0,0.023529411764705882
20623792.0,715000.0,0.428
20624999.0,732500.0,0.4306640625
20625588.0,1034000.0,0.6544
20625591.0,499900.0,0.29844155844155845
20625976.0,370000.0,0.14746543778801843
20625978.0,495000.0,0.24060150375939848
20628471.0,576000.0,0.11384615384615385
20630138.0,2050000.0,0.05128205128205128
20630810.0,850000.0,0.036585365853658534
20631987.0,2897497.5,0.0325550918196995
20632806.0,986950.0,0.26532051282051283
20633309.0,850000.0,0.34565050038491146
20634615.0,440900.0,0.65521744604415
20637598.0,782500.0,0.20384615384615384
20637901.0,109750.0,0.8628125
20639482.0,690000.0,0.2324805339265851
20640838.0,804500.0,0.08057142857142857
20641148.0,278950.0,0.6513125
20641850.0,822500.0,0.05448717948717949
20643684.0,746000.0,0.05070422535211268
20647600.0,662500.0,0.2113095238095238
20687157.0,534500.0,0.018095238095238095
20687216.0,591000.0,0.11720226843100189
20688668.0,850000.0,0.024096385542168676
20688668.0,850000.0,0.024096385542168676
20691003.0,825000.0,0.034482758620689655
20738280.0,1480000.0,0.04516129032258064
20738754.0,1824999.5,0.1685651480637813
20740171.0,1624500.0,0.08662207357859532
20741388.0,1597500.0,0.03131052291801162
20741445.0,839950.0,0.32804
20742453.0,1822500.0,0.5006849315068493
20742952.0,224500.0,0.8717142857142857
20742953.0,359500.0,0.6873913043478261
20744404.0,834000.0,0.3821764575153715
20744466.0,597000.0,0.4919148936170213
20744780.0,1645000.0,0.17543859649122806
20745107.0,1798999.5,0.002228133704735376
20745799.0,420000.0,0.5656670113753878
20746153.0,467500.0,0.6183673469387755
20746832.0,905000.0,0.06217616580310881
20746971.0,1797499.5,0.20075611382836817
20747447.0,2200000.0,0.10275689223057644
20748660.0,1593000.0,0.00375234521575985
20749850.0,1995000.0,0.17352941176470588
20750312.0,1755000.0,0.017391304347826087
20751919.0,1914499.5,0.20031316614420064
20751919.0,1747499.5,0.09561097178683385
20752045.0,850450.0,0.4750308641975309
20754923.0,832500.0,0.2219626168224299
20755184.0,834000.0,0.08325756591765164
20758217.0,724950.0,0.46290053713650675
20760266.0,759950.0,0.43707407407407406
20766192.0,592000.0,0.5518546555639667
20767586.0,1972500.0,0.1423913043478261
20768361.0,480450.0,0.61564
20768637.0,798750.0,0.1125
20769115.0,759500.0,0.31576576576576576
20769480.0,999000.0,0.075
20770923.0,824950.0,0.03061104582843713
20771607.0,660000.0,0.5319148936170213
20773309.0,402550.0,0.6434455270150575
20774852.0,654450.0,0.0070010770887828895
20775140.0,657500.0,0.2967914438502674
20777474.0,1824500.0,0.6483230531996916
20777743.0,1592500.0,0.3875
20780058.0,1569500.0,0.10314285714285715
20780294.0,1672500.0,0.11973637880862043
20780868.0,2424500.0,0.3506963788300836
20781089.0,2697500.0,0.5427966101694915
20781294.0,237000.0,0.8991060025542784
20782466.0,1595000.0,0.15608465608465608
20782669.0,505000.0,0.09009009009009009
20783109.0,1767500.0,0.049584323040380046
20784308.0,1755000.0,0.5590452261306532
20784473.0,440450.0,0.08239583333333333
20785337.0,2035000.0,0.1529745042492918
20785475.0,2025000.0,0.4452054794520548
20785862.0,2398500.0,0.44862068965517243
20785976.0,1799500.0,0.1626337831549558
20786125.0,1787000.0,0.03405405405405405
20789429.0,505000.0,0.5791666666666667
20790034.0,1749500.0,0.02911764705882353
20792207.0,575250.0,0.1739795918367347
20792596.0,1696500.0,0.09451683517215173
20793042.0,552000.0,0.2988235294117647
20793246.0,674000.0,0.15220125786163521
20793693.0,4347000.0,0.02314606741573034
20794108.0,501000.0,0.2171875
20795614.0,1622500.0,0.09760845383759734
20797260.0,219500.0,0.8745714285714286
20797831.0,2024500.0,0.26927899686520373
20799040.0,4537500.0,0.24315068493150685
20799726.0,3200000.0,0.5223880597014925
20800105.0,969000.0,0.0778642936596218
20800840.0,1949500.0,0.02605263157894737
20800840.0,1949500.0,0.02605263157894737
20800954.0,1685000.0,0.10133333333333333
20801356.0,2624000.0,0.21554559043348281
20801621.0,689950.0,0.7119206680584551
20805254.0,706000.0,0.5062937062937063
20806046.0,1647000.0,0.21571428571428572
20806343.0,1033500.0,0.205
20806797.0,1990000.0,0.2036814725890356
20806821.0,1674500.0,0.27195652173913043
20808522.0,3037500.0,0.2636363636363636
20809751.0,2367500.0,0.2770992366412214
20809918.0,2272000.0,0.3851150202976996
20810374.0,720000.0,0.041661120724078265
20811108.0,1592500.0,0.33228511530398325
20811436.0,794500.0,0.3689436060365369
20811592.0,1968750.0,0.08471074380165289
20811867.0,2710750.0,0.014272727272727272
20812030.0,2532500.0,0.33790849673202616
20812565.0,224500.0,0.8551612903225806
20850343.0,1712500.0,0.03349426674713337
20850757.0,714950.0,0.15789163722025912
20851010.0,1992000.0,0.003526448362720403
20851727.0,842449.5,0.29737322768974145
20853126.0,397500.0,0.47
20853765.0,1189500.0,0.38207792207792207
20927131.0,695500.0,0.0064285714285714285
20928820.0,987500.0,0.1769964243146603
20929846.0,384950.0,0.48673333333333335
20930189.0,989000.0,0.1635294117647059
20933250.0,782000.0,0.2821774061321528
20934249.0,854950.0,0.0070082449941107185
20934388.0,299450.0,0.6477058823529411
20934414.0,850000.0,0.02857142857142857
20936479.0,799000.0,0.09452054794520548
20936898.0,699950.0,0.0013590844062947066
20937355.0,767949.5,0.07405524475524476
20937846.0,694500.0,0.2274749721913237
20938179.0,812450.0,0.24992307692307691
20938544.0,759949.5,0.16945319065922476
20938781.0,794950.0,0.09648275862068965
20939471.0,870000.0,0.4502417069511585
20944476.0,1562500.0,0.8579545454545454
20947130.0,882500.0,0.1611842105263158
20948123.0,101700.0,0.8359412808517502
20948619.0,815000.0,0.025157232704402517
20948823.0,813750.0,0.0171875
20949168.0,507500.0,0.43548387096774194
20949670.0,840000.0,0.011764705882352941
20949673.0,757000.0,0.26166666666666666
20951340.0,799000.0,0.07082218862658449
20951614.0,891999.5,0.18933425244566993
20952517.0,727500.0,0.17357638328762703
20953248.0,784900.0,0.08721944412140947
20957750.0,727500.0,0.21700901841322098
20958651.0,754950.0,0.08004291845493562
20959954.0,539500.0,0.05784313725490196
20963323.0,867450.0,0.2851111111111111
20965251.0,851750.0,0.43151260504201683
20965732.0,710449.5,0.06834511278195489
20966914.0,402450.0,0.18696969696969698
20968074.0,825000.0,0.33064516129032256
20968100.0,519500.0,0.03796296296296296
20968250.0,704500.0,0.17416666666666666
20969728.0,735000.0,0.13953488372093023
20976003.0,830000.0,0.17580560391784095
20976799.0,519500.0,0.41629213483146066
20977338.0,520000.0,0.03525046382189239
20982339.0,861750.0,0.013823529411764707
20987911.0,830000.0,0.023400730449188598
21265583.0,862500.0,0.23390557939914164
21265978.0,920000.0,0.20261437908496732
21267605.0,870000.0,0.06451612903225806
21267615.0,764950.0,0.12974971558589307
21268486.0,1912500.0,0.2288306451612903
21280206.0,822500.0,0.06
21291429.0,910000.0,0.02824858757062147
21293693.0,860000.0,0.005847953216374269
21294741.0,760000.0,0.08571428571428572
21296146.0,442000.0,0.35474452554744523
21297687.0,799500.0,0.08186738836265223
21298360.0,877044.0,0.12441538461538462
21300115.0,909250.0,0.04511494252873563
21300585.0,937500.0,0.21753246753246752
21300831.0,705000.0,0.14441747572815533
21301114.0,897500.0,0.005039193729003359
21301472.0,929500.0,0.06111111111111111
21301472.0,969500.0,0.02070707070707071
21302117.0,800000.0,0.07514450867052024
21302370.0,846950.0,0.16179698216735253
21302507.0,872000.0,0.06993865030674846
21302508.0,889000.0,0.09415384615384616
21303578.0,844499.5,0.31953046875
21304208.0,812000.0,0.3170731707317073
21304586.0,799000.0,0.19863597612958228
21304736.0,817500.0,0.1484375
21305317.0,909000.0,0.15355329949238578
21308058.0,700500.0,0.4396
21309990.0,1537500.0,0.028428093645484948
21310288.0,2799950.0,0.1204281712685074
21310288.0,2799950.0,0.1204281712685074
21310517.0,849994.0,0.29108090075062554
21311084.0,935000.0,0.17109929078014185
21312125.0,925000.0,0.3383404864091559
21312797.0,416000.0,0.18857142857142858
21313177.0,1574500.0,0.01646223369916075
21313178.0,1522000.0,0.04815509693558474
21313780.0,901500.0,0.19866666666666666
21314943.0,911512.0,0.041728
21354129.0,1440000.0,0.22120064899945915
26110123.0,207445.0,0.09239073196419167
26110697.0,304450.0,0.21533505154639176
26110812.0,235000.0,0.30628126737076156
26111220.0,577400.0,0.03766666666666667
26111377.0,304450.0,0.01822742474916388
26111450.0,214450.0,0.27648809523809526
26111673.0,283000.0,0.050335570469798654
26112887.0,277500.0,0.039792387543252594
26113712.0,335000.0,0.1625
26116586.0,137300.0,0.687606652863416
26116852.0,356500.0,0.3452830188679245
26117186.0,283000.0,0.15522388059701492
26119212.0,283000.0,0.14242424242424243
26119297.0,181900.0,0.011117287381878822
26119790.0,334950.0,0.2948421052631579
26120904.0,287500.0,0.026785714285714284
26123504.0,210499.5,0.020932558139534884
26124354.0,289950.0,0.45703517587939696
26127553.0,321950.0,0.32927083333333335
26128072.0,177400.0,0.6127272727272727
26128230.0,198999.5,0.13714
26128809.0,209999.5,0.679996
26129851.0,232500.0,0.36764705882352944
26130241.0,292000.0,0.04285714285714286
26131993.0,346500.0,0.22999828888508642
26133070.0,272450.0,0.023476702508960574
26133340.0,311450.0,0.004680660260194387
26133529.0,283000.0,0.115625
26135013.0,212450.0,0.07630434782608696
26135639.0,232500.0,0.26358695652173914
26136134.0,193949.5,0.11841136363636363
26136158.0,190000.0,0.35714285714285715
26137587.0,176788.5,0.11161557788944723
26139474.0,147450.0,0.35275229357798166
26140072.0,399000.0,0.4509090909090909
26142551.0,279950.0,0.4564077669902913
26152486.0,161100.0,0.0846590909090909
26154162.0,272000.0,0.29524426306791934
26166977.0,697500.0,0.0035971223021582736
26168105.0,372450.0,0.22244258872651357
26169001.0,1267500.0,0.014
26177812.0,350000.0,0.20693817028173386
26178252.0,305949.5,0.15452641509433962
26178397.0,190000.0,0.11627906976744186
26178735.0,226250.0,0.07789423535016675
26186388.0,217085.0,0.4481987991994663
26187539.0,232450.0,0.010851063829787235
26188355.0,209950.0,0.2423076923076923
26191866.0,347499.5,0.02205735294117647
26191936.0,224950.0,0.0627044279351164
26194050.0,347450.0,0.2278888888888889
26195299.0,199945.0,2.3324166666666666
26208169.0,354999.5,0.419998
26211344.0,340000.0,0.4323873121869783
26212315.0,292000.0,0.3511111111111111
26212577.0,324900.0,3.3377837116154874
26217800.0,209995.0,0.5860649546827794
26218325.0,219950.0,0.06404255319148937
26218550.0,210000.0,0.14285714285714285
26221795.0,193949.5,0.030204010200510025
26222239.0,367000.0,0.503382949932341
26223124.0,365000.0,2.0416666666666665
26224409.0,222449.5,0.23651750972762645
26228899.0,189250.0,0.1946808510638298
26229088.0,298750.0,0.12106501912327156
26231566.0,79450.0,0.1636842105263158
26233264.0,182000.0,0.8218218218218218
26236542.0,217450.0,0.011395348837209301
26239835.0,213000.0,0.775
26240305.0,194749.5,0.0527
26247162.0,300000.0,0.04895104895104895
26249253.0,222500.0,0.03218790778599391
26250538.0,222499.5,0.4354806451612903
26256606.0,294450.0,1.45375
26257780.0,239450.0,0.11372093023255814
26257780.0,239450.0,0.11372093023255814
26259894.0,339500.0,0.17881944444444445
26260580.0,115000.0,0.041666666666666664
26266603.0,324450.0,0.21819277108433735
26266821.0,326950.0,0.36514563106796116
26267533.0,232450.0,0.4537210756722952
26267904.0,205499.5,0.4678535714285714
26268043.0,190000.0,0.29692832764505117
26268077.0,194500.0,0.44609665427509293
26268779.0,213000.0,0.38311688311688313
26268786.0,213000.0,0.2909090909090909
26272984.0,190000.0,0.12804038549793484
26274151.0,194500.0,0.1270331504198126
26275627.0,227500.0,0.2638888888888889
26275689.0,214450.0,0.09974358974358974
26279375.0,289000.0,0.156
26281279.0,198994.5,0.07401349464867381
26285722.0,160750.0,0.33958333333333335
26288730.0,150000.0,0.42857142857142855
26288911.0,194749.5,0.557996
26289069.0,292495.0,2.046854654735987
26289419.0,324000.0,0.07428571428571429
26290747.0,259499.5,0.7299966666666666
26290846.0,293700.0,0.3473333333333333
26290925.0,174000.0,0.3415574402467232
26291388.0,537500.0,0.25851841633328737
26292267.0,589500.0,0.1647183846971307
26293822.0,249495.0,0.0019879518072289156
26295467.0,303000.0,0.212
26295975.0,298750.0,0.03597934817683124
26296647.0,174000.0,0.16077384923282187
26297553.0,283000.0,0.04818696988777362
26298540.0,348500.0,0.04029850746268657
26298780.0,190000.0,0.0
26300393.0,220000.0,0.12245470640156328
26306120.0,231000.0,0.155
26306252.0,182500.0,0.008287292817679558
26307601.0,244950.0,0.065
26308676.0,191700.0,0.148
26308961.0,187250.0,0.20806451612903226
26310491.0,357000.0,0.23145912383580544
26310860.0,225000.0,0.12669003505257886
26313778.0,289000.0,0.4041237113402062
26313930.0,377500.0,0.28773584905660377
26315503.0,464500.0,0.42923076923076925
26320055.0,207085.0,0.21814705882352942
26321109.0,220000.0,0.021787461093819474
26321230.0,329495.0,0.1864320987654321
26322562.0,344700.0,0.14938312770923642
26325449.0,235000.0,0.11904761904761904
26327834.0,214450.0,0.13875502008032128
26330965.0,232450.0,0.03145833333333333
26331013.0,364000.0,0.4026974951830443
26332397.0,362499.5,0.2594494382022472
26334872.0,334900.0,0.27978494623655914
26336959.0,378450.0,0.28288135593220337
26337359.0,222500.0,0.03488372093023256
26338328.0,232450.0,0.1069047619047619
26338706.0,206449.5,0.06159318181818182
26338763.0,205499.5,0.062012919896640824
26338932.0,185500.0,0.4269230769230769
26342032.0,294500.0,0.2600502512562814
26342488.0,174000.0,0.10126582278481013
26342775.0,282000.0,0.010752688172043012
26343784.0,336000.0,0.2679245283018868
26345774.0,312450.0,0.10728571428571429
26345921.0,306950.0,0.20272727272727273
26346918.0,222449.5,0.4929496644295302
26348988.0,336499.5,0.24629444444444445
26349184.0,292400.0,0.025964912280701753
26349354.0,338950.0,0.2296590909090909
26350815.0,207500.0,0.09268035808320169
26352825.0,214450.0,0.10645833333333334
26355745.0,461300.0,inf
26360413.0,317500.0,0.15454545454545454
26361774.0,209999.5,0.6153807692307692
26365508.0,277500.0,0.11
26365684.0,219950.0,0.2226236798221234
26365718.0,432000.0,0.39399806389157793
26368232.0,199950.0,0.18387755102040818
26368463.0,198000.0,0.10061145080600334
26369094.0,321000.0,0.22519083969465647
26371604.0,461300.0,inf
26372278.0,299950.0,0.003177257525083612
26374551.0,185500.0,0.06
26374703.0,222449.5,0.06139451476793249
26374973.0,174000.0,0.3384615384615385
26376564.0,326950.0,0.14719298245614035
26377237.0,282000.0,0.010752688172043012
26378182.0,147450.0,0.10636363636363637
26379331.0,214450.0,0.0452307842277136
26381362.0,322400.0,0.4017391304347826
26382523.0,372450.0,0.2905714285714286
26384812.0,330000.0,0.10569105691056911
26384871.0,342450.0,0.17481927710843373
26386434.0,224950.0,0.09983993597438975
26387648.0,209450.0,0.16685236768802228
26388215.0,222500.0,0.03260869565217391
26388350.0,209995.0,0.17974719101123596
26388459.0,220000.0,0.11111672281173138
26390245.0,317500.0,0.15454545454545454
26390452.0,295000.0,0.09230769230769231
26390726.0,324450.0,0.004489164086687306
26391656.0,222500.0,0.10964385754301721
26392785.0,324500.0,0.2540229885057471
26393431.0,274995.0,0.14629012088370155
26394376.0,284500.0,0.01896551724137931
26397259.0,171500.0,0.2543478260869565
26398627.0,279000.0,0.06532663316582915
26400041.0,297400.0,0.279030303030303
26402288.0,592000.0,0.2691358024691358
26403284.0,314950.0,0.25894117647058823
26403789.0,171500.0,0.1425
26404497.0,160000.0,0.3333333333333333
26404666.0,213000.0,0.09230769230769231
26405408.0,327000.0,0.10410958904109589
26405528.0,356500.0,0.11755485893416928
26409225.0,298000.0,0.15953307392996108
26411243.0,345000.0,0.1500383346111537
26412046.0,292000.0,0.04659498207885305
26413832.0,289500.0,0.09247648902821316
26416492.0,224950.0,0.022504647748398856
26417673.0,354950.0,0.028840579710144927
26418566.0,374000.0,0.32
26421001.0,202000.0,0.12173913043478261
26423440.0,512500.0,0.14583190971984952
26424146.0,327000.0,0.06862745098039216
26424345.0,381500.0,0.09
26424379.0,172500.0,0.002890173410404624
26425100.0,327000.0,0.23776223776223776
26425798.0,392500.0,0.03835978835978836
26426340.0,198994.5,0.06414171122994652
26426341.0,198994.5,0.05010290237467018
26427241.0,327500.0,0.03648131803471609
26430226.0,272500.0,0.17423992193915738
26430359.0,350000.0,0.0
26430711.0,337500.0,0.02614776527820006
26433415.0,287500.0,0.08490566037735849
26434412.0,327000.0,0.14736842105263157
26434783.0,666500.0,inf
26434948.0,222499.5,0.010673632725655847
26435117.0,395750.0,0.4390909090909091
26435430.0,407250.0,0.16357142857142856
26435881.0,219450.0,0.08179916317991631
26440957.0,192949.5,0.195708628595248
26442801.0,340000.0,0.27505330490405117
26443297.0,306450.0,0.319
26443549.0,537500.0,0.2833333333333333
26443603.0,434950.0,0.4041780821917808
26443972.0,294500.0,0.34555555555555556
26452319.0,356500.0,0.426
26452526.0,235000.0,0.23684210526315788
26452714.0,185500.0,0.1372093023255814
26452821.0,289950.0,0.00017241379310344826
26454721.0,294000.0,0.0951061865189289
26455346.0,220000.0,0.06382978723404255
26455902.0,188250.0,0.04583333333333333
26456688.0,322000.0,0.21555303888259722
26456745.0,315000.0,0.09565217391304348
26459944.0,202000.0,0.06912442396313365
26461574.0,319950.0,0.02750759878419453
26461995.0,294000.0,0.08889292182563639
26462097.0,429000.0,0.46368296037004625
26462351.0,709950.0,0.21107900877875319
26462379.0,522500.0,0.3032404320576077
26465566.0,300000.0,0.26614481409001955
26468655.0,289900.0,0.1693409742120344
26470327.0,367500.0,0.11363636363636363
26471454.0,412500.0,0.08839050131926121
26473489.0,322000.0,0.009230769230769232
26474840.0,414000.0,0.07532467532467532
26480412.0,231750.0,0.012008733624454149
26592963.0,1295000.0,0.17834394904458598
26599361.0,298945.0,0.28822619047619047
26608955.0,317450.0,0.4228076874124984
26611028.0,169950.0,0.27680851063829787
26627940.0,0.0,
26631521.0,372500.0,0.31005741804037784
26631597.0,346950.0,0.13240810202550637
26633580.0,149499.5,0.24111928934010152
26634304.0,359900.0,0.20022222222222222
26637878.0,317400.0,0.2946666666666667
26637950.0,0.0,
26648096.0,830000.0,0.0757238307349666
26648165.0,1635000.0,0.14736842105263157
26651503.0,829950.0,0.0374375
26679035.0,215000.0,0.780388151174668
26679200.0,799500.0,0.066
26679213.0,427000.0,0.3328125
26681240.0,274950.0,1.1166281755196306
26681927.0,177000.0,0.23043478260869565
26682132.0,342000.0,0.14381270903010032
26683473.0,0.0,
26683562.0,304949.5,0.15291570254361816
26685299.0,412450.0,0.40994277539341917
26685956.0,427000.0,0.10105263157894737
26686374.0,0.0,
26687122.0,199900.0,0.5376923076923077
26687182.0,394999.0,0.102275
26687419.0,216000.0,0.08085106382978724
26688633.0,228500.0,0.0886136255359695
26690861.0,0.0,
26691529.0,314240.0,0.030295081967213113
26692493.0,1425000.0,0.03636363636363636
26692778.0,1674500.0,0.606
26692836.0,982487.5,0.27223148148148146
26693638.0,0.0,
26693768.0,597500.0,0.3703898840885142
26698806.0,1495000.0,0.5333333333333333
26700488.0,809088.5,0.08577570621468926
26700751.0,374500.0,0.41023622047244096
26700880.0,737000.0,0.07873848423105288
26702035.0,0.0,
26702967.0,0.0,
26703179.0,667000.0,0.03193033381712627
26703328.0,0.0,
26703870.0,694000.0,0.13141426783479349
26704460.0,0.0,
26705372.0,799495.0,0.15833771975997474
26706134.0,634950.0,0.253
26707685.0,0.0,
26708536.0,307450.0,0.12157142857142857
26708584.0,379500.0,0.5783333333333334
26709976.0,322450.0,0.37266536964980546
26710443.0,694000.0,0.06203541019056629
26711314.0,294450.0,1.4334710743801653
26711550.0,299994.5,0.17644901960784315
26711964.0,322450.0,0.14013333333333333
26712810.0,379000.0,0.20210526315789473
26713848.0,328999.5,0.11057177615571775
26715655.0,205000.0,0.20588235294117646
26717120.0,352450.0,0.18271812080536912
26719974.0,0.0,
26720034.0,0.0,
26723341.0,0.0,
26724210.0,274950.0,0.44710526315789473
26725314.0,331500.0,0.326
26726433.0,208700.0,2.02463768115942
26726562.0,449500.0,0.6345454545454545
26727955.0,357000.0,0.23225806451612904
26727969.0,379000.0,0.010666666666666666
26729296.0,279949.5,0.29837218045112784
26729339.0,304949.5,0.10890727272727273
26729958.0,294500.0,inf
26730076.0,0.0,
26730862.0,292900.0,0.023634121137371247
26731227.0,82450.0,0.857844827586207
26731457.0,0.0,
26732004.0,217500.0,0.03333333333333333
26733666.0,1224500.0,0.3538258575197889
26734119.0,1209500.0,0.007916666666666667
26734195.0,1044499.5,0.04452561314032851
26736244.0,619500.0,0.041176470588235294
26737758.0,0.0,
26740858.0,330000.0,0.29772291977016385
26741097.0,872500.0,0.030447827536392934
26741232.0,1319500.0,0.0575
26741634.0,499500.0,0.00909090909090909
26743514.0,317450.0,0.5365693430656935
26745381.0,449500.0,0.798
26747378.0,224949.5,0.04627674418604651
26747656.0,177000.0,0.11455727863931967
26747876.0,351840.0,0.037876106194690264
26748274.0,394950.0,0.23808777429467085
26748300.0,342000.0,0.3411764705882353
26749177.0,377500.0,0.531055900621118
26750137.0,354949.5,0.28867835671342684
26750517.0,225000.0,0.3644633110976349
26750756.0,125000.0,inf
26753510.0,297500.0,0.2352185089974293
26753863.0,394950.0,0.1221382529450989
26753965.0,215000.0,0.059113300492610835
26755074.0,2640000.0,0.3230769230769231
26756093.0,2200000.0,0.48777648428405124
26757860.0,1437500.0,0.5886981402002861
26757975.0,5220000.0,0.2036613272311213
26758808.0,0.0,
26758856.0,299900.0,0.1996
26759540.0,1920000.0,0.6997654417513682
26759625.0,1324500.0,0.6415426251691475
26759783.0,3787499.5,0.7063953875968992
26760384.0,0.0,
26760684.0,3847500.0,0.31233243967828417
26761528.0,1450000.0,0.01694915254237288
26761999.0,355000.0,0.017191977077363897
26763279.0,0.0,
26763526.0,277499.0,0.07500333333333334
26764219.0,424750.0,0.23151638155987242
26765807.0,269999.5,0.03571262754509837
26765915.0,424750.0,0.5451073117497272
26766407.0,225000.0,0.2162227903934616
26767732.0,449500.0,0.798
26767903.0,399900.0,0.14289797084881395
26768168.0,327000.0,0.06571428571428571
26768686.0,0.0,
26769856.0,322500.0,0.11206896551724138
26772041.0,125000.0,inf
26772191.0,327000.0,0.23058823529411765
26776865.0,199200.0,0.0187192118226601
26777172.0,298950.0,0.04894736842105263
26777338.0,379950.0,0.412453531598513
26778065.0,343500.0,0.09047619047619047
26778141.0,442000.0,0.04
26778645.0,372500.0,0.17037861915367483
26781805.0,407450.0,0.13212003334259517
26782963.0,199950.0,0.047857142857142855
26784216.0,387500.0,0.3454861111111111
26784993.0,322450.0,0.32044257112750263
26785094.0,407400.0,0.052337752965806
26785466.0,344500.0,0.029577464788732393
26785840.0,325000.0,0.18546365914786966
26787148.0,1425000.0,0.13636363636363635
26787967.0,799500.0,0.40509666080843587
26788933.0,0.0,
26789894.0,1354495.0,0.2678405405405405
26790570.0,719450.0,0.20108514190317195
26790665.0,1337500.0,0.16304347826086957
26791632.0,337500.0,0.07142857142857142
26793226.0,179950.0,0.17264367816091955
26793499.0,289999.5,1.7241379310344827e-06
26793582.0,0.0,
26795022.0,315000.0,0.05942072260376232
26797811.0,271200.0,0.2914285714285714
26799846.0,348950.0,0.16355451817272423
26799885.0,449500.0,0.523728813559322
26802871.0,412450.0,0.3794314381270903
26806235.0,1770000.0,0.37894736842105264
26807428.0,0.0,
26808355.0,352450.0,0.35918181818181816
26808771.0,550000.0,0.19708029197080293
26808902.0,1199500.0,0.28388059701492535
26809564.0,322450.0,0.37990384615384615
26810711.0,0.0,
26811290.0,348950.0,0.28640081799591
26811292.0,354949.5,0.019969827586206898
26811746.0,0.0,
26811828.0,302500.0,0.12318840579710146
26811927.0,0.0,
26812237.0,329950.0,0.08347222222222223
26812599.0,0.0,
26812729.0,222250.0,0.05425531914893617
26812729.0,206500.0,0.5118203309692672
26813790.0,215000.0,0.10416666666666667
26815598.0,0.0,
26815899.0,0.0,
26817438.0,437400.0,0.18248175182481752
26820655.0,233500.0,0.5566666666666666
26822075.0,198450.0,0.19
26822225.0,199900.0,0.1308695652173913
26822311.0,182450.0,0.08925373134328358
26824245.0,217500.0,0.0880440220110055
26824576.0,0.0,
26825088.0,0.0,
26825098.0,352500.0,0.03982300884955752
26826455.0,279949.5,0.09870290423861852
26826688.0,409700.0,0.49036013095671155
26827130.0,467000.0,0.12530120481927712
26827131.0,399900.0,0.3464646464646465
26827226.0,0.0,
26827353.0,224750.0,0.04534883720930233
26827652.0,427500.0,0.47413793103448276
26828461.0,387450.0,0.29554545454545456
26829022.0,1180000.0,0.19312436804853386
26829755.0,162450.0,0.015454545454545455
26830642.0,384500.0,0.31946902654867254
26830718.0,0.0,
26830808.0,0.0,
26831041.0,389900.0,0.123623286131715
26831058.0,359950.0,0.3333024634191517
26832237.0,0.0,
26833755.0,877500.0,0.09824780976220275
26834688.0,244495.0,1.44495
26837210.0,352450.0,0.25875
26837345.0,754950.0,0.19833333333333333
26838042.0,184450.0,0.19804347826086957
26838522.0,376500.0,0.009210526315789473
26839286.0,172500.0,0.078125
26839669.0,172500.0,0.3097238895558223
26839777.0,342000.0,0.3204633204633205
26840179.0,1322500.0,0.10300250208507089
26840258.0,0.0,
26848220.0,0.0,
26854246.0,0.0,
26854509.0,719450.0,0.23003932296118995
26855086.0,0.0,
26857375.0,284999.5,0.07546981132075471
26858447.0,0.0,
26859718.0,327000.0,0.26499032882011603
26860008.0,429750.0,0.07437768594421486
26860144.0,335000.0,0.18292682926829268
26860701.0,192500.0,0.07003891050583658
26861272.0,329950.0,0.3198
26861990.0,350450.0,0.17207357859531772
26862101.0,327000.0,0.09
26862449.0,170000.0,0.28870292887029286
26863362.0,1312500.0,0.07581967213114754
26868466.0,1155000.0,0.12830188679245283
26868467.0,322500.0,0.6513513513513514
26868743.0,381995.0,0.5750889877641824
26870660.0,0.0,
26870808.0,1097500.0,0.122
26871700.0,1200000.0,0.16756845113288193
26872207.0,376250.0,inf
26873121.0,719450.0,0.06443433029908972
26873220.0,617500.0,0.35136554621848737
26873695.0,530000.0,0.09880804611382224
26874290.0,622450.0,0.13542607125494827
26874850.0,348950.0,0.3007014028056112
26875829.0,1049999.0,0.1854158262218774
26875957.0,344500.0,0.11439588688946016
26876156.0,464500.0,0.4037227214377407
26876866.0,379000.0,0.2935153583617747
26877039.0,257350.0,0.7156666666666667
26877340.0,609055.0,0.2338930817610063
26877456.0,224900.0,0.00044444444444444447
26878629.0,279999.5,0.07733551365909966
26882167.0,409700.0,0.41324594687823385
26882200.0,394450.0,0.25222222222222224
26883714.0,412450.0,0.19127450980392158
26883807.0,327000.0,0.2700892857142857
26884045.0,387500.0,0.18421052631578946
26884941.0,304950.0,0.1298629121896999
26885328.0,405000.0,0.557698298839611
26885396.0,0.0,
26887254.0,0.0,
26887814.0,274499.5,0.0018163702413463321
26888122.0,372499.5,0.38992350746268656
26888494.0,777450.0,0.21495546179090483
26888534.0,0.0,
26891609.0,352500.0,0.17539179726575524
26893071.0,352000.0,0.33840304182509506
26893613.0,687000.0,0.084
26896481.0,457000.0,0.015555555555555555
26898764.0,389950.0,0.5292156862745098
26899567.0,144499.0,0.3577822222222222
26899585.0,0.0,
26899659.0,184499.5,0.2550986394557823
26899952.0,299450.0,0.17431372549019608
26900225.0,0.0,
26900291.0,0.0,
26900755.0,0.0,
26900971.0,365000.0,0.43137254901960786
26901112.0,187500.0,0.16666666666666666
26901232.0,177000.0,0.17636109818520243
26903058.0,1362000.0,0.19646017699115045
26903461.0,669000.0,0.17407407407407408
26904154.0,799950.0,0.06982558139534883
26905056.0,409700.0,0.36566666666666664
26905213.0,457500.0,0.48058252427184467
26907793.0,294950.0,1.4682008368200836
26909020.0,369900.0,0.32107142857142856
26910847.0,322450.0,0.3738834951456311
26910927.0,709950.0,0.015665236051502145
26912404.0,334999.5,0.33892685851318943
26913419.0,352500.0,0.2818181818181818
26913987.0,399900.0,0.4541818181818182
26922562.0,86499.5,0.22768303571428572
26923422.0,69000.0,0.31
26923493.0,409950.0,0.6398
26924680.0,0.0,
26925148.0,185000.0,0.05714285714285714
26925193.0,147500.0,0.520618556701031
26925502.0,150500.0,0.14
26925700.0,182499.5,0.019550279329608938
26926220.0,57450.0,0.47725204731574156
26926302.0,657000.0,0.09536512170723574
26927757.0,449500.0,0.04157782515991471
26927759.0,0.0,
26927830.0,187500.0,0.10294117647058823
26928127.0,319900.0,0.015555555555555555
26929682.0,156500.0,0.13007226236798222
26930462.0,150500.0,0.11418481459682166
26933934.0,57450.0,0.39525679217675974
26934722.0,170000.0,0.19047619047619047
27160798.0,324000.0,0.18592964824120603
27291929.0,298945.0,0.2526375
27338340.0,315000.0,0.22604422604422605
27338476.0,287500.0,inf
27559748.0,355000.0,0.36538461538461536
27578872.0,230750.0,0.003260869565217391
27580664.0,219500.0,0.12024048096192384
27581732.0,317449.5,0.07610364780897562
27582632.0,217500.0,0.04185022026431718
27582663.0,227000.0,0.1073170731707317
27583024.0,217500.0,0.12965186074429771
27589677.0,392500.0,0.02748960075811717
27600848.0,333950.0,0.18421985815602837
27600979.0,233500.0,0.41515151515151516
27601436.0,231950.0,0.07883720930232559
27741569.0,333950.0,0.32535353535353534
27741864.0,221000.0,0.0391304347826087
27743221.0,1495000.0,0.5040241448692153
27745071.0,75000.0,0.15730337078651685
27747294.0,379950.0,0.39594594594594595
27749427.0,353950.0,0.016805555555555556
27750802.0,357499.5,0.021719062589311233
27752329.0,999987.0,0.0909200826546206
27753448.0,379450.0,0.28627118644067795
27753676.0,195000.0,0.1702127659574468
27753965.0,210000.0,0.045454545454545456
27754553.0,170000.0,0.15
27755760.0,54950.0,0.35352941176470587
27759274.0,1299500.0,0.30604327681685245
27760305.0,1019500.0,0.417095483133219
27760310.0,384497.5,0.3009136363636364
27760352.0,355000.0,0.28985797159431886
27760468.0,552450.0,0.42151832460732985
27761077.0,599450.0,0.20073333333333335
27762899.0,339450.0,0.0948
27763141.0,347500.0,0.05366889023650697
27763426.0,334900.0,0.25561235830184487
27765418.0,324945.0,0.1401578947368421
27765587.0,717000.0,0.1732726067279698
27765746.0,164450.0,0.17361809045226131
27769282.0,225000.0,0.06249609373372389
27770537.0,717450.0,0.13455971049457177
27771164.0,310750.0,0.21329113924050633
27772866.0,357000.0,0.3783783783783784
27773668.0,1069450.0,0.04858319443082655
27774515.0,301495.0,0.3281718061674009
27776635.0,680000.0,0.06042884990253411
27777300.0,299500.0,0.0890909090909091
27778526.0,287000.0,0.3477272727272727
27778931.0,223500.0,0.006756756756756757
27779092.0,389900.0,0.037046184243022966
27779225.0,205000.0,0.10675381263616558
27779634.0,337500.0,0.09223300970873786
27783385.0,614900.0,0.060172413793103445
27783442.0,314950.0,0.10014285714285714
27784177.0,627462.0,0.047515859766277126
27784520.0,237435.0,0.7576946627206858
27787557.0,191750.0,0.06234718826405868
27788708.0,277500.0,0.41578947368421054
27790496.0,299500.0,0.049206349206349205
27791703.0,1222500.0,0.30142857142857143
27792059.0,3700000.0,0.32727272727272727
27794339.0,89950.0,0.35671191553544496
27798650.0,97250.0,0.8907303370786517
27799704.0,302400.0,0.2798285306025244
27801434.0,2875000.0,0.008620689655172414
27804254.0,301500.0,0.024271844660194174
27805265.0,349499.5,0.3213601941747573
27806948.0,652500.0,0.2542857142857143
27807382.0,225000.0,0.8192044997991161
27810793.0,319495.0,0.13649766620990866
27810804.0,327450.0,0.06442857142857143
27811327.0,75000.0,0.0
27811725.0,117500.0,0.9915254237288136
27811899.0,684500.0,0.054699537750385205
27812325.0,182500.0,0.8648048003555819
27813117.0,777450.0,0.29791318864774624
27815159.0,434750.0,0.1306892067620286
27817328.0,324945.0,0.29978
27817887.0,217500.0,0.2869822485207101
27818048.0,225000.0,0.21621621621621623
27820492.0,205000.0,0.36666666666666664
27820829.0,1547000.0,0.2066259808195292
27823216.0,1641975.0,0.2860978260869565
27825859.0,222500.0,0.7977272727272727
27826428.0,1222500.0,0.3730769230769231
27827983.0,684500.0,0.022141460202086002
27829616.0,306950.0,0.023166666666666665
27835212.0,178450.0,0.25645833333333334
27838259.0,209750.0,0.19857142857142857
27838339.0,224500.0,0.2792022792022792
27841940.0,1097500.0,0.08541666666666667
27842884.0,93950.0,0.197008547008547
27845419.0,1475000.0,0.4097639055622249
27845819.0,4424950.0,0.39342700479780673
27845982.0,3362500.0,0.7720338983050847
27846222.0,143950.0,0.2766331658291457
27848692.0,680000.0,0.1335222537089515
27850023.0,327000.0,0.006153846153846154
27850647.0,377400.0,0.24518490369807397
27850805.0,314950.0,0.1711842105263158
27855041.0,622512.0,0.0826295652173913
27856353.0,221000.0,0.02643171806167401
27860749.0,682450.0,0.21647531572904707
27864799.0,99750.0,0.24716981132075472
27866340.0,75000.0,0.3055555555555556
27871466.0,73150.0,0.8049328131541684
27871797.0,184400.0,1.4851752021563343
27872647.0,1497235.0,0.14443714285714285
27872829.0,664500.0,0.03555878084179971
27873680.0,1147500.0,0.1774193548387097
27876744.0,138999.5,0.3822244444444444
27876744.0,207499.5,0.07778
27877246.0,222000.0,0.3875
27884988.0,1881500.0,0.2467974379503603
27885081.0,2122500.0,0.2080223880597015
27885293.0,1375000.0,0.358974358974359
27885519.0,409950.0,0.02159904534606205
27886314.0,314995.0,0.04518035768414671
27889986.0,172400.0,0.23230879199428162
27890457.0,333950.0,0.3515533980582524
27891466.0,422500.0,0.09740259740259741
27893321.0,324495.0,0.07260645898828237
27898655.0,294999.5,0.4088186372745491
27901050.0,199950.0,0.1768687463213655
27901976.0,1287250.0,0.3202564102564103
27906509.0,344950.0,0.20701149425287357
27907698.0,188750.0,0.6413043478260869
27907811.0,369450.0,0.05557142857142857
27909957.0,644500.0,0.18930817610062894
27910003.0,1387500.0,0.04310344827586207
27910242.0,348850.0,0.393304347826087
27911125.0,1147500.0,0.11662817551963048
27911382.0,572000.0,0.18285714285714286
27913252.0,492500.0,0.060114503816793896
27914761.0,1375000.0,0.2724867724867725
27916158.0,221000.0,0.03871248368856024
27920298.0,224500.0,0.18220115850447605
27921379.0,229499.5,0.29734030525720745
27921690.0,177500.0,0.22413793103448276
27922127.0,200000.0,0.6
27922295.0,159500.0,0.16052631578947368
27927372.0,221750.0,0.18266666666666667
27928084.0,180000.0,0.6363636363636364
27928650.0,1037500.0,0.18595527657905062
27931356.0,191500.0,0.47307692307692306
27932631.0,221000.0,0.059574468085106386
27932908.0,180325.0,0.030458013086088174
27933117.0,207500.0,0.1166453810131971
27933269.0,65000.0,0.4583333333333333
27933581.0,4450000.0,0.2191780821917808
27934663.0,1200000.0,0.22580645161290322
27936023.0,302450.0,0.2098
27940246.0,499500.0,0.019387755102040816
27940969.0,337495.0,0.27356603773584903
27943008.0,227499.5,0.031504895700298
27943031.0,174500.0,0.22887323943661972
27943579.0,326200.0,0.035555555555555556
27944985.0,592000.0,0.011686143572621035
27945011.0,680000.0,0.0932124283237765
27945020.0,567000.0,0.24299065420560748
27945456.0,1247000.0,0.19330143540669856
27947306.0,1284450.0,0.11788511749347258
27948662.0,229499.5,0.20852817272248553
27950358.0,1495000.0,0.365296803652968
27951319.0,182950.0,0.25326530612244896
27951565.0,174500.0,0.1275
27952109.0,227500.0,0.13806903451725863
27952392.0,1475000.0,0.016010673782521682
27952413.0,1549000.0,0.04676923076923077
27952488.0,300449.5,0.34111951754385966
27955868.0,287500.0,0.12966601178781925
27961140.0,259450.0,0.652547770700637
27961480.0,664500.0,0.28162162162162163
27962664.0,1587000.0,0.024531956100710135
27962785.0,1524000.0,0.016139444803098774
27962839.0,1593975.0,0.32885263157894734
27964104.0,344950.0,0.20701149425287357
27964872.0,307449.5,0.3848549419767907
27968075.0,180000.0,0.004975124378109453
27972405.0,386450.0,0.2881666666666667
27972407.0,182000.0,0.21333333333333335
27972408.0,386450.0,0.1890769230769231
27972711.0,680000.0,0.14465408805031446
27974521.0,392500.0,0.06547619047619048
27975820.0,225000.0,0.08119012422309521
27976505.0,311500.0,0.19090909090909092
27976767.0,317500.0,0.41743119266055045
27977083.0,494500.0,0.17878426698450536
27977477.0,212000.0,0.325
27978060.0,229499.5,0.06743953488372093
27978748.0,355000.0,0.2111111111111111
27979105.0,287500.0,0.05706789111183995
27979194.0,684500.0,0.19043478260869565
27981231.0,305450.0,0.36364583333333333
27982081.0,3247450.0,0.44949143922698764
27982136.0,225000.0,0.8746518105849582
27983636.0,294495.0,0.10214939024390243
27983851.0,200500.0,0.17941176470588235
27986366.0,635012.0,0.31350054054054055
27990023.0,199250.0,0.07325581395348837
27990630.0,302450.0,0.039841269841269844
27991777.0,92500.0,0.34252539912917274
27992647.0,334900.0,0.21560798548094373
27993465.0,322000.0,0.006281446295196725
27995408.0,326500.0,0.0532258064516129
27995681.0,177500.0,0.1744147647198359
27997454.0,221750.0,0.03187529083294555
27999830.0,382500.0,0.30327868852459017
28000550.0,340000.0,0.36
28001366.0,187450.0,0.07114285714285715
28005998.0,719000.0,0.03008595988538682
28007165.0,174500.0,0.1883720930232558
28008568.0,337450.0,0.15637289093222734
28008944.0,272450.0,0.11828478964401294
28009053.0,272450.0,0.22156030800440007
28012171.0,214950.0,0.04253897550111359
28013800.0,353950.0,0.3613461538461539
28013814.0,178322.5,0.3209074074074074
28015186.0,214900.0,0.10421008753647353
28015201.0,210000.0,0.023255813953488372
28016184.0,1347000.0,0.17107692307692307
28016224.0,202500.0,0.07954545454545454
28017042.0,329950.0,0.5218115942028986
28020368.0,334900.0,0.18317073170731707
28020389.0,342450.0,0.29753846153846153
28021084.0,352200.0,0.3477777777777778
28023478.0,380000.0,0.15555555555555556
28024486.0,227499.5,0.0065524017467248905
28026829.0,1350000.0,0.1536050156739812
28027650.0,225000.0,0.09963985594237695
28027812.0,350000.0,0.3738819320214669
28028175.0,317450.0,0.29455555555555557
28028833.0,402500.0,0.052941176470588235
28030889.0,192500.0,0.1323529411764706
28031508.0,736249.5,0.1779539665676838
28031881.0,322495.0,0.007707692307692308
28033296.0,225000.0,0.3235294117647059
28033576.0,333950.0,0.40259391771019676
28033674.0,494500.0,0.2679519691076131
28034864.0,402450.0,0.0732
28035039.0,293500.0,0.09692307692307692
28035796.0,189000.0,0.005319148936170213
28036383.0,1222500.0,0.12155963302752294
28038066.0,187450.0,0.21895833333333334
28038431.0,224500.0,0.020454545454545454
28038628.0,417500.0,0.266900790166813
28039405.0,487000.0,0.44342857142857145
28040446.0,687000.0,0.05241379310344828
28042503.0,536250.0,0.1350806451612903
28043654.0,1887500.0,0.2135413389755579
28043950.0,661262.0,0.10228704784130689
28044653.0,1210000.0,0.44874715261959
28044823.0,284900.0,0.014186851211072665
28045777.0,292450.0,0.27152173913043476
28050478.0,185400.0,0.002162162162162162
28050698.0,337495.0,0.2980576923076923
28050858.0,307000.0,0.15849056603773584
28051924.0,222500.0,0.1125
28052524.0,465000.0,0.08644400785854617
28052821.0,199450.0,0.16895833333333332
28054014.0,739000.0,0.05722460658082976
28054910.0,169997.5,0.08109459459459459
28055767.0,209750.0,0.2411242603550296
28057456.0,214999.5,0.19444166666666668
28057768.0,662500.0,0.46978791516606644
28058554.0,1249500.0,0.405
28059509.0,317000.0,0.3784191846898959
28059710.0,451745.0,0.4048155467720685
28060640.0,312000.0,0.2562574493444577
28062660.0,462450.0,0.22796327212020034
28063472.0,409500.0,0.181
28064295.0,221450.0,0.07725321888412018
28068557.0,671250.0,0.12815126050420167
28069189.0,702449.5,0.04428639455782313
28069371.0,687500.0,0.19022379269729092
28073005.0,312499.5,0.041665
28073783.0,402500.0,0.24766355140186916
28073940.0,449500.0,0.49833333333333335
28074762.0,777450.0,0.19607692307692307
28075006.0,336500.0,0.010002942041776994
28075057.0,359700.0,0.21804347826086956
28076385.0,1410000.0,0.4
28079256.0,291950.0,0.4158499837930634
28079287.0,332400.0,0.3786915887850467
28080845.0,387500.0,0.17553016070246957
28084932.0,379400.0,0.20793319415448852
28086124.0,492500.0,0.10454545454545454
28086477.0,637450.0,0.18170731707317073
28087519.0,402000.0,0.005
28089922.0,699500.0,0.05345060893098782
28092334.0,2699500.0,0.4601
28092651.0,717450.0,0.12276995305164319
28092973.0,474995.0,0.0481062124248497
28093014.0,420000.0,0.3822620973672599
28094665.0,399450.0,0.1252112676056338
28095261.0,340000.0,0.050013970382788486
28095922.0,222500.0,0.08536585365853659
28098409.0,192500.0,0.0375
28099376.0,291950.0,0.4491509433962264
28100379.0,492500.0,0.015
28102441.0,235000.0,0.7956521739130434
28102565.0,392500.0,0.2863636363636364
28102601.0,1375000.0,0.42487046632124353
28104380.0,1147500.0,0.28056426332288403
28104493.0,294999.5,0.03508959680560283
28105228.0,1255000.0,0.23939393939393938
28105232.0,312000.0,0.363265306122449
28106198.0,365000.0,0.29672447013487474
28106318.0,353950.0,0.07257575757575757
28106491.0,342450.0,0.17678309574749393
28106739.0,307449.5,0.10884202898550725
28109597.0,360000.0,0.4461538461538462
28109641.0,310000.0,0.39805825242718446
28110072.0,322450.0,0.28343648262758475
28111134.0,287500.0,0.39473684210526316
28111186.0,323500.0,0.06231884057971015
28113125.0,635012.0,0.08958853046594982
28113243.0,387500.0,0.2674858223062382
28113402.0,225000.0,0.8388122829338743
28113667.0,287450.0,0.44507722007722006
28115915.0,182000.0,0.07058823529411765
28117428.0,231950.0,0.008482645576719898
28117855.0,213000.0,0.1125
28121859.0,292000.0,0.08188217858466099
28121992.0,317000.0,0.17450907743608743
28126544.0,379000.0,0.13765642775881684
28128938.0,244495.0,0.06302636098417819
28129964.0,314000.0,0.23137254901960785
28132659.0,307000.0,0.30068337129840544
28132760.0,402500.0,0.17010309278350516
28133014.0,409500.0,0.06363636363636363
28134834.0,354450.0,0.32485714285714284
28134846.0,399450.0,0.15905263157894736
28136666.0,215000.0,0.30303030303030304
28136721.0,1010000.0,3.299702000851426
28137408.0,317500.0,0.19811320754716982
28137579.0,322000.0,0.19303445720637272
28137781.0,677500.0,0.003676470588235294
28138060.0,374500.0,0.26949152542372884
28139178.0,224750.0,0.25558659217877094
28139394.0,202450.0,0.01225
28140130.0,182500.0,0.09203980099502487
28140790.0,405000.0,0.4781021897810219
28141226.0,360500.0,0.025675675675675677
28142457.0,154775.0,0.03265625
28144255.0,229499.5,0.08163465386154461
28144981.0,200500.0,0.1457142857142857
28145752.0,383000.0,0.14888888888888888
28149260.0,482500.0,1.4246231155778895
28149491.0,302000.0,0.09818181818181818
28149885.0,333950.0,0.21436363636363637
28150324.0,326950.0,0.17227848101265822
28150438.0,332400.0,0.007761194029850746
28153135.0,194950.0,0.9514514514514515
28154719.0,208000.0,0.018867924528301886
28156726.0,177500.0,0.2755102040816326
28156786.0,264500.0,0.7215496368038741
28157578.0,397000.0,0.240625
28158074.0,382393.0,0.00895250659630607
28158777.0,212000.0,0.24705882352941178
28159347.0,377450.0,0.2053684210526316
28160486.0,221000.0,0.034934497816593885
28160866.0,637450.0,0.17748280965523827
28162419.0,217000.0,0.14210526315789473
28162486.0,227000.0,0.15816326530612246
28163140.0,317500.0,0.02307091120560742
28165324.0,297450.0,0.005183946488294315
28167455.0,344999.5,0.19748895091881832
28172155.0,327450.0,0.13828947368421052
28172425.0,332500.0,0.20909090909090908
28172822.0,307449.5,0.09842622365130403
28173625.0,174500.0,0.05675675675675676
28175477.0,353950.0,0.2686379928315412
28177516.0,215000.0,0.044444444444444446
28180679.0,355000.0,0.36590996537129666
28181325.0,367500.0,0.3867924528301887
28181429.0,233500.0,0.7296296296296296
28184965.0,220500.0,0.050005000023809636
28188128.0,355000.0,0.23693379790940766
28189391.0,449500.0,0.2842857142857143
28189502.0,202500.0,0.3064516129032258
28189938.0,342000.0,0.06908408877774304
28190221.0,419000.0,0.04776194048512128
28190904.0,279950.0,0.10216535433070865
28191181.0,347450.0,0.08918495297805643
28192157.0,183325.0,0.11106060606060605
28195946.0,1375000.0,0.14583333333333334
28197166.0,287000.0,0.007371007371007371
28197805.0,346950.0,0.28977695167286244
28198099.0,307000.0,0.006472491909385114
28198761.0,144499.5,0.039572227138324735
28199224.0,355000.0,inf
28202985.0,210000.0,0.07692307692307693
28203165.0,404500.0,0.3573825503355705
28203866.0,314949.5,0.13712465753424657
28205499.0,383000.0,0.11954022988505747
28206219.0,207499.5,0.012192682926829268
28206463.0,317000.0,0.15272727272727274
28207704.0,635012.0,0.2936462736373749
28207720.0,184450.0,0.441015625
28207902.0,184950.0,0.5542016806722689
28207952.0,184950.0,0.54125
28210405.0,222000.0,0.075
28210691.0,227500.0,0.13806903451725863
28212509.0,310500.0,0.04194630872483222
28212628.0,320400.0,0.0680035600118667
28212711.0,217500.0,0.05021834061135371
28213888.0,374500.0,0.3379778492318685
28216069.0,325000.0,0.13240418118466898
28216193.0,206000.0,0.21893491124260356
28218216.0,427500.0,0.07142857142857142
28220536.0,215000.0,0.22857142857142856
28223442.0,322450.0,0.172971989814478
28223450.0,230000.0,0.061224489795918366
28224955.0,347495.0,0.02234480729626361
28225440.0,387445.0,0.2620095238095238
28226336.0,353950.0,0.1802267422474158
28231843.0,449500.0,0.08313253012048193
28231850.0,269950.0,0.31658227848101267
28232284.0,332450.0,0.013567073170731707
28234773.0,195000.0,0.18181818181818182
28235087.0,288000.0,0.21095890410958903
28237948.0,422500.0,0.41304347826086957
28238895.0,367500.0,0.18586640851887706
28238914.0,366840.0,0.2589090909090909
28239156.0,335000.0,0.06944444444444445
28240452.0,302000.0,0.05329153605015674
28240787.0,388790.0,0.1360222222222222
28244009.0,352495.0,0.17040480112967757
28244729.0,289450.0,0.3841489361702128
28244741.0,409500.0,0.125
28245189.0,75000.0,0.6666666666666666
28248026.0,359450.0,0.3615530303030303
28248721.0,165000.0,0.18237190970978143
28248780.0,144499.5,0.04710541380734643
28250056.0,637000.0,2.692753623188406
28252478.0,292000.0,0.1252408477842004
28253124.0,355000.0,0.11285266457680251
28253939.0,206000.0,0.1557377049180328
28254929.0,176997.5,0.2905911823647295
28256722.0,202400.0,0.15
28256740.0,205500.0,0.37919463087248323
28258207.0,195500.0,0.15
28259401.0,190000.0,0.04952476238119059
28259906.0,284950.0,0.2079270877490462
28260078.0,326450.0,0.14543859649122806
28260144.0,279950.0,0.09784313725490196
28260388.0,313500.0,0.027868852459016394
28260698.0,352000.0,0.07368421052631578
28261081.0,340000.0,0.12596401028277635
28261581.0,262450.0,0.16696309470875945
28262142.0,182950.0,0.1486738017682643
28262351.0,325000.0,0.16112897463379777
28264177.0,195000.0,0.13333333333333333
28265109.0,329500.0,0.15295629820051415
28266335.0,322000.0,0.1970260223048327
28266678.0,341950.0,0.03676056338028169
28267575.0,195500.0,0.22263914946841776
28267701.0,187500.0,0.3392857142857143
28268706.0,216000.0,0.04
28269669.0,349950.0,0.3886904761904762
28273800.0,327400.0,0.022686567164179106
28273847.0,149775.0,0.14413796650266572
28274675.0,225000.0,0.05063291139240506
28275448.0,310000.0,0.04586026469682979
28276807.0,219500.0,0.08663366336633663
28277080.0,282450.0,0.1298
28283472.0,206000.0,0.32903225806451614
28284292.0,312500.0,0.20192307692307693
28286666.0,312500.0,0.0385510136257893
28286716.0,314499.5,0.16914312267657994
28288545.0,317500.0,0.24558650451157316
28289703.0,178450.0,0.18966666666666668
28291205.0,185000.0,0.1419753086419753
28291285.0,0.0,
28291535.0,202250.0,0.018891687657430732
28292452.0,217000.0,0.11247443762781185
28292982.0,356950.0,0.16011764705882353
28293271.0,349499.5,0.2944425925925926
28293370.0,400000.0,0.5384615384615384
28293706.0,144499.5,0.155996
28295668.0,347450.0,0.007002000571591884
28296316.0,149775.0,0.21170637740198633
28296341.0,138999.5,0.0733304888699258
28296697.0,179450.0,0.18431818181818183
28297170.0,353950.0,0.025942028985507248
28297214.0,377000.0,0.47843137254901963
28297563.0,282500.0,0.0741444866920152
28297573.0,199950.0,0.024634146341463416
28297589.0,226500.0,0.0069622251060994
28297955.0,99000.0,0.32
28298112.0,75000.0,0.3697478991596639
28298130.0,109250.0,0.02102803738317757
28299332.0,293950.0,0.05019649874955341
28299811.0,192500.0,0.18085106382978725
28300053.0,287500.0,0.10576923076923077
28300148.0,319500.0,0.22884615384615384
28301855.0,382000.0,0.1316208229142987
28307782.0,224500.0,0.020454545454545454
28308546.0,281950.0,0.0328217150811385
28309498.0,420000.0,0.4000466682222741
28310591.0,229044.0,0.0506605504587156
28313678.0,287500.0,0.15
28315021.0,319950.0,0.12342465753424657
28318114.0,222500.0,0.011111111111111112
28319705.0,277000.0,0.07635878626208736
28321723.0,430000.0,0.13756613756613756
28322810.0,199950.0,0.05292259083728278
28324680.0,150000.0,0.21011058451816747
28325756.0,229499.5,0.1474975
28326619.0,179450.0,0.23638297872340425
28326743.0,212450.0,0.5973684210526315
28330593.0,229950.0,0.48354838709677417
28332056.0,312500.0,0.13636363636363635
28334611.0,367500.0,0.19934640522875818
28334761.0,436950.0,0.10644171779141104
28341307.0,333950.0,0.257723938653034
28342651.0,367500.0,0.05030008573878251
28345818.0,305450.0,0.02534407519301779
28346154.0,106500.0,0.09745762711864407
28347371.0,392000.0,0.9698492462311558
28347707.0,165000.0,0.2992125984251969
28347722.0,165000.0,0.08282379099499722
28347906.0,179950.0,0.19966666666666666
28348360.0,175450.0,0.18395348837209302
28349046.0,172450.0,0.03927576601671309
28349686.0,179450.0,0.0030555555555555557
28349764.0,207000.0,0.17613636363636365
28349951.0,199995.0,0.818219009954998
28351202.0,106500.0,0.022935779816513763
28352224.0,289500.0,0.3566666666666667
28352251.0,182495.0,1.4332666666666667
28357650.0,377450.0,0.11188235294117647
28357832.0,222500.0,0.22488301679053124
28360684.0,225000.0,0.0975609756097561
28360790.0,209500.0,0.04729422464756708
28362374.0,329950.0,0.2695267410542516
28364449.0,275000.0,0.11290322580645161
28368013.0,314499.5,0.0661
28368357.0,192500.0,0.07541899441340782
28369068.0,200500.0,0.05526315789473684
28375955.0,219500.0,0.009195402298850575
28377210.0,309499.5,0.08823243482103403
28377792.0,229950.0,0.14975
28377830.0,349950.0,0.3009293680297398
28379370.0,210000.0,0.06666666666666667
28380993.0,194450.0,0.7677272727272727
28381422.0,289450.0,0.05254545454545455
28381688.0,367500.0,0.030343007915567283
28382210.0,397450.0,0.13579038921504674
28382338.0,392449.5,0.30539911504424777
28383071.0,224500.0,0.32136550912301354
28384621.0,199950.0,0.14914893617021277
28388417.0,195000.0,0.20408163265306123
28391137.0,357000.0,0.27956989247311825
28391569.0,184945.0,0.4807445956765412
28393519.0,67500.0,0.35714285714285715
28393559.0,269499.5,0.8978838028169014
28393791.0,399450.0,0.3778889272162815
28393821.0,302450.0,0.024351691457069218
28397506.0,277500.0,0.3875
28399088.0,141000.0,0.1280148423005566
28399147.0,309499.5,0.1679667157251217
28399366.0,409450.0,0.4167820069204152
28401530.0,195500.0,0.15
28401743.0,167500.0,0.45652173913043476
28402432.0,302000.0,0.07076923076923076
28405312.0,54950.0,0.24726027397260275
28405434.0,84499.5,0.20713571428571428
28405466.0,75000.0,0.041666666666666664
28405482.0,69000.0,0.13114754098360656
28405559.0,62400.0,0.03255813953488372
28406987.0,312499.5,0.08131314878892734
28407070.0,225544.0,0.09601603206412826
28408102.0,227400.0,0.03234042553191489
28409838.0,215000.0,0.3870967741935484
28412174.0,201500.0,0.3614864864864865
28413293.0,73150.0,0.8443617021276596
28413337.0,699999.5,0.007193525179856115
28413400.0,422500.0,0.17393720477910532
28414416.0,356950.0,0.2524561403508772
28415546.0,219500.0,0.04565217391304348
28417000.0,372250.0,0.2553510702140428
28417188.0,332500.0,0.09646739130434782
28419672.0,61500.0,0.23125
28419677.0,122499.5,0.36110555555555557
28419993.0,75000.0,0.1935483870967742
28420041.0,157400.0,0.01625
28421202.0,213999.5,0.10833541666666667
28422237.0,126499.5,113.99954545454545
28426002.0,312499.5,0.20656177606177606
28427006.0,282450.0,0.08676414005386687
28427007.0,223950.0,0.026304347826086958
28429240.0,149775.0,0.16745414118954974
28433035.0,333750.0,0.27445652173913043
28433052.0,353950.0,0.38803921568627453
28433085.0,355000.0,0.39215686274509803
28436227.0,212500.0,0.8152173913043478
28436331.0,179450.0,0.24916317991631798
28436988.0,255000.0,0.275
28438324.0,99750.0,0.2823741007194245
28442210.0,140500.0,0.19714285714285715
28442983.0,233500.0,0.06136363636363636
28444395.0,299995.0,0.062515625
28444608.0,302500.0,inf
28444694.0,262450.0,0.14108695652173914
28445352.0,159950.0,0.03193548387096774
28446861.0,317500.0,0.040983606557377046
28447024.0,310000.0,0.18184217471628397
28448488.0,331950.0,0.2606904231625835
28448834.0,230000.0,0.15057528764382191
28449052.0,349950.0,0.09103896103896104
28449592.0,203000.0,0.015507753876938469
28451831.0,320000.0,0.02564102564102564
28453382.0,1575000.0,0.45689655172413796
28454750.0,99750.0,0.3260135135135135
28455134.0,697499.5,0.07472958397534668
28455250.0,344950.0,0.28876288659793814
28455433.0,144499.5,0.155996
28459363.0,282000.0,0.1510204081632653
28460839.0,317500.0,0.27
28461014.0,335000.0,0.03076923076923077
28465181.0,360000.0,0.09422492401215805
28466239.0,144499.5,0.11153461538461538
28466591.0,84499.5,0.23182272727272726
28466657.0,165000.0,0.30952380952380953
28467424.0,179950.0,0.0906060606060606
28467461.0,195500.0,0.30420280186791193
28467864.0,146500.0,2.2555555555555555
28470114.0,287450.0,0.008596491228070175
28470412.0,347450.0,0.01002906976744186
28470764.0,195000.0,0.8415684496826836
28470803.0,194950.0,0.7722727272727272
28472262.0,349500.0,0.1688963210702341
28472672.0,609750.0,0.11502177068214804
28476532.0,322450.0,0.04882005899705015
28476846.0,229499.5,0.019997777777777778
28476854.0,221450.0,0.11384553821528612
28480278.0,235000.0,0.18090452261306533
28480491.0,326450.0,0.15353764500934633
28481247.0,232449.5,0.10690238095238096
28481448.0,150000.0,0.14285714285714285
28481943.0,225000.0,0.19680851063829788
28483080.0,327450.0,0.05629032258064516
28485399.0,192450.0,0.4803960030461773
28485719.0,312500.0,0.2088607594936709
28487429.0,329500.0,0.013846153846153847
28488540.0,179950.0,0.005307262569832402
28490917.0,187500.0,0.20212765957446807
28492006.0,329500.0,0.030597234480729627
28495354.0,319000.0,0.058997050147492625
28498186.0,352000.0,0.15160279585442274
28499285.0,275945.0,0.18839705882352942
28500925.0,432000.0,0.21454545454545454
28502038.0,349950.0,0.3458878504672897
28502941.0,313500.0,0.12916424767846577
28503086.0,1522500.0,0.015
28503337.0,349950.0,0.2390737116764514
28504614.0,87250.0,0.4064625850340136
28505058.0,356400.0,0.109
28506851.0,347450.0,0.178195998643608
28507208.0,402450.0,0.1336619718309859
28508724.0,354450.0,0.11094110564864051
28509853.0,372500.0,0.42604006163328195
28510463.0,387500.0,0.22492249224922492
28512087.0,1155000.0,0.0375
28512428.0,329500.0,0.1721105527638191
28513399.0,409000.0,0.014457831325301205
28513420.0,313995.0,0.3319255319148936
28518883.0,620000.0,0.27058823529411763
28523179.0,420000.0,0.10526315789473684
28524917.0,312500.0,0.10714285714285714
28525394.0,379400.0,0.2633009708737864
28525992.0,316999.0,0.05373432835820895
28526056.0,359250.0,0.05661764705882353
28528543.0,199950.0,0.18220858895705522
28532272.0,358950.0,0.29410029498525075
28532897.0,664500.0,0.24487778270207616
28534677.0,319999.0,0.2468839726994587
28535819.0,360000.0,0.23387954884017875
28538644.0,379400.0,0.31005637388616114
28538886.0,387000.0,0.31186440677966104
28544507.0,351500.0,0.1266025641025641
28546390.0,327450.0,0.08482392397987702
28550613.0,94900.0,0.6987301587301588
28551166.0,544950.0,0.16801526717557252
28951554.0,125000.0,inf
29325046.0,0.0,
29325256.0,1294000.0,0.6395543175487465
29325665.0,1187000.0,0.12848751835535976
29327424.0,1039500.0,0.703
29327480.0,1347000.0,0.4013333333333333
29330026.0,772450.0,0.18689473684210525
29331256.0,2322500.0,0.011702127659574468
29332382.0,2425000.0,0.27611940298507465
29336231.0,1384000.0,0.5386589776496274
29337211.0,1324975.0,0.019996150885296382
29338035.0,2089999.5,0.427397397260274
29341146.0,2187425.0,0.5139055555555555
29344721.0,1712500.0,0.7125
29348215.0,1324495.0,0.032509130752373994
29348414.0,1200000.0,0.1428265295189114
29351307.0,1349475.0,0.349475
29353651.0,1250000.0,0.1111111111111111
29355913.0,1875000.0,0.5
29357379.0,1200000.0,0.5522386388950146
29359753.0,672500.0,0.1540880503144654
29360201.0,338000.0,0.0029498525073746312
29360967.0,1274500.0,0.06208333333333333
29363528.0,579500.0,0.8295588235294118
29364471.0,650000.0,0.17197452229299362
29365019.0,594500.0,0.31271676300578033
29372884.0,1365500.0,0.024635890256358973
29375994.0,1384000.0,0.10808646917534027
29382394.0,472400.0,0.5027368421052631
29383401.0,1080945.0,0.27932195479698646
29385221.0,1384000.0,0.3680365296803653
29385993.0,289950.0,0.45189035916824194
29386526.0,624999.5,0.036980739599383666
29386945.0,420000.0,0.16
29387377.0,412500.0,0.2826086956521739
29387871.0,420000.0,0.011764705882352941
29388497.0,812475.0,0.1284375
29388656.0,420000.0,0.23636363636363636
29391495.0,329950.0,0.05728571428571429
29392474.0,422450.0,0.12896907216494846
29392475.0,405280.0,0.026025316455696203
29392989.0,429000.0,0.08607594936708861
29394996.0,649500.0,0.12956521739130436
29394999.0,420000.0,0.011764705882352941
29398269.0,357000.0,0.13333333333333333
29399126.0,672500.0,0.07241379310344828
29401900.0,725000.0,0.14173228346456693
29403325.0,594500.0,0.07109375
29403990.0,415000.0,0.189453125
29404046.0,662000.0,0.054285714285714284
29405367.0,425000.0,0.06593406593406594
29406855.0,0.0,
29408405.0,1384000.0,0.3180952380952381
29408775.0,68000.0,inf
29409876.0,505950.0,0.34715286648859983
29412951.0,0.0,
29413065.0,1090945.0,0.45451386284657114
29414094.0,1309000.0,0.6144329896907217
29414546.0,425000.0,0.7
29414774.0,602500.0,0.012605042016806723
29415071.0,373500.0,0.20362473347547974
29420807.0,444450.0,0.20633928571428573
29421104.0,624499.5,0.2565482142857143
29421888.0,282500.0,0.0660377358490566
29422817.0,694499.5,0.8324525065963061
29423695.0,499950.0,0.06551401869158878
29424933.0,425000.0,0.0625
29425479.0,375000.0,0.4423076923076923
29425638.0,425000.0,0.024096385542168676
29425749.0,417000.0,0.28307692307692306
29425827.0,422450.0,0.14656565656565657
29425928.0,427450.0,0.22267685033642481
29426342.0,258500.0,0.5205882352941177
29426590.0,442450.0,0.016777777777777777
29426813.0,469450.0,0.15414414414414415
29427734.0,343500.0,inf
29428280.0,434950.0,0.0841229732575279
29430623.0,444450.0,0.06431578947368422
29431285.0,681999.5,0.1366677277795463
29431676.0,594500.0,0.20733333333333334
29432324.0,420000.0,0.23497267759562843
29432897.0,424000.0,0.15183036607321465
29433120.0,442500.0,0.0950920245398773
29434371.0,416000.0,0.07535007779506557
29435577.0,434950.0,0.24306944841383252
29435691.0,492000.0,0.23308270676691728
29436241.0,352850.0,0.25124113475177307
29438061.0,662000.0,0.039185833361151466
29439399.0,427450.0,0.22281818181818183
29439825.0,469450.0,0.0609121824364873
29440658.0,399499.5,0.024620415491151577
29443517.0,439950.0,0.2787704918032787
29444464.0,427000.0,0.12857142857142856
29444815.0,422450.0,0.1534068136272545
29445154.0,447450.0,0.3160294117647059
29446269.0,1337000.0,0.4652
29447182.0,304950.0,0.3646875
29449311.0,311995.0,0.01888364779874214
29454393.0,462000.0,0.30140845070422534
29454403.0,492000.0,0.1310344827586207
29458976.0,1349475.0,0.22679545454545455
29460726.0,1349475.0,0.17345652173913043
29463437.0,172400.0,0.27563025210084036
29466491.0,409450.0,0.023625
29468066.0,717500.0,0.19797971365362943
29472478.0,1712450.0,0.6108068181818181
29475141.0,594500.0,0.3742105263157895
29477285.0,668999.5,0.00888962962962963
29478752.0,1397495.0,0.07582371054657429
29480039.0,710000.0,0.4228456913827655
29480107.0,429000.0,0.3075060532687651
29482496.0,405280.0,0.07681093394077448
29483041.0,0.0,
29486369.0,462000.0,0.10026196713503215
29487678.0,439950.0,0.035176470588235295
29487942.0,425000.0,0.039119804400977995
29490179.0,0.0,
29494741.0,424000.0,0.16164383561643836
29495795.0,430000.0,0.18095238095238095
29496051.0,650000.0,0.0
29497097.0,304950.0,0.3069318181818182
29501506.0,424000.0,0.046976848730051694
29502041.0,1449975.0,0.45726130653266334
29503542.0,0.0,
29505904.0,439950.0,0.0756723716381418
29506493.0,425000.0,0.03683825323249573
29507531.0,649500.0,0.04485294117647059
29507557.0,677500.0,0.04230769230769231
29508273.0,172400.0,0.09215376513954714
29512600.0,637499.5,0.08667693409742121
29512858.0,427450.0,0.13646464646464646
29515653.0,690000.0,0.08
29557214.0,417000.0,0.0731273616359191
29564845.0,492000.0,0.26153846153846155
29567190.0,693499.5,0.22858787541713013
29618972.0,635000.0,0.016162586013762203
29776986.0,292500.0,0.7074997074997075
29778048.0,199950.0,0.7497496871088861
29778065.0,774999.5,0.08823588235294118
29778444.0,767400.0,0.2325992325992326
29778799.0,475250.0,0.52475
29778921.0,313000.0,0.374
29779452.0,752450.0,0.20794736842105263
29783174.0,425000.0,0.6458333333333334
29783350.0,380000.0,0.5096774193548387
29787160.0,799499.5,0.11067908787541714
29787686.0,144950.0,0.4202
29789741.0,792449.5,0.09434342857142858
29789901.0,412450.0,0.4712179487179487
29790433.0,200000.0,0.5545657015590201
29790589.0,454000.0,0.091998183996368
29791616.0,497500.0,0.14957264957264957
29795553.0,724499.5,0.2754997754997755
29797197.0,373812.5,0.5602205882352941
29797237.0,739000.0,0.014666666666666666
29799043.0,600000.0,0.3999993999994
29799674.0,170000.0,0.2576419213973799
29801043.0,179000.0,0.16744186046511628
29801978.0,223499.5,0.06875208333333334
29803736.0,192499.5,0.1210068493150685
29808363.0,223499.5,0.06875208333333334
29808431.0,223499.5,0.06875208333333334
29808486.0,228500.0,0.027659574468085105
29811078.0,232000.0,0.0450497524763625
29813168.0,635000.0,0.20525657071339173
29813895.0,787500.0,0.31469115191986646
29813963.0,547500.0,0.3848314606741573
29814498.0,310000.0,0.5571428571428572
29815320.0,749500.0,0.2102212855637513
29815601.0,735000.0,0.08239700374531835
29816168.0,477000.0,0.4516611104724681
29816325.0,544999.5,0.10655819672131148
29823434.0,762000.0,0.43551374175864876
29825634.0,560000.0,0.43147208121827413
29826959.0,284949.5,0.5469801271860095
29827103.0,792449.5,0.11770028208744711
29828318.0,717499.5,0.1479992
29829052.0,694055.0,0.3908917835671343
29832292.0,552450.0,0.30943663679579597
29832677.0,617500.0,0.2735294117647059
29834126.0,817450.0,0.021813777267221585
29836374.0,98500.0,0.8562043795620438
29836911.0,629500.0,0.16055474063208428
29837671.0,799999.5,0.066666
29837713.0,792449.5,0.20068287982254518
29840555.0,300000.0,0.4594594594594595
29840962.0,516500.0,0.45631578947368423
29841663.0,862000.0,0.231430330614758
29842609.0,774999.5,0.034712283044058746
29844072.0,684499.5,0.1279150210217862
29844334.0,799999.5,0.4281175476521351
29846209.0,682500.0,0.011111111111111112
29846652.0,767400.0,0.19221052631578947
29847150.0,746950.0,0.03743055555555556
29847324.0,337500.0,0.71875
29847447.0,89500.0,0.9271765663140765
29847774.0,504950.0,0.0099
29847774.0,499500.0,0.001
29850197.0,274900.0,0.577076923076923
29850580.0,177400.0,0.8855483870967742
29852559.0,204900.0,0.9853642857142857
29853212.0,222500.0,0.846551724137931
29853681.0,724500.0,0.11633281972265024
29854467.0,4699500.0,0.2383399209486166
29910560.0,192500.0,0.4312267657992565
30149320.0,192499.5,0.16666363636363637
30149578.0,165062.0,0.17468587342936714
30149699.0,187449.5,0.2927551724137931
30150703.0,45000.0,0.5909090909090909
30151978.0,199900.0,0.17657445556209536
30152111.0,215000.0,0.43333333333333335
30152358.0,206950.0,0.05889040472942247
30153258.0,199900.0,0.0
30153494.0,219900.0,0.25657142857142856
30154040.0,312450.0,0.1668
30156763.0,267500.0,0.1507909548919203
30158918.0,295000.0,0.2976190476190476
30159188.0,217500.0,0.85
30159596.0,182450.0,0.22361702127659575
30160842.0,337000.0,0.11221122112211221
30162476.0,224950.0,0.021952269357692858
30162987.0,329950.0,0.00015151515151515152
30163183.0,199949.5,0.2908295674628793
30166621.0,177400.0,0.19326966803092316
30167357.0,329950.0,0.4923065086936452
30167588.0,389000.0,0.3010033444816054
30169070.0,184450.0,0.2619047619047619
30169248.0,104950.0,0.7375593898474618
30171300.0,326500.0,0.5335714285714286
30173474.0,215000.0,0.3230769230769231
30174002.0,184450.0,0.07728864432216108
30175125.0,223500.0,0.5413793103448276
30175803.0,99999.5,0.09008644222020018
30175867.0,199949.5,0.3419429530201342
30177638.0,169950.0,0.029226520675371237
30178045.0,215000.0,0.022727272727272728
30178231.0,97500.0,0.18067226890756302
30180936.0,314949.5,0.07340541335686966
30181163.0,184450.0,0.18022222222222223
30181908.0,192500.0,0.19788324513521396
30182837.0,184450.0,0.23145833333333332
30183145.0,206950.0,0.05889040472942247
30184361.0,600000.0,0.8808777429467085
30184703.0,294450.0,0.6268060836501901
30185207.0,167562.0,0.013761035903472631
30185938.0,167512.0,0.04760475297060663
30187787.0,374450.0,0.06364091022755688
30188157.0,104950.0,0.10473684210526316
30188193.0,369900.0,0.3705075954057058
30189506.0,114900.0,0.5894962486602358
30189874.0,317450.0,0.30838779956427015
30190264.0,172450.0,0.3796
30190372.0,0.0,1.0
30190885.0,199450.0,0.5956
30191595.0,104950.0,0.12468723936613844
30191621.0,109749.5,0.0985935935935936
30192356.0,200000.0,1.0
30194548.0,207500.0,0.12162162162162163
30195631.0,0.0,1.0
30196096.0,224950.0,0.6079342387419585
30196889.0,0.0,1.0
30196914.0,199450.0,0.2867741935483871
30198633.0,199450.0,0.32966666666666666
30199532.0,352500.0,0.2818181818181818
30200041.0,104949.5,0.700058588168048
30200847.0,104950.0,0.7491666666666666
30204251.0,200000.0,1.02020202020202
30205446.0,215000.0,0.30382049727107335
30206065.0,215000.0,0.16216216216216217
30206672.0,104950.0,0.04951049510495105
30208127.0,104950.0,0.17262569832402236
30209395.0,97500.0,0.15217391304347827
30211395.0,167450.0,0.29806201550387595
30213545.0,221000.0,0.09795918367346938
30214323.0,169950.0,0.133
30216417.0,222400.0,0.11255627813906953
30216710.0,167512.0,0.014635294117647059
30216713.0,74950.0,0.063125
30216970.0,206950.0,0.21806945261918775
30218474.0,220750.0,0.026744186046511628
30219953.0,179950.0,0.24989578991246353
30221992.0,207500.0,0.0375
30223452.0,199949.5,0.33388592394929956
30225056.0,209750.0,0.07840616966580977
30225180.0,369500.0,0.39433962264150946
30235883.0,379950.0,0.08557142857142858
30236018.0,294450.0,0.15847384967133465
30236523.0,222450.0,0.07273864110045852
30240119.0,339888.5,0.17243359779234219
30240283.0,342500.0,0.16053921568627452
30240321.0,280000.0,0.37763947543898646
30240867.0,287950.0,0.08587301587301588
30240913.0,327450.0,0.007056283488539225
30255154.0,100000.0,0.7647058823529411
30256415.0,179950.0,0.14268699380657457
30256506.0,114450.0,0.5422
30256657.0,207500.0,0.07777777777777778
30259693.0,192450.0,0.2298919567827131
30280836.0,172450.0,0.30992396958783514
30281084.0,174950.0,0.06094602789569436
30281097.0,224950.0,0.06231763234681117
30283676.0,453999.5,0.6214267857142857
30284253.0,229500.0,0.06744186046511629
30284467.0,192499.5,0.1210068493150685
30284508.0,199949.5,0.0002525
30285103.0,169950.0,0.19032872796569794
30285426.0,209450.0,0.30988117573483426
30285710.0,189700.0,0.284148242068838
30285827.0,277950.0,0.0735
30285935.0,207500.0,0.03488372093023256
30286775.0,189900.0,0.20875
30288954.0,199949.5,0.14256857142857143
30293072.0,227499.5,0.011558470431302802
30294126.0,74950.0,0.21105263157894738
30294593.0,199900.0,0.08112493239588967
30296314.0,199450.0,0.20188075230092037
30298573.0,217500.0,0.0875
30302287.0,227450.0,0.0898359343737495
30302304.0,310000.0,0.12727272727272726
30304105.0,297750.0,0.05998576005695977
30304600.0,215000.0,0.05286343612334802
30305315.0,227449.5,0.010886666666666666
30340236.0,221000.0,0.04741379310344827
30340853.0,199900.0,0.06588785046728972
30377512.0,306999.5,0.025088917116544936
30379271.0,217500.0,0.05434782608695652
30386565.0,322338.5,0.11189548120041394
30386653.0,224900.0,0.12506253126563283
30386660.0,192450.0,0.06976097832128961
30387722.0,199949.5,0.08080810810810811
30392474.0,105000.0,0.58984375
30393924.0,234949.5,0.021963897346672465
30395052.0,284200.0,0.07245283018867925
30395091.0,228500.0,0.027659574468085105
30398078.0,206950.0,0.1718687474989996
30401033.0,207500.0,0.06320541760722348
30401744.0,199950.0,0.1998799519807923
30402393.0,189950.0,0.08604917095483133
30402725.0,169950.0,0.3199279711884754
30402855.0,189900.0,0.05049525247626238
30405005.0,229950.0,0.31475128644939965
30406334.0,177400.0,0.2608333333333333
30408882.0,202450.0,0.012756378189094548
30411203.0,206950.0,0.13770833333333332
30411849.0,227499.5,0.19799631384939442
30412507.0,182450.0,0.17030468394724874
30413754.0,307450.0,0.3257675438596491
30415054.0,1387500.0,8.25
30415726.0,322400.0,0.2896
30415728.0,272000.0,0.17575757575757575
30416355.0,216950.0,0.5507505360972123
30417433.0,192500.0,0.5895522388059702
30569375.0,856500.0,0.6567134268537074
30581877.0,693912.5,0.2578475935828877
30584434.0,643910.5,0.5230292592592592
30592365.0,1032995.0,0.22656858340820604
30595913.0,974000.0,0.23607843137254902
30595989.0,836944.0,0.16137875751503006
30598125.0,1096500.0,0.02
30599656.0,1694000.0,0.20282315426971967
30600701.0,755000.0,0.1837837837837838
30601173.0,732500.0,0.18611111111111112
30603112.0,1146500.0,0.14764764764764765
30604326.0,1499500.0,0.41766990291262135
30604670.0,1650000.0,0.16243654822335024
30604680.0,215450.0,0.8866052631578948
30605216.0,1884500.0,0.17854909318323953
30605829.0,1523750.0,0.3227777777777778
30612117.0,1775000.0,0.28857715430861725
30612549.0,1874000.0,0.70016
30613636.0,2100000.0,0.40468227424749165
30624442.0,2100000.0,0.16
30627167.0,1050000.0,0.11392405063291139
30632435.0,429950.0,716.779632721202
30632804.0,997000.0,0.27490909090909094
30635953.0,845000.0,0.11052631578947368
30635998.0,674499.5,0.037691538461538464
30636338.0,1017495.0,0.1970529411764706
30638121.0,849995.0,0.13483978638184246
30638813.0,57500.0,0.902376910016978
30641351.0,1039000.0,0.1956271576524741
30646458.0,997000.0,0.23101617483639955
30651368.0,962000.0,0.4597875569044006
30651863.0,1025000.0,0.20588235294117646
30653991.0,207500.0,0.40714285714285714
30655600.0,449499.5,0.101001
30655689.0,220000.0,0.22905027932960895
30659404.0,159450.0,0.8933444816053512
30660028.0,799000.0,0.3849114703618168
30660449.0,987499.5,0.008681818181818181
30661050.0,521500.0,0.41991101223581756
30662829.0,1017500.0,0.2734668335419274
30663120.0,544000.0,0.23272214386459802
30663289.0,789500.0,0.011889862327909888
30664158.0,890000.0,0.06332138590203107
30668584.0,971500.0,0.7971816283924843
30670750.0,1650000.0,0.42105263157894735
30671883.0,1869000.0,0.1406896551724138
30676219.0,444945.0,0.5955045454545455
30681193.0,806000.0,0.30517241379310345
30681525.0,939888.0,0.3281715511079342
30685709.0,204999.5,0.8974489744872436
30688420.0,1993500.0,0.05071428571428571
30695325.0,405000.0,2.6818181818181817
30695514.0,1799500.0,0.2802
30698101.0,1624500.0,0.09749949861083256
30698656.0,1650000.0,0.0006064281382656155
30699321.0,1810000.0,0.2482758620689655
30700965.0,722000.0,0.11248073959938366
30702613.0,1725000.0,0.12878787878787878
30706622.0,959444.0,0.08624380952380953
30707066.0,755000.0,0.36447811447811446
30707600.0,384000.0,0.14666666666666667
30708076.0,1032995.0,0.21024847094801224
30708419.0,1780000.0,0.010011123470522803
30709362.0,203250.0,0.8709523809523809
30711186.0,1789000.0,0.2844
30712827.0,847500.0,0.39464285714285713
30713072.0,1050000.0,0.24260355029585798
30713072.0,1050000.0,0.24260355029585798
30714363.0,152450.0,0.8948620689655172
30717531.0,1600000.0,0.012658227848101266
30718552.0,1025000.0,0.2615273775216138
30719277.0,1525000.0,0.18882978723404256
30722909.0,1146500.0,0.1758974358974359
30723931.0,1790000.0,0.022857142857142857
30726759.0,1619000.0,0.018787878787878787
30728102.0,690000.0,0.28865979381443296
30729210.0,1074000.0,0.07615230460921844
30729580.0,1765000.0,0.008426966292134831
30731089.0,1087500.0,0.15566770186335405
30731712.0,1067500.0,0.17567567567567569
30732472.0,427450.0,0.65804
30732741.0,649500.0,0.34723618090452263
30736608.0,483000.0,0.588936170212766
30737074.0,1650000.0,0.17495874793739688
30737502.0,739000.0,0.055715793879705544
30742350.0,1547500.0,0.14027777777777778
30745277.0,869444.0,0.011995454545454545
30745354.0,660000.0,0.2
30745784.0,2400000.0,0.26153846153846155
30746784.0,1650000.0,0.06520335700451904
30747099.0,1725000.0,0.045454545454545456
30747395.0,882500.0,0.19772727272727272
30748237.0,836944.0,0.04618
30750985.0,1798000.0,0.08962025316455696
30753137.0,1725000.0,0.1581259150805271
30754198.0,1305500.0,0.15774193548387097
30754229.0,959444.0,0.12875764705882353
30757032.0,443000.0,0.19454545454545455
30757286.0,882500.0,0.35110294117647056
30761850.0,877000.0,0.06303030303030303
30763075.0,520000.0,0.2463768115942029
30763938.0,957444.0,0.1983028785982478
30764023.0,749499.5,0.10382842415316643
30767160.0,877000.0,0.1872103799814643
30768506.0,812500.0,0.08192090395480225
30769256.0,1124000.0,0.12512512512512514
30769852.0,1025000.0,0.41379310344827586
30772812.0,967444.0,0.2260448
30774024.0,1156500.0,0.1623115577889447
30775499.0,463000.0,0.15818181818181817
30775569.0,199450.0,0.7596987951807229
30781606.0,974000.0,0.31649122807017543
30781988.0,892500.0,0.3125
30782422.0,460500.0,0.39006622516556294
30783373.0,699450.0,0.3351235741444867
30783394.0,1067000.0,0.07378472222222222
30783714.0,757500.0,0.13920454545454544
30783796.0,909944.0,0.03185911512861107
30784185.0,337450.0,0.6160978384527872
30784518.0,939888.0,0.4482095531587057
30785094.0,827000.0,0.30236425569174125
30787311.0,1962500.0,0.5271084337349398
30787801.0,1749000.0,0.1667778519012675
30788571.0,837000.0,0.3304
30788699.0,722000.0,0.4224
30788796.0,547000.0,0.5243478260869565
30788868.0,444995.0,0.5310906217070601
30790642.0,1615000.0,0.045307443365695796
30790659.0,1650000.0,0.0
30790800.0,1547500.0,0.06212121212121212
30790954.0,180000.0,0.928
30791609.0,789000.0,0.04825090470446321
30792242.0,749394.0,0.343
30794278.0,800000.0,0.06976744186046512
31234701.0,180000.0,0.788235294117647
31497963.0,3361500.0,0.6262923846581434
31498823.0,2895000.0,0.7764478764478765
31499096.0,3222500.0,0.6497282608695653
31499364.0,2341500.0,0.7073125
31501633.0,3595000.0,0.4789855072463768
31502560.0,157500.0,0.9015625
31505023.0,696500.0,0.4072340425531915
31507448.0,747000.0,0.35043478260869565
31510246.0,719000.0,0.47709090909090907
31513345.0,1047500.0,0.10316780821917808
31515812.0,2341500.0,0.5820945945945946
31520370.0,2272500.0,0.6501154734411085
31522520.0,837000.0,0.3304
31524147.0,702000.0,0.45791505791505793
31525980.0,941450.0,0.17828535669586984
31527690.0,2086500.0,0.5653125
31528275.0,800000.0,0.1836734693877551
31528628.0,706050.0,0.19308571428571428
31532969.0,1772000.0,0.15619047619047619
31535052.0,1990000.0,0.597979797979798
31535151.0,2086500.0,0.16372745490981963
31536942.0,952500.0,0.1340909090909091
31537059.0,1042500.0,0.782051282051282
31538614.0,465000.0,0.16964285714285715
31538869.0,990000.0,0.2857142857142857
31540213.0,4437500.0,0.7758838383838383
31549704.0,990000.0,0.24528301886792453
31554046.0,342500.0,0.5107135867336954
31936134.0,1524944.0,0.1523379655364091
31944569.0,975445.0,0.18712916666666668
31952040.0,867500.0,0.05501089324618736
31955726.0,766500.0,0.27
31955726.0,766500.0,0.27
31956518.0,154750.0,0.906155245603396
31957237.0,389500.0,0.4427753934191702
31957942.0,811000.0,0.2490740740740741
31958201.0,209950.0,0.9000238095238096
31959192.0,1780000.0,0.10999554997774989
31960134.0,649500.0,0.26193181818181815
31962644.0,924450.0,0.06380897583429229
31964158.0,625000.0,0.4318181818181818
31964957.0,995000.0,0.7304347826086957
31965956.0,342000.0,0.21379310344827587
31968371.0,934500.0,0.872745490981964
31970543.0,723500.0,0.4640740740740741
31974311.0,919400.0,0.08306396132351972
31977990.0,1039999.5,0.009524285714285714
31980265.0,610000.0,0.41904761904761906
31980313.0,929995.0,0.033442604733859314
31980641.0,690000.0,0.2736842105263158
31981100.0,849945.0,0.2857605042016807
31981762.0,497249.5,0.547955
31983116.0,244000.0,0.8702127659574468
31983425.0,884450.0,0.31960150780829294
31984295.0,760000.0,0.15083798882681565
31985191.0,725000.0,0.46691176470588236
31989797.0,879400.0,0.062473347547974414
31989916.0,778950.0,0.13257238307349667
31993489.0,792000.0,0.3550488599348534
31995256.0,793950.0,0.09138246738384069
31996333.0,448167.5,0.5014822024471635
31998569.0,724050.0,0.6877622377622378
31998859.0,317450.0,0.6825496825496825
31999391.0,669499.5,0.4064720744680851
31999432.0,694950.0,0.2677028451001054
31999471.0,555000.0,0.5081521739130435
32000807.0,869444.0,0.1082625641025641
32001992.0,596550.0,0.1465665236051502
32002055.0,924950.0,0.025342465753424658
32004463.0,1718444.0,0.5447830463576159
32008655.0,237450.0,0.8538769230769231
32009667.0,202495.0,0.8734317652235657
32013959.0,333950.0,0.6200796359499431
32016263.0,740000.0,0.12322274881516587
32017059.0,867500.0,0.02072273052449264
32021027.0,892450.0,0.17737467018469658
32021027.0,924950.0,0.22025065963060686
32022015.0,474995.0,0.40476817042606517
32022576.0,747000.0,0.023287671232876714
32022626.0,754450.0,0.23638663967611337
32023308.0,924450.0,0.26044
32023690.0,1600000.0,0.052132701421800945
32024220.0,339000.0,0.540650406504065
32026244.0,813944.0,0.36805590062111804
32026964.0,979499.5,0.14752001740644038
32028896.0,1960000.0,0.12715712570332305
32030046.0,822500.0,0.10597826086956522
32030825.0,844000.0,0.5308504724847137
32031058.0,534950.0,0.46451451451451453
32032385.0,814750.0,0.6120238095238095
32035347.0,0.0,1.0
32037670.0,724500.0,0.00625
32037670.0,709500.0,0.054
32038645.0,1540000.0,0.21025641025641026
32040321.0,965950.0,0.48836671802773496
32041946.0,339000.0,0.29375
32045725.0,369950.0,0.804051906779661
32046059.0,1743500.0,0.2024137931034483
32046070.0,1569000.0,0.1518918918918919
32047069.0,884450.0,0.069
32047353.0,944444.0,0.19962372881355933
32047449.0,1743000.0,0.12451612903225806
32048524.0,609000.0,0.10727272727272727
32051386.0,774500.0,0.13848720800889877
32055389.0,1525000.0,0.046278924327704814
32055571.0,187400.0,0.8987027027027027
32055922.0,644500.0,0.2566320645905421
32055922.0,644500.0,0.2566320645905421
32057030.0,1798000.0,0.12375
32057272.0,1725000.0,0.12158647594278284
32058518.0,844000.0,0.06117908787541713
32061782.0,806000.0,0.16041666666666668
32062747.0,364500.0,0.3122641509433962
32065747.0,957444.0,0.008897787144362486
32066243.0,890000.0,0.011989342806394316
32066268.0,602000.0,0.11470588235294117
32067858.0,728999.5,0.17627175141242937
32067858.0,669499.5,0.24350338983050848
32069219.0,962000.0,0.01836634527178089
32071213.0,884450.0,0.3090234375
32074795.0,2087495.0,0.07713880288957688
32082014.0,1749000.0,0.12838709677419355
32084674.0,858500.0,0.12222222222222222
32084790.0,1025000.0,0.5707705192629816
32085998.0,382000.0,0.676271186440678
32087132.0,621500.0,0.4189497716894977
32088524.0,335000.0,0.7421093148575828
32090115.0,817500.0,0.2700892857142857
32092244.0,813944.0,0.01934339679927325
32094404.0,170000.0,0.8865153538050734
32095436.0,405000.0,0.5397727272727273
32095482.0,233100.0,0.9189217391304347
32096067.0,987500.0,0.21439936356404138
32098441.0,332400.0,0.4948328267477204
32099031.0,733500.0,0.22708113804004215
32099423.0,752500.0,0.38571428571428573
32101739.0,791500.0,0.08722527472527472
32102118.0,861900.0,0.0033760186263096623
32105865.0,753950.0,0.006608811748998665
32106151.0,523500.0,0.4754509018036072
32107262.0,971500.0,0.29533333333333334
32107349.0,824939.0,0.2909843505477308
32107351.0,1024999.5,0.2576680981595092
32112321.0,753950.0,0.006608811748998665
32113930.0,502495.0,0.6305183823529412
32118589.0,750000.0,0.034482758620689655
32126615.0,809500.0,0.2453846153846154
32128138.0,1992495.0,0.3962136363636364
32131660.0,690000.0,0.3581395348837209
32134016.0,799500.0,0.18
32135004.0,901500.0,0.2147212543554007
32135149.0,600000.0,0.11634756995581738
32135741.0,1587500.0,0.061872909698996656
32135991.0,249945.0,0.8386410587475791
32136320.0,762000.0,0.365
32137214.0,417450.0,0.6131139944392956
32138628.0,80000.5,0.8315778947368421
32139172.0,920439.0,0.15778490566037737
32142631.0,509500.0,0.11391304347826087
32143577.0,854000.0,0.10193548387096774
32143694.0,822444.0,0.028067850848135602
32146833.0,753950.0,0.24604924604924605
32147946.0,437250.0,0.59
32152113.0,881500.0,0.23286713286713287
32152247.0,797495.0,0.023741976893453146
32154064.0,487000.0,0.41325301204819276
32156743.0,886400.0,0.41824
32157034.0,839443.5,0.1343831081081081
32158816.0,774500.0,0.19153846153846155
32160507.0,690000.0,0.06976744186046512
32160721.0,824939.0,1.894522807017544
32164157.0,351250.0,0.3179611650485437
32168439.0,858500.0,0.7701030927835052
32168610.0,608625.0,0.38323863636363636
32170835.0,741500.0,0.10121212121212121
32172243.0,749994.5,0.03846858974358974
32177403.0,787000.0,0.30044444444444446
32179398.0,794449.5,0.09579241379310345
32182896.0,762500.0,0.3061874431301183
32183679.0,806000.0,0.09659863945578231
32184668.0,196000.0,0.65
32185643.0,920439.0,0.18766322580645162
32188027.0,762500.0,0.016666666666666666
32188027.0,762500.0,0.016666666666666666
32188541.0,284949.5,0.7147652652652653
32189463.0,864999.5,0.1398069574383977
32191438.0,762500.0,0.031799729364005415
32194085.0,973500.0,0.521096126712698
32194713.0,939500.0,0.28771796815769524
32194808.0,430000.0,0.510250569476082
32195470.0,946499.5,0.45615307692307694
32195624.0,335000.0,0.33
32195920.0,422450.0,0.5300889877641825
32199288.0,777000.0,0.11000158571655103
32199298.0,932500.0,0.0674990674990675
32199469.0,754450.0,0.02090663058186739
32201508.0,824939.0,0.653184368737475
32202469.0,909000.0,0.3079136690647482
32202553.0,275000.0,0.6802325581395349
32203008.0,402499.5,0.5763163157894737
32203465.0,762500.0,0.23983739837398374
32205055.0,762500.0,0.14613661814109744
32206608.0,482500.0,0.25654853620955315
32208909.0,824939.0,0.2500554545454545
32209213.0,334950.0,0.44636363636363635
32210980.0,888500.0,0.0039548022598870055
32211218.0,974944.0,0.016191888919161648
32216413.0,646950.0,0.38909348441926345
32217633.0,600000.0,0.49958298582151794
32220781.0,937500.0,0.5916808149405772
32221363.0,359000.0,0.2673469387755102
32222122.0,414490.0,0.6231909090909091
32224956.0,753950.0,0.3708181818181818
32225029.0,67500.0,0.8578947368421053
32225284.0,714000.0,0.1424
32228528.0,891500.0,0.02471264367816092
32270671.0,378950.0,0.2673913043478261
32271392.0,574000.0,0.28125
32272351.0,687500.0,0.6369047619047619
32273063.0,274950.0,0.448997995991984
32273652.0,685000.0,0.22947131608548932
32273843.0,792000.0,0.25714485261087716
32276734.0,649000.0,0.1625806451612903
32276749.0,785000.0,0.12303290414878398
32277005.0,493000.0,0.8961538461538462
32278138.0,918950.0,0.26484
32278930.0,662500.0,0.24630261660978384
32280283.0,349000.0,0.501427859182656
32280419.0,370000.0,0.4307692307692308
32281406.0,1187500.0,0.18153572157189252
32283693.0,764894.0,0.08035875706214689
32283856.0,649000.0,0.08333333333333333
32284199.0,1687000.0,0.12475064804838762
32284268.0,771000.0,0.06344827586206897
32284842.0,360450.0,0.5318831168831168
32284977.0,104950.0,0.7558734589439404
32285545.0,620000.0,0.09734513274336283
32286960.0,522000.0,0.5250227479526842
32288812.0,721999.5,0.4441882217090069
32288907.0,761000.0,0.014666666666666666
32289216.0,544000.0,0.31999914999893747
32289310.0,703750.0,0.005358579083684405
32290656.0,722500.0,0.38247863247863245
32291636.0,812499.0,0.044118823529411766
32293967.0,532500.0,0.3335419274092616
32294719.0,2362500.0,0.5455856895556838
32295466.0,839999.0,0.2000002857146939
32295700.0,923950.0,0.1549375
32295775.0,639999.5,0.051852592592592596
32297295.0,792000.0,0.21846153846153846
32298538.0,427500.0,0.40625
32299408.0,577499.5,0.04999909090909091
32299468.0,432500.0,0.2345132743362832
32300128.0,89500.0,0.7613333333333333
32300640.0,104950.0,0.7962135922330097
32301449.0,577500.0,0.3474576271186441
32302013.0,767500.0,0.23790322580645162
32302433.0,499000.0,0.13926940639269406
32306153.0,756500.0,0.2629382303839733
32306820.0,317000.0,0.358948432760364
32307418.0,232500.0,0.8338098641887062
32307502.0,1074950.0,0.11985623502448171
32307596.0,662500.0,0.0923414166324154
32308178.0,923950.0,0.44593114241001564
32309859.0,362500.0,0.7207241910631741
32310850.0,527500.0,0.20075757575757575
32313994.0,752999.5,0.24692519251925193
32314532.0,67500.0,0.8619315671483039
32314956.0,695000.0,0.2636363636363636
32317283.0,672500.0,0.1583229036295369
32317862.0,707500.0,0.04044117647058824
32318279.0,695000.0,0.36818181818181817
32318380.0,662500.0,0.060189986045499355
32319595.0,639999.5,0.18471401273885352
32320750.0,325000.0,0.5486111111111112
32320758.0,662500.0,0.10435072512085347
32321228.0,412500.0,0.2948717948717949
32322603.0,702450.0,0.010719424460431655
32323372.0,437000.0,0.35259259259259257
32323482.0,700000.0,0.25
32323896.0,787400.0,0.10318906605922551
32324186.0,729500.0,0.06450371890228264
32324932.0,685000.0,0.25381263616557737
32325049.0,703950.0,0.17344557426237706
32325219.0,737449.5,0.06057388535031847
32327677.0,685000.0,0.37727272727272726
32328583.0,740000.0,0.016483516483516484
32329281.0,688888.0,0.47368453221360424
32330103.0,605000.0,0.35294117647058826
32330667.0,687500.0,0.09180977542932629
32330829.0,703500.0,0.2183324648138498
32331121.0,720000.0,0.3898305084745763
32332231.0,657500.0,0.1054421768707483
32332472.0,355000.0,0.35454545454545455
32332928.0,402499.5,0.4249998928569898
32333095.0,667500.0,0.051181102362204724
32334204.0,755000.0,0.29767441860465116
32334451.0,1624500.0,0.08372248165443628
32334452.0,1624500.0,0.08372248165443628
32334504.0,787400.0,0.17635983263598326
32334715.0,662000.0,0.020030816640986132
32334715.0,685000.0,0.05546995377503852
32334792.0,549450.0,0.10110220440881763
32334987.0,725000.0,0.03333333333333333
32335072.0,489500.0,0.01903807615230461
32335500.0,390000.0,0.5031847133757962
32337341.0,567500.0,0.23310810810810811
32338918.0,665000.0,0.022058823529411766
32339256.0,710000.0,0.2111111111111111
32339819.0,787500.0,0.4473684210526316
32341014.0,677500.0,0.03435114503816794
32343618.0,627500.0,0.19032258064516128
32343771.0,510000.0,0.3617021276595745
32345087.0,953950.0,0.199937106918239
32346003.0,713500.0,0.40541666666666665
32346488.0,599500.0,0.36761603375527424
32346488.0,599500.0,0.36761603375527424
32348506.0,347500.0,0.5206889940537849
32349337.0,624500.0,0.297525309336333
32349740.0,728950.0,0.12174487167438958
32350308.0,703999.5,0.05882419786096257
32351447.0,728000.0,0.06064516129032258
32352202.0,692500.0,0.134375
32352307.0,672000.0,0.0044444444444444444
32352338.0,390000.0,0.4264705882352941
32353453.0,662000.0,0.05415059294184883
32355721.0,763900.0,0.020500379541677778
32356219.0,710000.0,0.10126582278481013
32356514.0,692500.0,0.08881578947368421
32357769.0,686500.0,0.0834433690832698
32358609.0,724499.5,0.035739099356683346
32359365.0,392500.0,0.5802139037433155
32360025.0,539450.0,0.017395264116575593
32360597.0,104950.0,0.8016068052930057
32360722.0,269950.0,0.5170840787119857
32361864.0,349000.0,0.4415106417026724
32364155.0,487500.0,0.14473684210526316
32364714.0,390000.0,0.6096096096096096
32365050.0,390000.0,0.4805194805194805
32365150.0,355000.0,0.6899563318777293
32366072.0,680000.0,0.1625615763546798
32366280.0,791500.0,0.20770770770770772
32366425.0,703950.0,0.38680313588850174
32366599.0,517500.0,0.36503067484662577
32366863.0,1764000.0,0.04026115342763874
32371567.0,720000.0,0.13385826771653545
32372064.0,672000.0,0.008849557522123894
32374432.0,404900.0,0.6873359073359073
32375290.0,524000.0,0.050100200400801605
32377524.0,664949.5,0.16358553459119496
33326220.0,287500.0,0.017699115044247787
33327156.0,269999.5,0.36916004672897196
33327633.0,151950.0,0.24025
33328533.0,74900.0,0.3190909090909091
33329654.0,164950.0,0.15798876978050025
33329659.0,284350.0,0.13807214307365867
33330128.0,289900.0,0.33340997930558747
33330222.0,107500.0,0.8231907894736842
33330587.0,299999.5,0.4392532710280374
33331103.0,379700.0,0.05051262815703926
33331408.0,165450.0,0.03470919324577861
33332095.0,87500.0,0.20454545454545456
33332383.0,81150.0,0.15928571428571428
33332786.0,269950.0,2.7887719298245615
33333115.0,164950.0,0.26884615384615385
33333120.0,87500.0,0.2708333333333333
33333483.0,193500.0,0.14
33333554.0,79950.0,4.552468921452879
33335022.0,90000.0,0.3953488372093023
33336090.0,292500.0,0.07339449541284404
33336319.0,480000.0,0.19799498746867167
33337175.0,172500.0,0.020710059171597635
33337418.0,310000.0,0.38613861386138615
33337429.0,364950.0,0.1776379477250726
33337430.0,187450.0,0.10695569318723201
33338583.0,79500.0,0.11666666666666667
33339149.0,235000.0,0.42424242424242425
33339415.0,692000.0,3.0729841082989995
33340517.0,199900.0,0.42887776983559683
33340882.0,170000.0,0.10526315789473684
33343090.0,222500.0,0.48432288192128087
33344075.0,204950.0,0.12750106428267347
33344765.0,200000.0,0.15942028985507245
33344861.0,188750.0,0.45304080061585833
33344872.0,164950.0,0.00030303030303030303
33345023.0,164950.0,0.005726341169379144
33346890.0,154950.0,0.060339599757428745
33346893.0,148450.0,0.1512292738707833
33347379.0,162400.0,0.09777777777777778
33347920.0,225000.0,0.32430841671571514
33348059.0,176443.5,0.102771875
33348592.0,149950.0,0.14314285714285716
33348722.0,73500.0,0.22631578947368422
33349742.0,79900.0,0.32573839662447257
33350707.0,202500.0,0.0125
33350995.0,392450.0,0.30860286762254086
33351018.0,199950.0,0.11133333333333334
33351151.0,154950.0,0.19192307692307692
33351687.0,209950.0,0.10621541081311196
33351953.0,99900.0,0.16680567139282734
33354521.0,87500.0,0.07894736842105263
33354584.0,212500.0,0.25
33356553.0,85000.0,0.26466135492633636
33356583.0,190000.0,0.3103448275862069
33356756.0,74450.0,0.2163157894736842
33357193.0,165000.0,0.10000733338222255
33357458.0,147450.0,0.26238119059529763
33357492.0,176500.0,0.13054187192118227
33357569.0,114950.0,0.15065065065065064
33359915.0,197499.5,0.19696666666666668
33360202.0,84750.0,0.07278481012658228
33360205.0,199999.5,0.025638461538461537
33360243.0,92500.0,0.1583257506824386
33360292.0,203500.0,0.45878136200716846
33360438.0,154950.0,0.060909090909090906
33360667.0,74450.0,0.32256596906278434
33362427.0,164950.0,0.13837129054520358
33362762.0,81150.0,0.18988269794721407
33363278.0,199900.0,0.42887776983559683
33363504.0,176443.5,0.15322549019607842
33364337.0,165000.0,0.10738255033557047
33365879.0,442400.0,0.5260434632631942
33366228.0,168500.0,0.32573029211684673
33366814.0,82450.0,1.1141025641025641
33367669.0,170000.0,0.1326530612244898
33368004.0,178750.0,0.05921052631578947
33368172.0,154950.0,0.2248624312156078
33370715.0,112450.0,0.1245
33370728.0,84950.0,0.41583333333333333
33370840.0,79450.0,0.38837567359507313
33371377.0,191000.0,0.1511111111111111
33372942.0,195000.0,0.08333333333333333
33373453.0,76250.0,0.044486215538847115
33373867.0,287500.0,0.008620689655172414
33374571.0,212750.0,0.21571428571428572
33374920.0,299950.0,0.052127581211481325
33376039.0,181250.0,0.008950882238759452
33376062.0,180900.0,0.18878923766816144
33377073.0,165000.0,0.2702078521939954
33377907.0,307500.0,0.0423728813559322
33378099.0,207500.0,0.17231638418079095
33378147.0,199950.0,0.14878671775223498
33378424.0,162500.0,0.3157894736842105
33379878.0,164950.0,0.00030303030303030303
33379906.0,299950.0,0.1998
33380175.0,162100.0,0.18321167883211678
33380269.0,177693.5,0.3679253271747498
33383316.0,177400.0,0.4192
33383603.0,84950.0,1.8316666666666668
33385893.0,85000.0,0.205607476635514
33386678.0,200000.0,0.5071590052750565
33387915.0,72499.5,0.3181727272727273
33387919.0,177499.5,0.11634905660377358
33391860.0,84750.0,0.3038461538461538
33392679.0,84250.0,0.053125
33393145.0,167450.0,0.11633333333333333
33393939.0,84750.0,1.1240601503759398
33394437.0,326500.0,2.8411764705882354
33394537.0,79900.0,0.06
33394862.0,87500.0,0.029411764705882353
33395550.0,85000.0,0.21602288984263232
33395660.0,199950.0,0.3885416666666667
33395845.0,195500.0,3.768292682926829
33397646.0,81250.0,0.8055555555555556
33398290.0,87400.0,0.24
33399377.0,180000.0,0.2
33400162.0,77400.0,0.06181818181818182
33402875.0,72450.0,0.03501478592551322
33402905.0,81250.0,0.45089285714285715
33403045.0,104950.0,0.16740823136818686
33403135.0,78250.0,0.04472630173564753
33403436.0,79900.0,0.11222222222222222
33403804.0,84950.0,0.14797297297297296
33404182.0,68950.0,0.138125
33404659.0,79200.0,0.5871743486973948
33406248.0,173693.5,0.2866185185185185
33406941.0,198950.0,0.5916
33407219.0,82450.0,0.4990909090909091
33407494.0,79900.0,0.23904761904761904
33408147.0,439999.5,0.23978444632290785
33408761.0,245000.0,0.2979942693409742
33410948.0,92500.0,0.38061762115852477
33412932.0,199950.0,0.4811111111111111
33413647.0,77000.0,0.03629536921151439
33413815.0,92250.0,1.3653846153846154
33416223.0,277499.5,0.07469323107702568
33418110.0,74450.0,0.3526086956521739
33418187.0,84950.0,0.41583333333333333
33419504.0,224950.0,7.3314814814814815
33420977.0,147450.0,0.07786116322701689
33421399.0,92500.0,0.85
33421487.0,84950.0,0.029696969696969697
33422027.0,114950.0,0.3539458186101296
33423887.0,81150.0,3.830357142857143
33425681.0,104950.0,0.05055055055055055
33426087.0,77000.0,0.40255009107468126
33427424.0,82450.0,0.043670886075949364
33427491.0,142000.0,0.8933333333333333
33429246.0,77000.0,0.1323529411764706
33429843.0,114950.0,0.6444921316165951
33429936.0,79900.0,0.6012024048096193
33430575.0,82450.0,0.031914893617021274
33431398.0,99900.0,0.16680567139282734
33431508.0,183950.0,0.42046332046332047
33432141.0,79500.0,0.11568409343715239
33432236.0,157450.0,0.2596
33432696.0,152400.0,0.016
33432839.0,82500.0,0.6533066132264529
33432997.0,87500.0,0.029411764705882353
33433697.0,92500.0,0.4230769230769231
33435562.0,90000.0,0.0
33436432.0,84750.0,0.07278481012658228
33436772.0,94900.0,0.35765379113018597
33436865.0,74000.0,0.07384230287859825
33437941.0,152500.0,0.17567567567567569
33438267.0,74450.0,0.3526086956521739
33438321.0,159900.0,0.25905511811023624
33438345.0,79900.0,0.201
33438898.0,159900.0,0.031612903225806455
33440380.0,79500.0,0.11173184357541899
33440766.0,72000.0,36.89473684210526
33441019.0,197499.5,0.31666333333333335
33442680.0,92250.0,0.19078947368421054
33442818.0,205000.0,0.4345696291112666
33444076.0,84950.0,0.41606934489081515
33444807.0,107450.0,0.023181818181818182
33444844.0,81150.0,0.3525
33446461.0,343000.0,0.275092936802974
33446588.0,109250.0,0.3378787878787879
33731022.0,204888.5,0.1277628778203491
33823357.0,202499.5,0.02644471153846154
33824224.0,332450.0,0.04216300940438871
33825516.0,310750.0,0.02890625
33826008.0,555000.0,0.15267175572519084
33826037.0,327450.0,0.03662842012356576
33826055.0,197450.0,0.012256128064032016
33827683.0,320500.0,0.04567699836867863
33827738.0,417000.0,0.5314606741573034
33828697.0,299950.0,0.03788927335640138
33828763.0,85000.0,24.0
33829421.0,339900.0,0.24466666666666667
33829830.0,179000.0,0.08814589665653495
33831332.0,169900.0,0.29178824510212586
33832445.0,349000.0,0.030555555555555555
33832504.0,175000.0,0.09443402126328955
33832974.0,267400.0,2.346683354192741
33832992.0,87400.0,48.94285714285714
33833417.0,367450.0,0.1518808777429467
33834327.0,284500.0,0.5929899856938483
33835038.0,84750.0,0.058333333333333334
33836209.0,369000.0,0.2833559914546514
33837011.0,222500.0,0.20270270270270271
33838756.0,0.0,1.0
33839749.0,170000.0,0.30612244897959184
33840947.0,266995.0,0.16302507836990596
33841472.0,190000.0,0.4074074074074074
33841537.0,267400.0,2.82
33841598.0,199900.0,0.11055555555555556
33841648.0,359000.0,0.20204489886641475
33841944.0,79500.0,0.33694745621351124
33842749.0,318450.0,0.4208947081287507
33843528.0,269994.5,0.16899199753770391
33843596.0,305000.0,0.08967488388710254
33844098.0,186443.5,0.09672647058823529
33845352.0,322000.0,0.16363636363636364
33845746.0,165450.0,0.1037358238825884
33846775.0,222500.0,0.03218790778599391
33847043.0,282400.0,0.05835278426142047
33847251.0,212500.0,0.44064227428270597
33847878.0,197250.0,0.1602809706257982
33848084.0,199450.0,0.11355555555555556
33848978.0,313250.0,0.005555555555555556
33849761.0,205000.0,0.025005125025625127
33850414.0,299950.0,0.22090909090909092
33850620.0,230000.0,0.06976744186046512
33850986.0,239999.5,0.07656983455175068
33851015.0,292400.0,0.2952518679199807
33851045.0,366950.0,0.3595776213412375
33851153.0,234000.0,0.17
33852455.0,344450.0,0.3439047619047619
33853427.0,198450.0,0.5277136258660509
33853515.0,444500.0,0.27
33854159.0,217500.0,0.45
33854468.0,337450.0,0.2738769346923367
33854828.0,194900.0,0.13377777777777777
33855473.0,212500.0,0.21497998856489423
33856139.0,252450.0,0.15821940646882293
33857534.0,171250.0,0.007352941176470588
33858695.0,77400.0,0.2020618556701031
33858731.0,293500.0,0.2671660424469413
33859038.0,399500.0,0.19292929292929292
33861763.0,340000.0,1.7419354838709677
33861781.0,171500.0,0.3137254901960784
33862056.0,342499.5,0.34762
33863131.0,314500.0,0.258
33863339.0,163250.0,0.48984375
33863572.0,308499.5,0.06415833045877889
33863601.0,300999.5,0.13975564446984853
33864986.0,199900.0,0.249375
33865179.0,199900.0,0.1837484687627603
33865709.0,188700.0,0.16133333333333333
33865871.0,104950.0,0.16740823136818686
33866298.0,217500.0,0.0625
33867946.0,199900.0,0.07023255813953488
33867994.0,325000.0,0.23529411764705882
33869573.0,89750.0,0.19666666666666666
33870484.0,82500.0,0.12698412698412698
33870785.0,98250.0,0.3645833333333333
33871487.0,185000.0,0.17834394904458598
33871514.0,209700.0,0.3989326217478319
33872856.0,184450.0,0.17729705619982158
33873280.0,168500.0,0.22706422018348624
33873527.0,199999.5,0.04762142857142857
33874732.0,202450.0,0.1253474152306837
33875376.0,305995.0,0.09283928571428571
33875466.0,214950.0,0.07596045551245151
33875729.0,344950.0,0.35274509803921567
33875896.0,282450.0,0.08634615384615385
33876468.0,103000.0,0.10434782608695652
33876698.0,182500.0,0.21666666666666667
33876895.0,205000.0,0.20659211300765157
33878099.0,224950.0,0.00022222222222222223
33882625.0,164950.0,0.16269035532994924
33882734.0,165000.0,0.03125
33884054.0,403500.0,0.2457943925233645
33884407.0,197450.0,0.1020918599363347
33884410.0,272000.0,3.533333333333333
33886099.0,356450.0,0.16109672864203342
33887274.0,182250.0,0.19117647058823528
33888314.0,217500.0,0.09713574097135741
33888640.0,187450.0,0.24989995998399359
33889503.0,224450.0,0.04443927408096789
33889896.0,167500.0,0.04285714285714286
33890662.0,199900.0,0.1807377049180328
33891924.0,197500.0,0.12222222222222222
33892043.0,444750.0,0.31524249422632794
33892972.0,412500.0,0.17828685258964144
33896011.0,177000.0,0.1987324581258488
33898021.0,162100.0,0.32458333333333333
33898231.0,477450.0,0.10011520737327188
33898809.0,222500.0,0.11305652826413207
33899072.0,339900.0,0.30348360655737705
33899351.0,317500.0,0.09259788511003143
33902135.0,177693.5,0.31624814814814817
33902323.0,55000.0,0.375
33902930.0,82500.0,0.22169811320754718
33903984.0,284950.0,0.1092528915286027
33904056.0,317450.0,0.14892761394101878
33904368.0,395000.0,0.010025062656641603
33905777.0,222500.0,0.10964385754301721
33906076.0,297000.0,0.1489971346704871
33907067.0,189700.0,0.15688888888888888
33907074.0,180000.0,0.1464968152866242
33907650.0,189700.0,0.21611570247933884
33907986.0,197450.0,0.1025
33909303.0,201950.0,0.6156
33909612.0,220000.0,0.1891891891891892
33912227.0,220000.0,0.16094986807387862
33912604.0,235361.5,0.12076904761904762
33914219.0,170000.0,0.174356483729966
33914997.0,322000.0,0.20297029702970298
33915126.0,194900.0,0.02632964718272775
33915388.0,1210000.0,0.05217391304347826
33915664.0,394000.0,0.10454341941686231
33917141.0,219499.5,0.09804652326163081
33918053.0,374950.0,0.17208502657080338
33918182.0,314500.0,0.06119402985074627
33918925.0,197400.0,0.0020304568527918783
33919840.0,405000.0,0.5458015267175572
33921201.0,200000.0,0.1996798719487795
33921268.0,142375.0,0.4162566625666257
33921555.0,367450.0,0.13061886344265675
33921926.0,215000.0,0.19444444444444445
33922622.0,165000.0,0.0006064281382656155
33922857.0,313000.0,0.09249057697883445
33922958.0,314000.0,0.053691275167785234
33923293.0,54999.5,30.446255002858777
33924665.0,227500.0,0.052083333333333336
33924990.0,477450.0,0.04934065934065934
33925108.0,205950.0,0.16246441642944287
33926030.0,317450.0,0.007658643326039387
33926513.0,374750.0,0.12876506024096385
33926632.0,350000.0,0.4
33926865.0,271200.0,0.1522350734604564
33926918.0,317500.0,0.11992945326278659
33926936.0,332950.0,0.12673434856175972
33928335.0,207250.0,0.057526148249204184
33929068.0,317450.0,0.07985507246376812
33929943.0,337000.0,0.2078853046594982
33930018.0,300999.5,0.19733252622006991
33930525.0,229450.0,0.04342883128694861
33930707.0,318450.0,0.2738
33931716.0,197450.0,0.21019684078736314
33931767.0,169950.0,0.14982491245622812
33932606.0,441500.0,0.17733333333333334
33936699.0,207450.0,0.2965625
33937166.0,194900.0,0.02501250625312656
33937634.0,208000.0,0.12605042016806722
33939490.0,167450.0,0.2890685142417244
33939669.0,172500.0,0.06756756756756757
33940374.0,412500.0,4.5
33942185.0,79950.0,0.18418367346938774
33942542.0,184900.0,0.02722222222222222
33945430.0,523500.0,0.12604340567612687
33946351.0,365000.0,0.21707235745248415
33946494.0,309949.5,0.022241324921135647
33946836.0,328484.5,0.09495198317327724
33947115.0,0.0,1.0
33948260.0,221850.0,0.305
33948268.0,201850.0,0.010376569875411083
33949206.0,322000.0,0.07973706773363819
33949368.0,438250.0,0.38706293706293704
33980638.0,370000.0,0.06329113924050633
34026599.0,201950.0,0.18794117647058822
34027238.0,312450.0,0.10728571428571429
34027815.0,197450.0,0.012256128064032016
34029894.0,189950.0,0.20523012552301256
34030708.0,229450.0,0.04342883128694861
34046242.0,94900.0,0.20916666666666667
34046252.0,220000.0,0.2578616352201258
34046389.0,122400.0,1.2254545454545454
34047053.0,247450.0,0.00980392156862745
34071111.0,312500.0,0.09420289855072464
34071215.0,333500.0,0.1266891891891892
34071953.0,327450.0,0.25700575815738963
34072152.0,387000.0,0.29
34074227.0,194900.0,0.17063829787234042
34075501.0,337000.0,0.16206896551724137
34075890.0,168500.0,0.1575
34076135.0,190000.0,0.21487603305785125
34076267.0,236950.0,0.12887089090042878
34076449.0,330000.0,0.22676579925650558
34077911.0,293500.0,0.12928049249711426
34079380.0,364950.0,0.332420591456736
34079427.0,352500.0,0.2822844670789378
34079874.0,371000.0,0.10602409638554217
34080647.0,313000.0,0.22620519159456118
34080676.0,293000.0,0.24871794871794872
34081057.0,324950.0,0.012305295950155764
34081271.0,319000.0,0.276
34083530.0,359950.0,0.1463375796178344
34085672.0,170000.0,0.2916666666666667
34085876.0,371500.0,0.1906318082788671
34086743.0,315500.0,0.09339080459770115
34087484.0,374950.0,0.19031746031746033
34090402.0,362449.5,0.2944625
34090816.0,174950.0,0.2857726066544193
34090920.0,289995.0,0.017883467883467882
34091059.0,181250.0,0.17694805194805194
34091109.0,190000.0,0.19491525423728814
34092410.0,228500.0,0.2026315789473684
34094758.0,424900.0,0.5854477611940299
34094818.0,282450.0,0.00875
34096112.0,340000.0,0.3076923076923077
34096565.0,305000.0,0.017005668556185394
34096701.0,315000.0,0.136986301369863
34098218.0,267000.0,0.06315789473684211
34098633.0,335000.0,0.014416004707266844
34100142.0,231500.0,0.16576576576576577
34102557.0,437500.0,0.25
34103095.0,362500.0,0.1637831603229527
34104612.0,437500.0,0.14678899082568808
34106037.0,378450.0,0.2596830985915493
34107454.0,403500.0,0.1928385677135427
34107790.0,393250.0,0.10625
34108037.0,369450.0,0.42096153846153844
34109641.0,209238.5,0.0700511111111111
34110504.0,221561.5,0.1048020202020202
34110660.0,302450.0,0.26051344743276283
34111331.0,444499.5,0.3112079646017699
34112650.0,332950.0,0.09163934426229509
34113882.0,364500.0,0.0010961907371882709
34113955.0,220000.0,0.09090909090909091
34114136.0,286750.0,0.0061403508771929825
34114367.0,212450.0,0.11874670879410217
34114739.0,305000.0,0.08132530120481928
34114830.0,354950.0,0.043970588235294115
34116483.0,312500.0,0.22839506172839505
34117160.0,333500.0,0.2351851851851852
34117777.0,178750.0,0.1607981220657277
34118190.0,401700.0,0.2491588785046729
34118213.0,362500.0,0.19444444444444445
34118613.0,371000.0,0.17371937639198218
34119484.0,314500.0,0.18733850129198967
34123946.0,172450.0,0.2661702127659574
34124216.0,313000.0,0.3862745098039216
34124593.0,477450.0,0.5401612903225806
34127332.0,470000.0,0.7413856984068173
34199155.0,337000.0,0.1114040870138431
34199917.0,277500.0,0.027777777777777776
34200085.0,394500.0,0.2934426229508197
34200240.0,236950.0,0.18475
34202560.0,199950.0,0.11133333333333334
34203426.0,329000.0,0.17543859649122806
34203468.0,87500.0,0.2391304347826087
34203986.0,638350.0,0.23550898203592815
34204037.0,362450.0,0.22864406779661017
34204081.0,198450.0,0.13717391304347826
34204265.0,227000.0,0.35124321234638467
34204332.0,367500.0,0.3611111111111111
34205230.0,289000.0,0.14974992644895557
34205554.0,310750.0,0.13680555555555557
34205561.0,302494.5,0.0397
34205592.0,460000.0,0.15
34205850.0,84000.0,7.4
34206939.0,194950.0,0.257741935483871
34207424.0,312000.0,0.033112582781456956
34207643.0,305000.0,0.020066889632107024
34208086.0,163500.0,0.7235841081994928
34209198.0,339950.0,0.20011764705882354
34210329.0,412500.0,0.20673076923076922
34210414.0,319450.0,0.014126984126984127
34211733.0,289000.0,0.156
34212141.0,167500.0,0.2717391304347826
34212176.0,679000.0,0.13166666666666665
34213399.0,287500.0,0.49552553079487627
34216358.0,372450.0,0.28475336322869954
34217049.0,3900000.0,1.0
34217372.0,222500.0,0.391494684177611
34218970.0,294450.0,0.11155152887882219
34219030.0,314999.5,0.1293546158098397
34219694.0,589900.0,0.15716530932990427
34219915.0,527450.0,0.3559125964010283
34220636.0,274950.0,0.16428571428571428
34220751.0,320000.0,0.03225806451612903
34223961.0,196997.5,0.01451975987993997
34224252.0,79500.0,0.2772727272727273
34224497.0,333450.0,0.3338
34227820.0,352434.5,0.409738
34228050.0,84750.0,0.21071428571428572
34228327.0,309949.5,0.1270890909090909
34232175.0,331000.0,0.02359882005899705
34232848.0,321000.0,0.108085579327591
34232878.0,207450.0,0.03984962406015038
34233099.0,317450.0,0.093
34235723.0,322400.0,0.11647026582625376
34235810.0,349900.0,0.07661538461538461
34235910.0,175000.0,0.10210364289379169
34236035.0,79900.0,0.598
34236299.0,189750.0,0.026923076923076925
34237313.0,79900.0,8.4
34237477.0,184950.0,0.3220157255182273
34238161.0,232450.0,0.010851063829787235
34238605.0,391750.0,0.567
34238696.0,190000.0,0.5212169735788631
34238833.0,190000.0,0.26666666666666666
34238918.0,153500.0,0.19167983149025802
34239052.0,217450.0,0.2791176470588235
34239130.0,338950.0,0.13817998656816655
34239332.0,199900.0,0.5376923076923077
34241276.0,199950.0,0.1768687463213655
34241875.0,207450.0,0.012142857142857143
34242331.0,349450.0,0.22614035087719297
34243331.0,322338.5,0.289354
34244305.0,299450.0,0.0018333333333333333
34244351.0,300044.5,0.053157248157248156
34244491.0,204900.0,0.0245
34247692.0,217500.0,0.5
34247692.0,215000.0,0.4827586206896552
34248164.0,32750.0,0.06428571428571428
34248786.0,294450.0,0.09095961467210077
34249690.0,337500.0,0.38524590163934425
34250206.0,317450.0,0.3316842105263158
34251161.0,84950.0,0.05611111111111111
34251295.0,79000.0,0.975
34253071.0,181250.0,0.2586805555555556
34253478.0,89750.0,0.22945205479452055
34253493.0,179950.0,0.028285714285714286
34255526.0,337450.0,0.3498
34255871.0,317450.0,0.42176684881602916
34256695.0,294450.0,0.11155152887882219
34258958.0,325400.0,8.570588235294117
34259223.0,294950.0,0.016505501833944648
34261188.0,282450.0,0.00875
34262051.0,180000.0,0.38461538461538464
34262260.0,199950.0,0.11133333333333334
34262403.0,214950.0,0.13191153238546605
34262539.0,344949.5,0.041806944444444445
34262561.0,205000.0,0.28205128205128205
34263230.0,199950.0,0.1998799519807923
34263526.0,184000.0,0.031578947368421054
34264095.0,312500.0,0.07817109144542773
34264491.0,228500.0,0.26944444444444443
34264512.0,199950.0,0.07
34264699.0,278500.0,0.3925
34265404.0,205200.0,0.045581395348837206
34265664.0,177450.0,0.06605263157894736
34265780.0,318450.0,0.019852262234533704
34265863.0,182500.0,0.07416127133608005
34270209.0,199900.0,0.0005
34270387.0,167250.0,0.25666666666666665
34273469.0,399450.0,0.06011764705882353
34273568.0,520000.0,0.12751677852348994
34274302.0,294950.0,0.1130188679245283
34275596.0,325000.0,0.09722222222222222
34276073.0,207450.0,0.1320083682008368
34278986.0,272000.0,0.0456140350877193
34282253.0,294950.0,0.1798
34282328.0,284994.5,0.4955849557522124
34282483.0,334950.0,0.218
34282608.0,319950.0,0.12302562302562303
34284799.0,320000.0,0.28
34284799.0,320000.0,0.28
34286955.0,179900.0,0.18190086402910413
34287319.0,167450.0,0.09486486486486487
34288204.0,197450.0,0.17694872863693206
34289521.0,199900.0,0.025128205128205128
34289711.0,199900.0,0.2905100064557779
34289927.0,180000.0,0.24686192468619247
34290745.0,277500.0,0.031598513011152414
34291655.0,227400.0,0.33843437316068276
34291723.0,171250.0,0.22321428571428573
34292293.0,187950.0,0.05075757575757576
34292792.0,209950.0,0.105
34295559.0,199950.0,0.047403525488327776
34296179.0,333450.0,0.04235698655829947
34296406.0,299500.0,0.05087719298245614
34299451.0,184950.0,0.056857142857142856
34301501.0,313000.0,0.12569832402234637
34303439.0,418950.0,0.39696565521840615
34303451.0,362500.0,0.18171557562076748
34303904.0,404950.0,0.16418988648090815
34305151.0,212500.0,0.14864864864864866
34305592.0,319999.5,0.1351364864864865
34306503.0,186443.5,0.09672647058823529
34306666.0,1324500.0,0.33115577889447234
34307041.0,200000.0,0.06976744186046512
34307141.0,189950.0,0.09762470308788598
34307151.0,301999.5,0.16153653846153845
34318789.0,167250.0,0.23977272727272728
34320052.0,362500.0,0.29464285714285715
34320157.0,362500.0,0.383587786259542
34320294.0,332950.0,0.12864406779661017
34320872.0,389500.0,0.2171875
34320872.0,389500.0,0.2171875
34321902.0,371950.0,0.5861407249466951
34322656.0,228500.0,0.0880952380952381
34323188.0,214950.0,0.08492975734355045
34323883.0,337450.0,0.3104854368932039
34324137.0,281250.0,0.022727272727272728
34325088.0,308499.5,0.16458852397130994
34326023.0,332950.0,0.15808695652173912
34326870.0,280000.0,0.05660377358490566
34327807.0,307000.0,0.05898585719213522
34327839.0,194950.0,0.21988795518207283
34331517.0,191000.0,0.31815044858523117
34361984.0,172499.5,0.28125208333333335
34363596.0,320500.0,0.10517241379310345
34363699.0,317450.0,0.2943987552789509
34365177.0,204950.0,0.14568570237599
34367612.0,257500.0,0.027935069837674593
34368074.0,199900.0,0.333555703802535
34368263.0,78750.0,0.015625
34369459.0,194950.0,0.21988795518207283
34369817.0,359950.0,0.38495575221238937
34383558.0,203250.0,0.3733108108108108
34383599.0,170000.0,0.10526315789473684
34384365.0,362450.0,0.15063492063492062
34385270.0,149950.0,0.315296803652968
34385303.0,149500.0,0.25212606303151575
35758671.0,294500.0,1.3846153846153846
35769613.0,220000.0,0.3959479438321309
35773249.0,226250.0,0.3795731707317073
35776254.0,213000.0,0.009302325581395349
35776507.0,317450.0,0.206375
35779975.0,422500.0,0.40880293431143716
35781128.0,317275.0,0.05291044776119403
35787989.0,212450.0,0.3278125
35789895.0,184900.0,0.0005405405405405405
35791473.0,205499.5,0.14375208333333334
35792616.0,329500.0,0.1365988271817868
35801324.0,219000.0,0.22346368715083798
35803012.0,219000.0,0.15263157894736842
35807603.0,329500.0,0.030882352941176472
35808684.0,1774500.0,0.043823529411764706
35811222.0,662500.0,0.08620689655172414
35811555.0,692500.0,0.1638655462184874
35811841.0,190000.0,0.11627906976744186
35819817.0,1597500.0,0.38913043478260867
35826796.0,238750.0,0.005208333333333333
35829386.0,204500.0,0.1653061224489796
35829493.0,322250.0,0.17181818181818181
35830205.0,365500.0,2.1782608695652175
35832675.0,405000.0,0.4214277448967784
35833387.0,319950.0,0.07006688963210703
35833984.0,321000.0,0.12631578947368421
35834218.0,384900.0,0.00025974025974025974
35835480.0,354900.0,0.2902
35835548.0,450180.0,0.09964
35835548.0,450180.0,0.09964
35835854.0,403000.0,0.1517576450414404
35835868.0,299450.0,0.20146666666666666
35835913.0,339900.0,0.10552631578947369
35836126.0,342450.0,0.10467741935483871
35836184.0,607500.0,0.06538461538461539
35836184.0,520000.0,0.2
35836184.0,520000.0,0.2
35836184.0,520000.0,0.2
35836282.0,340450.0,0.027285714285714285
35836996.0,339450.0,0.10671052631578948
35837563.0,339450.0,0.151375
35839311.0,532000.0,0.3045751633986928
35839458.0,399000.0,0.0
35840250.0,275000.0,2.235294117647059
35841055.0,352500.0,0.2578947368421053
35841055.0,384500.0,0.19052631578947368
35841172.0,232500.0,0.55
35841172.0,232500.0,0.55
35842018.0,339900.0,0.382
35842038.0,299450.0,0.301981351981352
35842129.0,350000.0,0.20689655172413793
35843836.0,307000.0,0.2128205128205128
35844891.0,280000.0,0.8679119412941961
35844990.0,80000.0,0.27206551410373064
35845707.0,359950.0,0.028428571428571428
35845936.0,394499.5,0.3372864406779661
35846147.0,394500.0,0.03780487804878049
35846201.0,387450.0,0.13955882352941176
35846863.0,199950.0,0.21181818181818182
35847220.0,344950.0,0.14983333333333335
35847449.0,199900.0,0.09136363636363637
35848437.0,314250.0,0.002380952380952381
35848686.0,299450.0,0.11926470588235294
35848919.0,171250.0,0.2215909090909091
35850597.0,204500.0,0.04874483961127209
35850979.0,712450.0,0.1094375
35851840.0,237950.0,0.3597142857142857
35854816.0,353000.0,0.3325783314458286
35855482.0,339900.0,0.002654867256637168
35855662.0,350000.0,0.3748883729237364
35855680.0,485000.0,0.38571428571428573
35856592.0,319500.0,0.06535511837279093
35856742.0,387450.0,0.41250947687642153
35856753.0,439007.0,0.3898443363446838
35856789.0,312450.0,0.2551847437425507
35857073.0,304950.0,0.019899665551839463
35857325.0,364900.0,0.05798782255726297
35857765.0,429500.0,0.10128205128205128
35857765.0,429500.0,0.10128205128205128
35858038.0,307000.0,0.1352112676056338
35858180.0,364950.0,0.061825192802056554
35858769.0,357450.0,0.34997272231314785
35859022.0,157500.0,0.14864864864864866
35860254.0,1324950.0,0.17773333333333333
35860989.0,316000.0,0.2
35863145.0,340000.0,0.36
35863716.0,353000.0,0.1770590196732244
35863992.0,216000.0,0.0996248436848687
35864696.0,317500.0,0.24224343675417662
35865340.0,199900.0,0.249375
35865483.0,391000.0,0.020050125313283207
35867141.0,187500.0,0.22488631665977676
35868595.0,382500.0,0.2966101694915254
35868650.0,316000.0,0.12857142857142856
35869037.0,462500.0,0.2012987012987013
35870327.0,359950.0,0.48505007153075824
35870407.0,417500.0,0.07222222222222222
35870702.0,327500.0,9.266457680250785
35871186.0,180000.0,0.12195121951219512
35871217.0,435000.0,0.25
35871827.0,319950.0,0.16896103896103895
35872042.0,412500.0,0.33064516129032256
35872067.0,195000.0,0.048316251830161056
35872238.0,219950.0,0.2938235294117647
35872460.0,270000.0,2.375
35872540.0,152450.0,0.2737017627441639
35872672.0,227000.0,0.5655172413793104
35876294.0,92500.0,0.5697674418604651
35876544.0,280000.0,0.9310344827586207
35876948.0,633250.0,0.02967479674796748
35876955.0,233450.0,0.2286842105263158
35877638.0,725000.0,0.050876938686766196
35877973.0,550000.0,0.21417345335047863
35879500.0,379950.0,0.31062435322525006
35879554.0,198000.0,0.09506398537477148
35880920.0,332950.0,0.27080152671755725
35881178.0,299250.0,0.202
35881268.0,429500.0,0.4321440480160053
35881271.0,429500.0,0.4321440480160053
35881731.0,197447.5,0.1690201302545885
35883508.0,312450.0,0.13618181818181818
35883888.0,192500.0,0.07894736842105263
35884082.0,197497.5,0.16243378457916421
35884101.0,339900.0,0.3073076923076923
35885165.0,669950.0,0.11658519430865719
35886343.0,80000.0,0.2
35886356.0,199950.0,0.04330143540669856
35886880.0,322250.0,0.2160377358490566
35887336.0,202500.0,0.0945945945945946
35890187.0,299450.0,0.15647887323943663
35890372.0,349900.0,0.34061816328798195
35890575.0,135000.0,0.5882352941176471
35890760.0,325000.0,0.12495673243336795
35892322.0,325000.0,0.25
35892642.0,342450.0,0.2036046511627907
35895989.0,351950.0,0.18151162790697675
35896852.0,172500.0,0.2062937062937063
35898037.0,209950.0,0.07666666666666666
35899328.0,514340.0,0.48566
35899328.0,450180.0,0.54982
35899796.0,1775000.0,0.22413793103448276
35900799.0,764000.0,0.1011764705882353
35900799.0,764000.0,0.1011764705882353
35901019.0,197500.0,0.01200600300150075
35901297.0,197500.0,0.1813641168058693
35901456.0,2475000.0,0.6586206896551724
35901782.0,684950.0,0.014460431654676259
35901782.0,684950.0,0.014460431654676259
35905205.0,397500.0,0.5457142857142857
35905437.0,2499450.0,0.28176923076923077
35907287.0,2475000.0,0.7473200612557427
35907291.0,13825000.0,0.1621212121212121
35907743.0,1800000.0,0.52
35908042.0,1012500.0,0.595
35908238.0,812500.0,0.0030864197530864196
35908575.0,1182500.0,0.010460251046025104
35910265.0,374475.0,0.0638125
35910393.0,1232500.0,0.14651162790697675
35910537.0,1274500.0,0.24808259587020648
35911508.0,3744500.0,0.37330543933054394
35912335.0,2200000.0,0.3333333333333333
35912574.0,1327500.0,0.11204013377926421
35912595.0,2974500.0,0.3382647385984427
35912595.0,2974500.0,0.3382647385984427
35912727.0,1187000.0,0.16372549019607843
35912810.0,649950.0,0.31584210526315787
35913592.0,3347500.0,0.24758372668015285
35914514.0,1450000.0,0.3488372093023256
35914859.0,1537500.0,0.16891891891891891
35915093.0,339500.0,0.14050632911392405
35915113.0,487495.0,1.1763169642857143
35915113.0,487495.0,1.1763169642857143
35915851.0,437500.0,0.6509433962264151
35916521.0,762000.0,0.04630788485607009
35918440.0,1800000.0,0.04
35918781.0,1487450.0,0.42790384615384613
35919751.0,1122500.0,0.5918181818181818
35920166.0,1562500.0,0.11686919228020014
35920571.0,347000.0,0.21754385964912282
35920629.0,367000.0,0.0057550013702384216
35920921.0,406500.0,0.3284313725490196
35921836.0,587500.0,0.8987068965517241
35921943.0,1775000.0,0.40635451505016723
35922619.0,389500.0,0.3398305084745763
35922874.0,164950.0,0.3196
35923110.0,355000.0,0.09230769230769231
35923110.0,355000.0,0.09230769230769231
35923249.0,188450.0,0.10261904761904762
35924162.0,420000.0,0.3548387096774194
35925564.0,1485000.0,0.29285714285714287
35928761.0,392000.0,0.43919885550786836
35929422.0,712450.0,0.13642424242424242
35931115.0,322500.0,0.1935483870967742
35932638.0,208450.0,0.2633333333333333
35932638.0,208450.0,0.34483870967741936
35933201.0,754450.0,0.08553956834532374
35934491.0,800000.0,0.018404907975460124
35935336.0,652000.0,0.05493549789824612
35936049.0,594950.0,0.52404
35936969.0,324950.0,0.09043624161073825
35937200.0,352500.0,0.23684210526315788
35937374.0,384949.5,0.6106673640167364
35939917.0,305000.0,0.27380952380952384
35940404.0,219950.0,0.05560326320309145
35940517.0,363499.5,0.453998
35942497.0,637000.0,0.6025157232704402
35942695.0,383950.0,0.0398849712428107
35943933.0,1950000.0,0.11428571428571428
35949213.0,530000.0,0.759090909090909
35949616.0,699000.0,1.6781609195402298
35949938.0,579500.0,1.0333333333333334
35955206.0,199950.0,0.0523696682464455
35955393.0,177500.0,0.2111111111111111
35956268.0,172500.0,0.15
35956268.0,176000.0,0.17333333333333334
36347674.0,394999.5,0.12857
36349261.0,81950.0,0.08944444444444444
36351255.0,122450.0,0.38467336683417086
36351816.0,190000.0,0.20833333333333334
36352147.0,327500.0,0.07746478873239436
36353040.0,328725.0,0.32913265306122447
36354746.0,274949.5,0.14562291666666666
36428377.0,377000.0,0.08026347889729202
36428377.0,377000.0,0.08026347889729202
36431637.0,367500.0,0.3717948717948718
36431700.0,389000.0,0.18088018530216887
36431761.0,295000.0,0.3854166666666667
36432422.0,388500.0,0.2954318106035345
36432464.0,317500.0,0.324468085106383
36432706.0,357500.0,0.1721311475409836
36432782.0,302500.0,0.43971105760325985
36432782.0,302500.0,0.43971105760325985
36433959.0,289900.0,0.4083673469387755
36434194.0,329999.5,0.05714428571428572
36434483.0,417500.0,0.1997126436781609
36434847.0,342500.0,0.10519522426589223
36434970.0,299450.0,0.08890909090909091
36434987.0,342500.0,0.0873015873015873
36435817.0,202400.0,0.12450691705094727
36435863.0,227000.0,0.07535641547861507
36435863.0,227000.0,0.07535641547861507
36435955.0,289900.0,0.07410151908114117
36436288.0,326999.5,0.009257716049382716
36436320.0,110000.0,0.6
36436406.0,100000.0,0.13043478260869565
36436605.0,174450.0,0.1886046511627907
36437777.0,161500.0,0.07714285714285714
36437983.0,207500.0,0.056818181818181816
36437983.0,187500.0,0.14772727272727273
36438281.0,179495.0,0.28210714285714283
36438507.0,66500.0,0.2925531914893617
36438601.0,187000.0,0.1761006289308176
36438643.0,66500.0,0.08402203856749312
36438707.0,99000.0,0.32
36438854.0,100000.0,0.3333333333333333
36438941.0,104250.0,0.13125
36439049.0,391750.0,0.21492985971943887
36439265.0,120000.0,0.3684210526315789
36440037.0,324999.5,0.16278890876565294
36440326.0,362500.0,0.1331666145670522
36440402.0,321250.0,0.00390625
36440571.0,337450.0,0.03558159474135467
36440571.0,317450.0,0.09274078308088025
36441509.0,187500.0,0.20178799489144317
36441609.0,394450.0,0.5171153846153846
36441858.0,342500.0,0.05384615384615385
36442544.0,194000.0,0.39374810546282957
36443727.0,164944.5,0.10840810810810811
36444114.0,299450.0,0.0698463737048946
36444516.0,284499.0,0.035596610169491526
36444650.0,141250.0,0.37222222222222223
36445499.0,62500.0,0.21777221526908636
36445842.0,169989.0,0.17233793103448275
36446538.0,97000.0,0.07777777777777778
36446685.0,89500.0,0.48857142857142855
36448390.0,99500.0,3.422222222222222
36448480.0,159989.5,0.11116944444444445
36448480.0,159989.5,0.11116944444444445
36448824.0,69800.0,3.6533333333333333
36449528.0,225000.0,0.15384615384615385
36449528.0,212500.0,0.08974358974358974
36449741.0,99500.0,0.99
36451945.0,52500.0,1.625
36452105.0,177495.0,0.014257142857142857
36452501.0,234999.5,0.11957837065269175
36452609.0,284900.0,1.4773913043478262
36453181.0,181500.0,0.2108695652173913
36453394.0,215000.0,4.388471177944862
36453775.0,200000.0,0.8181818181818182
36453779.0,357500.0,0.3240838821028304
36454004.0,166450.0,0.33419733678934715
36454792.0,89500.0,1.5942028985507246
36454991.0,104500.0,0.045
36455103.0,94500.0,0.045454545454545456
36455602.0,174950.0,0.18627906976744185
36455754.0,92500.0,0.5442404006677797
36456317.0,62500.0,0.45652173913043476
36456687.0,104250.0,0.04354354354354354
36456858.0,56000.0,0.44
36457057.0,20000.0,0.5
36457080.0,157500.0,0.12499513886188257
36458537.0,179495.0,0.18038812785388128
36459034.0,56000.0,0.7746478873239436
36459329.0,22500.0,0.125
36459492.0,154945.0,0.19280215550423402
36459503.0,200000.0,0.7021276595744681
36459574.0,20000.0,0.8994974874371859
36459796.0,146250.0,0.5936371214226174
36461313.0,99500.0,2.98
36462096.0,161900.0,0.35239740958963833
36462278.0,177000.0,0.10625
36462340.0,50000.0,0.09090909090909091
36463242.0,319949.5,0.279798
36463832.0,99999.5,0.42856428571428573
36463998.0,182500.0,0.0875
36463998.0,169000.0,0.155
36464667.0,159989.5,0.0005597248280175109
36465279.0,301750.0,0.1594707520891365
36465279.0,329500.0,0.08217270194986072
36465646.0,329900.0,1.63922111376891
36466310.0,339450.0,0.3055769230769231
36466310.0,257500.0,0.009615384615384616
36466568.0,234999.5,0.09813363613848664
36467607.0,220000.0,0.022222222222222223
36468155.0,294450.0,0.03315789473684211
36468288.0,299450.0,0.0015050167224080267
36468461.0,200000.0,0.7391304347826086
36469356.0,52500.0,0.65
36469503.0,355000.0,0.2828282828282828
36469506.0,322450.0,0.3485858585858586
36469656.0,378000.0,0.43157894736842106
36469802.0,87200.0,0.6951048951048951
36470334.0,67450.0,0.7683722527472527
36472018.0,210000.0,0.2
36473588.0,97000.0,0.6472727272727272
36473781.0,107500.0,0.7167325428194994
36474338.0,146250.0,0.415
36475670.0,112500.0,0.6017699115044248
36477613.0,330000.0,1.0307692307692307
36477981.0,117500.0,0.6428571428571429
36478298.0,79450.0,0.492332268370607
36480653.0,184945.0,0.22907461442267613
36480712.0,184450.0,0.22824267782426777
36480712.0,184450.0,0.22824267782426777
36481607.0,107500.0,0.43333333333333335
36482384.0,339000.0,0.096
36482774.0,67450.0,0.03642857142857143
36483052.0,299989.0,0.14264361246070306
36483401.0,324995.0,0.07144285714285714
36483401.0,324995.0,0.07144285714285714
36483782.0,107500.0,0.6928571428571428
36484154.0,386000.0,0.025232403718459494
36484630.0,50000.0,0.375
36485069.0,317500.0,0.09285714285714286
36486515.0,294450.0,0.22492761252961305
36486766.0,204950.0,0.04674418604651163
36486930.0,195000.0,0.15217391304347827
36487223.0,162500.0,0.015151515151515152
36487440.0,172499.5,0.14999666666666667
36487675.0,215000.0,0.25862068965517243
36487677.0,309900.0,0.16220600162206
36487731.0,169989.0,0.13333555570371358
36487731.0,169989.0,0.13333555570371358
36488082.0,66500.0,0.4217391304347826
36488244.0,379450.0,0.13268994832820397
36488261.0,354950.0,0.3880172413793103
36488547.0,247450.0,0.7475
36488620.0,294450.0,0.29725536992840096
36488763.0,367500.0,0.3129689174705252
36490061.0,354900.0,0.4196
36491422.0,200000.0,0.14351057747284163
36491479.0,22500.0,0.5
36492552.0,110500.0,0.15104166666666666
36493097.0,62500.0,0.40476190476190477
36493820.0,204500.0,0.2029482526367802
36493894.0,179949.5,0.19966333333333333
36493894.0,179949.5,0.19966333333333333
36495150.0,87200.0,0.5883424408014571
36495165.0,179949.5,0.33295925925925923
36495930.0,120000.0,0.8181818181818182
36496128.0,309945.0,0.033184439481316046
36496128.0,309945.0,0.033184439481316046
36496228.0,355000.0,0.26785714285714285
36496559.0,101700.0,0.017
36496819.0,354500.0,0.058208955223880594
36496837.0,225000.0,0.5
36498411.0,330000.0,0.2222222222222222
36498798.0,347450.0,0.20126436781609194
36499371.0,212500.0,0.23546511627906977
36499491.0,169989.0,0.359912
36499860.0,385000.0,0.1453940066592675
36499962.0,195000.0,0.11428571428571428
36500843.0,322450.0,0.1157439446366782
36501655.0,71000.0,0.014285714285714285
36501688.0,52500.0,1.1
36501906.0,94000.0,0.1826086956521739
36502926.0,99500.0,0.11797752808988764
36503086.0,197500.0,0.14130434782608695
36503780.0,50000.0,0.494949494949495
36504331.0,99500.0,0.32666666666666666
36504605.0,247450.0,0.3785515320334262
36504778.0,94000.0,0.21666666666666667
36505609.0,96450.0,0.4861325115562404
36506996.0,52500.0,0.05
36507000.0,85000.0,1.8333333333333333
36507302.0,184945.0,0.2448142098815843
36507947.0,50000.0,0.16666666666666666
36508161.0,85000.0,1.0238095238095237
36508782.0,52500.0,1.625
36509158.0,299990.0,0.03480510520869265
36509363.0,97000.0,3.311111111111111
36509683.0,66500.0,0.75
36509937.0,52500.0,9.5
36510175.0,299494.5,0.3338645462633452
36510278.0,344500.0,0.2763986661726565
36510881.0,199950.0,0.4282142857142857
36510965.0,294450.0,0.15470588235294117
36512021.0,220000.0,0.2
36512737.0,183950.0,0.1444186046511628
36512905.0,215000.0,2.0758226037195993
36512942.0,192950.0,0.16108695652173913
36513435.0,227500.0,0.3226744186046512
36513989.0,204500.0,0.07688256977356503
36514132.0,164944.5,0.10840810810810811
36514311.0,74950.0,0.24974974974974976
36514890.0,319950.0,0.2798
36514890.0,322450.0,0.2898
36515444.0,390500.0,0.5313725490196078
36515475.0,326999.5,0.03539970501474926
36516015.0,322500.0,0.07593123209169055
36516138.0,22500.0,0.125
36516217.0,20000.0,0.3333333333333333
36516344.0,242449.5,0.010410204081632653
36516361.0,361500.0,0.205
36516790.0,56000.0,0.5371900826446281
36517207.0,104500.0,0.7013432409259789
36517606.0,214450.0,0.7156
36518224.0,179495.0,0.10119631901840491
36519753.0,85000.0,6.7272727272727275
36520128.0,85000.0,3.473684210526316
36521127.0,210000.0,0.5000107143622454
36521256.0,197500.0,0.05952380952380952
36521369.0,52500.0,0.8543285238623751
36522117.0,200000.0,0.7391304347826086
36522161.0,92500.0,1.1006972043694503
36522182.0,194995.0,0.4444074074074074
36522666.0,220000.0,0.043478260869565216
36522813.0,197500.0,0.10227272727272728
36523561.0,181500.0,0.037142857142857144
36523603.0,210000.0,0.07692307692307693
36523808.0,203000.0,0.45
36524545.0,69800.0,5.647619047619048
36526056.0,83300.0,2.090909090909091
36526162.0,83300.0,0.24328358208955222
36526507.0,110000.0,0.6923076923076923
36527045.0,22500.0,0.125
36527424.0,93000.0,0.05102040816326531
36528395.0,99999.5,0.8214845173041895
36528859.0,85000.0,2.4693877551020407
36528863.0,194500.0,0.11142857142857143
36529518.0,197450.0,0.5072519083969466
36529518.0,197450.0,0.5072519083969466
36530058.0,169000.0,0.26200873362445415
36530170.0,225000.0,0.046511627906976744
36531633.0,175000.0,0.17452830188679244
36531830.0,22500.0,0.125
36532205.0,87250.0,0.5863636363636363
36532709.0,173500.0,0.1738095238095238
36532805.0,110000.0,2.151862464183381
36532829.0,197500.0,0.19387755102040816
36533191.0,50000.0,0.25
36533282.0,222450.0,0.23583333333333334
36533540.0,52500.0,0.05
36533681.0,179495.0,0.164751046998604
36533855.0,227499.5,0.03408863636363636
36534220.0,196950.0,0.5151282031556517
36534220.0,196950.0,0.5151282031556517
36534228.0,174945.0,0.2707586494372655
36534706.0,168450.0,0.12231340367330988
36534986.0,368000.0,0.34285714285714286
36535159.0,487500.0,0.7105263157894737
36535197.0,365000.0,0.21666666666666667
36535365.0,362500.0,0.13484486873508353
36535418.0,287450.0,0.19770833333333335
36535502.0,177495.0,0.10806532663316583
36536640.0,300000.0,0.05263157894736842
36536640.0,302500.0,0.06140350877192982
36537047.0,383250.0,0.13876404494382022
36537408.0,323750.0,0.027777777777777776
36537414.0,357500.0,0.19166666666666668
36537635.0,299450.0,0.19045688023790214
36538944.0,299494.5,0.0013521173724574858
36540162.0,299450.0,0.301981351981352
36540513.0,355000.0,0.16470588235294117
36541354.0,323750.0,0.04435483870967742
36541414.0,299450.0,0.38256458896059714
36541479.0,362500.0,0.20833333333333334
36542235.0,299450.0,0.032942393928941015
36543558.0,170000.0,0.0759493670886076
36544881.0,190000.0,0.25
36546539.0,257500.0,0.37333333333333335
36546571.0,210000.0,0.68
36546652.0,179949.5,0.09573115577889448
36546652.0,179949.5,0.09573115577889448
36547370.0,101750.0,0.15208333333333332
36547637.0,202400.0,0.15723270440251572
36549046.0,92500.0,0.46825396825396826
36549386.0,197445.0,0.03973143759873618
36549798.0,97200.0,0.04516129032258064
36549891.0,215000.0,0.7931609674728941
36550352.0,207500.0,0.3842561707805203
36551072.0,202400.0,0.13072625698324022
36551244.0,56000.0,0.6591600730371272
36551519.0,197500.0,0.1409308394954328
36551718.0,211949.5,0.05799803554682465
36551718.0,211949.5,0.05799803554682465
36552731.0,392500.0,0.06545393937950904
36552979.0,175000.0,0.2218763895064473
36553155.0,199950.0,0.020153061224489795
36553474.0,66500.0,0.335
36553641.0,391750.0,0.1694064758402264
36553895.0,106750.0,0.016666666666666666
36554170.0,131500.0,0.5616666666666666
36554728.0,229500.0,0.02
36554728.0,229500.0,0.02
36556527.0,181500.0,0.21
36559584.0,392500.0,0.23039215686274508
36560210.0,197500.0,0.1770799044996021
36560658.0,357500.0,0.1956521739130435
36563397.0,175000.0,0.125
36563846.0,20000.0,0.6666666666666666
36564224.0,210000.0,0.05
36564224.0,207500.0,0.0375
36564510.0,187000.0,0.10909957122439257
36565757.0,181500.0,0.2108695652173913
36565868.0,203000.0,0.5615384615384615
36566054.0,441500.0,0.01670378619153675
36566318.0,249900.0,0.2495624781239062
36566497.0,331000.0,0.23908045977011494
36566751.0,242500.0,0.029611844737895156
36566782.0,184945.0,0.195541539799913
36567345.0,572500.0,0.6594202898550725
36568868.0,181962.5,0.04276504297994269
36570617.0,199950.0,0.1768687463213655
36570685.0,173250.0,0.1941860465116279
36571010.0,227000.0,0.09199636798547194
36571010.0,227000.0,0.09199636798547194
36572793.0,175000.0,0.06914893617021277
36573390.0,107500.0,0.03864734299516908
36573696.0,317450.0,0.05851950650216739
36574609.0,225000.0,0.1306532663316583
36576017.0,317500.0,0.030534351145038167
36576259.0,294499.5,0.0016932260787324703
36576259.0,294499.5,0.0016932260787324703
36576305.0,328725.0,0.08490099009900991
36576862.0,327499.0,0.12666933333333333
36576962.0,323750.0,0.01879072586755569
36577329.0,362500.0,0.03571428571428571
36577667.0,200000.0,0.08256880733944955
36577781.0,204950.0,0.14604166666666665
36578291.0,117500.0,0.6727019498607242
36579174.0,324900.0,0.0972492358988608
36579525.0,304944.5,0.12873
36580984.0,367500.0,0.02
36581182.0,174450.0,0.1692857142857143
36581395.0,415950.0,0.1395890410958904
36581740.0,384950.0,0.01569920844327177
36584081.0,199950.0,0.13065217391304348
36584429.0,312494.5,0.06290646258503402
36584429.0,312494.5,0.06290646258503402
36584501.0,317500.0,0.1056338028169014
36585152.0,194500.0,0.20579828501429154
36585322.0,107500.0,0.6742424242424242
36587523.0,195000.0,0.19753086419753085
36587692.0,363500.0,0.2754385964912281
36587692.0,363500.0,0.2754385964912281
36589703.0,89500.0,0.284
36591327.0,289950.0,0.5944755244755244
36591761.0,339950.0,0.3080030781069642
36594162.0,247450.0,0.05298320418384759
36594714.0,344500.0,0.06000326154849707
36595326.0,193500.0,0.0999958139340183
36595437.0,181500.0,0.21
36596743.0,352450.0,0.007287796513289512
36596784.0,390950.0,0.3075250836120401
36597533.0,131150.0,0.20515151515151514
36597899.0,214999.5,0.719996
36598152.0,219950.0,0.25685714285714284
36598154.0,141250.0,0.19285714285714287
36598225.0,82000.0,0.08888888888888889
36599272.0,324450.0,0.014223194748358862
36599296.0,96450.0,0.09106334841628959
36599509.0,20000.0,0.2
36601181.0,330000.0,2.0
36602930.0,329900.0,0.015076923076923076
36603361.0,52500.0,0.65
36603528.0,317450.0,0.0617056856187291
36603671.0,417495.0,0.41523728813559324
36604315.0,210000.0,0.5555555555555556
36604692.0,97000.0,0.612
36604957.0,199000.0,0.13714285714285715
36605956.0,120000.0,0.2727272727272727
36608402.0,177000.0,0.115
36608402.0,195000.0,0.025
36608564.0,367500.0,0.02
36608744.0,347450.0,0.2413361914969632
36609390.0,312494.5,0.008372055501774766
36609572.0,299950.0,0.1782191780821918
36609711.0,330000.0,0.0958904109589041
36610898.0,389000.0,0.41454545454545455
36611719.0,159989.5,0.05882439451964539
36611719.0,159989.5,0.05882439451964539
36611720.0,196950.0,0.1586043802834301
36611720.0,196950.0,0.1586043802834301
36612580.0,287450.0,0.008451190065539842
36612763.0,219950.0,0.46731154102735156
36613084.0,328725.0,0.18288952860741273
36613758.0,175000.0,0.2590018633227577
36613855.0,197500.0,0.19387755102040816
36614140.0,215000.0,0.24277456647398843
36614239.0,107500.0,0.6538461538461539
36614419.0,183212.5,0.06518895348837209
36614452.0,220000.0,0.2571428571428571
36614574.0,357500.0,0.006944444444444444
36615668.0,170000.0,0.36
36615761.0,99950.0,0.0004900049000490004
36615852.0,302450.0,0.05188087774294671
36617126.0,222450.0,0.10662650602409639
36618868.0,323750.0,0.1990785151056115
36619975.0,299944.5,0.0031588628762541805
36620557.0,287450.0,0.9824137931034482
36620789.0,375000.0,0.36363636363636365
36620901.0,227000.0,0.008733624454148471
36620901.0,227000.0,0.008733624454148471
36621084.0,322450.0,0.2499418469411491
36622449.0,378000.0,0.5418181818181819
36623362.0,207500.0,0.0375
36623723.0,62500.0,0.3386243386243386
36623901.0,187500.0,0.07142857142857142
36623901.0,215000.0,0.22857142857142856
36624026.0,189995.0,0.08568571428571428
36625420.0,432500.0,0.06790123456790123
36625626.0,141500.0,0.4337735094037615
36626852.0,417495.0,0.41523728813559324
36627331.0,195000.0,0.18181818181818182
36627472.0,299494.5,0.0016483937744383962
36627472.0,299000.0,0.0032967875488767923
36627661.0,337450.0,0.15616404101025255
36627661.0,317450.0,0.206176544136034
36628259.0,161500.0,0.1717948717948718
36628606.0,173250.0,0.3014112903225806
36628940.0,79450.0,0.31252001003746743
36629551.0,358500.0,0.024285714285714285
36630544.0,283000.0,0.14242424242424243
36630986.0,327500.0,0.03648131803471609
37770462.0,207500.0,0.03488372093023256
37772608.0,329500.0,0.19818181818181818
37773420.0,762000.0,0.05925925925925926
41047777.0,410000.0,0.06493506493506493
41049359.0,1771500.0,0.04243243243243243
41050592.0,669900.0,0.030615384615384614
41050592.0,669900.0,0.030615384615384614
41052393.0,344997.5,0.15037512504168057
41052441.0,462450.0,0.34043478260869564
41054140.0,618800.0,0.07151515151515152
41054356.0,0.0,
41056115.0,422499.5,0.006190759704691593
41056730.0,444900.0,0.15558741711017432
41057352.0,387450.0,0.3138351983723296
41057949.0,447450.0,0.18630660120021822
41057949.0,455000.0,0.17257683215130024
41058006.0,344950.0,0.34295238095238095
41058231.0,337450.0,0.20517857142857143
41058702.0,227500.0,0.07142857142857142
41060022.0,424950.0,0.18074465129202555
41060745.0,207500.0,0.09210526315789473
41061077.0,0.0,
41061399.0,425000.0,0.024096385542168676
41062156.0,362500.0,0.3274582560296846
41062320.0,214250.0,0.12551020408163266
41063521.0,370000.0,0.058655221745350504
41063788.0,575000.0,0.041666666666666664
41065081.0,604995.0,0.01679831932773109
41065105.0,532500.0,0.12105263157894737
41066747.0,140000.0,0.06604402935290193
41066802.0,625000.0,0.0
41066965.0,359950.0,0.0001388888888888889
41067135.0,427450.0,0.35698412698412696
41067286.0,215000.0,0.3782051282051282
41067609.0,419950.0,0.08706521739130435
41067984.0,328400.0,0.02523003858711784
41067984.0,338447.5,0.004593351142772336
41068056.0,395000.0,0.3421678559293238
41068350.0,384950.0,0.2835945315105035
41068586.0,357450.0,0.12053291536050156
41068816.0,369250.0,0.39339622641509436
41070588.0,450000.0,0.14285714285714285
41072408.0,347200.0,0.008
41072789.0,425000.0,0.26865671641791045
41072882.0,220000.0,0.0045662100456621
41074100.0,337450.0,0.12520840280093365
41074937.0,600000.0,0.1299291327278607
41075096.0,439950.0,0.07359444093493367
41075182.0,600000.0,0.04
41075182.0,704950.0,0.12792
41076256.0,447500.0,0.12254901960784313
41077408.0,366499.5,0.24237118644067795
41078305.0,319000.0,0.061488673139158574
41078402.0,464950.0,0.10702380952380952
41078729.0,390250.0,0.05758807588075881
41079026.0,603750.0,0.07115384615384615
41079749.0,452500.0,0.09036144578313253
41079981.0,222500.0,0.0511727078891258
41081151.0,422450.0,0.1009789316875931
41081216.0,336900.0,0.14203389830508475
41081216.0,336900.0,0.14203389830508475
41082878.0,413450.0,0.23435185185185184
41082911.0,359950.0,0.2728282828282828
41083041.0,392500.0,0.018504626156539136
41083456.0,677765.0,0.01158955223880597
41083487.0,422500.0,0.01744186046511628
41083972.0,349750.0,0.3640909090909091
41084854.0,625000.0,0.375
41084890.0,640000.0,0.015384615384615385
41085745.0,742500.0,0.29130434782608694
41086136.0,371000.0,0.28516377649325625
41087332.0,627500.0,0.07264957264957266
41087745.0,420000.0,0.0867579908675799
41088723.0,694450.0,0.17723342939481268
41091172.0,497450.0,0.09538097835970176
41091585.0,397500.0,0.1865671641791045
41092675.0,327000.0,0.20243902439024392
41093355.0,357450.0,0.5886666666666667
41093575.0,402449.5,0.15018433838239498
41094339.0,412500.0,0.029411764705882353
41094529.0,380000.0,0.07317073170731707
41096548.0,384950.0,0.13253898205354517
41096714.0,654950.0,0.023519299890607907
41096941.0,514450.0,0.20841667948915218
41097872.0,522445.0,0.00663776493256262
41098038.0,400000.0,0.0907024323709934
41098947.0,412000.0,0.06150341685649203
41098982.0,607500.0,0.0125
41099536.0,603750.0,0.32916666666666666
41099691.0,691200.0,0.23624309392265194
41100367.0,1375000.0,0.0
41101222.0,1237500.0,0.17499944999963332
41101612.0,722463.5,0.14703246753246754
41101612.0,722463.5,0.14703246753246754
41101725.0,572550.0,0.2612258064516129
41101885.0,627500.0,0.04149377593360996
41101926.0,692450.0,0.18525708906930227
41103309.0,411500.0,0.08555555555555555
41103391.0,1477500.0,0.06678700361010831
41103958.0,482450.0,0.206125
41104593.0,437000.0,0.5399515738498789
41105340.0,557450.0,0.33707931977643
41106255.0,522250.0,0.08793223891023402
41107907.0,395000.0,0.24761904761904763
41108472.0,444949.5,0.2432229673093043
41109092.0,380000.0,0.0558488469019172
41109096.0,405000.0,0.1456859971711457
41109621.0,376899.5,0.17817911847452328
41110762.0,472450.0,0.025876288659793814
41111064.0,382250.0,0.05148883374689826
41111336.0,644900.0,0.3446138211382114
41112147.0,344950.0,0.06745066234117329
41113611.0,339500.0,0.1575682382133995
41114182.0,519500.0,0.36257668711656443
41114621.0,536500.0,0.1346774193548387
41115670.0,603750.0,0.11861313868613138
41115939.0,315950.0,0.18987179487179487
41116866.0,467450.0,0.06322645290581162
41116962.0,622447.5,0.028847345845833438
41116962.0,622447.5,0.028847345845833438
41117243.0,417450.0,0.19271428571428573
41119022.0,384700.0,0.221657669101302
41119494.0,329450.0,0.3064210526315789
41119805.0,459950.0,0.2776388888888889
41119805.0,465000.0,0.2916666666666667
41120334.0,0.0,
41121675.0,349750.0,0.028979111503383347
41121988.0,412000.0,0.2509090909090909
41122209.0,422500.0,0.4929328621908127
41123056.0,403950.0,0.34694898299433147
41123225.0,692450.0,0.20426086956521738
41123522.0,480551.0,0.2481844155844156
41125176.0,704450.0,0.06695364238410596
41125604.0,572550.0,0.029576271186440677
41126198.0,1947500.0,0.02625
41126694.0,667000.0,0.011851851851851851
41126694.0,667000.0,0.011851851851851851
41127806.0,372500.0,0.46078431372549017
41128106.0,1549999.0,0.2399992
41128566.0,1230000.0,0.12142857142857143
41129832.0,687000.0,0.084
41130033.0,680499.5,0.19941235294117646
41130630.0,1549999.0,0.05084677966101695
41131357.0,434000.0,0.1962962962962963
41131573.0,927500.0,0.4759887005649718
41131588.0,1612500.0,0.4533898305084746
41131698.0,1549999.0,0.36082515463917525
41132821.0,352000.0,0.40237691001697795
41135182.0,509450.0,0.5925289152860269
41135243.0,365000.0,0.4959016393442623
41135950.0,574999.5,1.5555533333333333
41135992.0,413900.0,0.3797126570885696
41136364.0,427500.0,0.1680327868852459
41137039.0,359950.0,0.14269841269841269
41138645.0,514450.0,0.3528930817610063
41139904.0,2582500.0,0.07604166666666666
41139928.0,3024950.0,0.21427829294267384
41140049.0,1800000.0,0.4782608695652174
41140407.0,322450.0,0.3211578947368421
41142794.0,1412500.0,0.4567307692307692
41142794.0,1412500.0,0.4567307692307692
41143421.0,1221500.0,0.0228
41143421.0,1237500.0,0.01
41143543.0,427500.0,0.030120481927710843
41144074.0,640000.0,0.09401709401709402
41144518.0,1540000.0,0.022222222222222223
41145042.0,1837000.0,0.15520809381467005
41146556.0,0.0,
41147609.0,644900.0,0.24120484762913283
41147979.0,1961750.0,0.2153
41147980.0,1497500.0,0.5268562401263823
41147980.0,1495499.5,0.5274883096366508
41148039.0,2621120.0,0.2056971423376466
41148177.0,390500.0,0.18219895287958116
41148178.0,583750.0,0.019650655021834062
41148412.0,420000.0,0.12
41148856.0,371000.0,0.2021505376344086
41149680.0,225000.0,0.021313614615050023
41149991.0,677299.5,0.13831848739495797
41150379.0,397499.5,0.28225645161290325
41150678.0,0.0,
41151415.0,227250.0,0.01
41151823.0,479950.0,0.15650602409638553
41153318.0,395000.0,0.185399051350794
41154195.0,2207500.0,0.44113924050632913
41154563.0,1250000.0,0.20634920634920634
41154741.0,380000.0,0.10144927536231885
41155294.0,332400.0,0.1913978494623656
41155526.0,1424500.0,0.482
41155690.0,1575000.0,0.5961538461538461
41155875.0,1749249.5,0.12493771885942971
41157962.0,647500.0,0.01968503937007874
41158483.0,460551.0,0.29732676056338025
41158557.0,416000.0,0.26371681415929205
41159510.0,2097000.0,0.36454545454545456
41159510.0,2097000.0,0.36454545454545456
41159986.0,1875000.0,0.15384615384615385
41160131.0,1685000.0,0.4893939393939394
41160239.0,2621120.0,0.5967507692307692
41161644.0,415000.0,0.10696185649506534
41163227.0,427500.0,0.2076271186440678
41163268.0,394000.0,0.01808785529715762
41163566.0,725000.0,0.10015174506828528
41163566.0,725000.0,0.10015174506828528
41164835.0,640000.0,0.0844062947067239
41164836.0,202000.0,0.7110157367668097
41165214.0,220000.0,0.06382978723404255
41165214.0,220000.0,0.043478260869565216
41165469.0,390500.0,0.05540540540540541
41168014.0,682299.5,0.10943008130081301
41168582.0,659500.0,0.12066666666666667
41168633.0,445500.0,0.36583629893238434
41168920.0,291500.0,0.11639890876023037
41169266.0,337500.0,0.38073394495412843
41169393.0,734500.0,1.9497991967871486
41169414.0,285500.0,0.142
41169450.0,174900.0,0.2861224489795918
41170013.0,349750.0,0.1866279069767442
41170289.0,380000.0,0.1875
41170725.0,349750.0,0.014062046970136272
41170957.0,432000.0,0.08270676691729323
41171023.0,318499.5,0.17272857142857143
41171115.0,269250.0,0.44484536082474224
41171295.0,307450.0,0.267103694874851
41171341.0,371000.0,0.060759493670886074
41171640.0,464950.0,0.49983870967741933
41171752.0,479950.0,0.12736363636363637
41171752.0,477450.0,0.13190909090909092
41172275.0,326000.0,0.17468354430379746
41172293.0,339900.0,0.1905215527506549
41172293.0,339700.0,0.19099785663253155
41172831.0,657500.0,0.4282608695652174
41173303.0,1537499.5,0.025000350000233332
41173341.0,367250.0,0.129739336492891
41174134.0,2207500.0,0.6846428571428571
41175287.0,376250.0,0.32207207207207206
41176632.0,386000.0,0.08095238095238096
41177458.0,644900.0,0.3412665985699694
41177563.0,482000.0,0.03406813627254509
41179898.0,419950.0,0.15993198639727946
41180101.0,404000.0,0.17101449275362318
41181240.0,494000.0,0.52
41181240.0,494000.0,0.52
41181827.0,389500.0,0.04704301075268817
41182360.0,357400.0,0.10627656914228557
41182654.0,387500.0,0.4351851851851852
41183112.0,395000.0,0.43636363636363634
41183352.0,382812.5,0.42840485074626866
41184227.0,349900.0,0.18627906976744185
41184227.0,349900.0,0.18627906976744185
41184691.0,427500.0,0.017857142857142856
41185282.0,354950.0,0.112625
41185646.0,371000.0,0.09290953545232274
41185746.0,409500.0,0.5452830188679245
41185777.0,382812.5,0.21875
41186367.0,409500.0,0.21875
41186860.0,395000.0,0.1288939697056302
41187361.0,417450.0,0.31480314960629924
41188167.0,552000.0,0.5462184873949579
41188328.0,424950.0,0.00011767474699929395
41188637.0,394900.0,0.12860817376393255
41188638.0,417450.0,0.12854825628548255
41189546.0,623944.0,0.08243529411764706
41191222.0,2207500.0,0.35054427772874375
41191293.0,1387450.0,0.22915161953441857
41191463.0,1310000.0,0.04727272727272727
41192462.0,679500.0,0.19964664310954064
41192462.0,679500.0,0.19964664310954064
41193461.0,679500.0,0.06262932818319768
41193546.0,650000.0,0.029705926257650395
41193546.0,650000.0,0.029705926257650395
41193925.0,420000.0,0.235657546337158
41194137.0,377500.0,0.2942606094597121
41195309.0,382250.0,0.2355
41195566.0,215750.0,0.08191489361702127
41195616.0,392500.0,0.12174907116318948
41196017.0,383950.0,0.097
41196404.0,242000.0,0.0012381345439537762
41196449.0,237000.0,0.00851063829787234
41196449.0,237000.0,0.00851063829787234
41196593.0,394500.0,0.01375
41196871.0,564500.0,0.41125
41196879.0,382812.5,0.2008089770354906
41197328.0,440000.0,0.06363055969355182
41198220.0,380000.0,0.16923076923076924
41198505.0,211000.0,0.12083333333333333
41200611.0,417450.0,0.23505917159763315
41201193.0,436000.0,0.4976958525345622
41201638.0,517450.0,0.39824398185835563
41203219.0,419950.0,0.13412371134020618
41203256.0,395000.0,0.14130434782608695
41203551.0,371000.0,0.2865384615384615
41203632.0,439500.0,0.03411764705882353
41204978.0,394900.0,0.1446376811594203
41205819.0,204500.0,0.082010582010582
43806293.0,705700.0,0.16976470588235293
43806827.0,692000.0,0.07733333333333334
43807513.0,470000.0,0.01052423268259512
43808726.0,377500.0,0.16111111111111112
43809087.0,408995.0,0.1688911117462132
43809421.0,667000.0,0.2143698468786808
43809603.0,408000.0,0.4867924528301887
43809873.0,460000.0,0.16363636363636364
43810803.0,385000.0,0.2581888246628131
43812298.0,439007.0,0.3901833587998333
43813424.0,207000.0,0.0590866322119646
43813683.0,667500.0,0.026923076923076925
43814409.0,590000.0,0.052969502407704656
43814821.0,470000.0,0.05811623246492986
43815006.0,727450.0,0.06977941176470588
43816015.0,667500.0,0.1098813175090012
43822207.0,315000.0,0.1710417242332136
43824797.0,410450.0,0.2107669616519174
43825967.0,151950.0,0.8831153846153846
43825968.0,151950.0,0.873375
43827666.0,1549500.0,0.5435262925320371
43829943.0,1725000.0,0.214123006833713
43830363.0,662450.0,0.6982004555808656
43831813.0,1062500.0,0.2517605633802817
43832067.0,942500.0,0.5811111111111111
43832316.0,759000.0,0.09523809523809523
43836423.0,182750.0,0.12976190476190477
43838086.0,212500.0,0.03409090909090909
43838457.0,446950.0,0.10609821219642439
43839175.0,296500.0,0.43523809523809526
43839752.0,360000.0,0.4418604651162791
43839874.0,590000.0,0.02608695652173913
43840653.0,769450.0,0.3430790713911677
43841788.0,350000.0,0.16705568522840947
43842670.0,717450.0,0.010413793103448275
43843799.0,607500.0,0.16206896551724137
43847081.0,193450.0,0.00233160621761658
43847812.0,722500.0,0.39791616493013743
43848326.0,1369995.0,0.40435
43850527.0,1382500.0,0.325609756097561
43851903.0,1499499.5,0.3694059360730594
43853308.0,749500.0,0.11823529411764706
43853878.0,2017500.0,0.12282608695652174
43854062.0,696500.0,0.4195833333333333
43856050.0,2449000.0,0.33631436314363145
43856575.0,1062500.0,0.4014084507042254
43857066.0,1522000.0,0.49181969949916526
43857662.0,756450.0,0.02361299052774019
43858769.0,2002495.0,0.18265510204081634
43859680.0,649000.0,0.12297297297297298
43859956.0,498607.5,0.6664832775919732
43860492.0,1172500.0,0.4902173913043478
43861432.0,1592500.0,0.1375
43863513.0,732500.0,0.6144736842105263
43863611.0,10525000.0,0.660483870967742
43864151.0,1250000.0,0.6153846153846154
43864977.0,1499500.0,0.3752083333333333
43866541.0,2935990.0,0.6873280085197018
43866770.0,792500.0,0.5046875
43867564.0,600000.0,0.18144611186903137
43867942.0,303750.0,0.46238938053097345
43867966.0,456000.0,0.015590200445434299
43868261.0,716000.0,0.03768115942028986
43869808.0,727450.0,0.19082313681868743
43870590.0,1899500.0,0.4155384615384615
43870718.0,2647000.0,0.6687108886107634
43872076.0,597500.0,0.036290322580645164
43872360.0,597495.0,0.5000041841004184
43872361.0,1235000.0,0.26666666666666666
43872968.0,438499.5,0.2710130434782609
43873333.0,545000.0,0.5855513307984791
43874205.0,391250.0,0.42272727272727273
43998045.0,1336900.0,0.6463227513227513
43998314.0,377450.0,0.4529710144927536
43998461.0,1500000.0,0.5
44181234.0,1673999.5,0.2876919230769231
44181631.0,320000.0,0.16363636363636364
44182896.0,469500.0,0.16902654867256636
44183172.0,722000.0,0.032904148783977114
44183590.0,727500.0,0.0407725321888412
44187558.0,594950.0,0.0916793893129771
44189100.0,447500.0,0.5
44190286.0,725000.0,0.06451612903225806
44192943.0,730250.0,0.14088235294117646
44194551.0,404450.0,0.37776923076923075
44204507.0,1649500.0,0.08361111111111111
44205486.0,1475000.0,0.2826086956521739
44205489.0,739950.0,0.05707142857142857
44208737.0,1416900.0,0.3409767441860465
44211258.0,1522000.0,0.2176
44212089.0,1199999.5,0.3314766016713092
44212330.0,727500.0,0.08490566037735849
44214765.0,505000.0,0.12247166036897088
44215252.0,737500.0,0.07664233576642336
44216024.0,309950.0,0.14796296296296296
44217800.0,661500.0,0.012686567164179104
44219792.0,825000.0,1.6612903225806452
44222460.0,382500.0,0.4166666666666667
44223580.0,162000.0,0.3441295546558704
44226427.0,2957500.0,0.7624497991967871
44226431.0,7015000.0,0.5811940298507463
44246119.0,659990.0,0.08334722222222223
44247306.0,899000.0,0.33185185185185184
44257008.0,359500.0,0.033045977011494254
44259456.0,707000.0,0.1769499417927823
44261394.0,737500.0,0.0861561119293078
44261884.0,705000.0,0.11904761904761904
44262179.0,709500.0,0.1502994011976048
44262603.0,659990.0,0.12001333333333333
44265342.0,117450.0,0.5935986159169551
44265454.0,317500.0,0.007936507936507936
44266690.0,385450.0,0.31105442176870746
44266803.0,305000.0,0.19608312189459567
44269252.0,736250.0,0.05178571428571429
44270155.0,689000.0,0.6404800963811819
44271885.0,735000.0,0.072992700729927
44275662.0,373500.0,0.017105263157894738
44276675.0,2200000.0,0.08333333333333333
44277088.0,745000.0,0.04929577464788732
44277973.0,206500.0,0.15714285714285714
44277993.0,299500.0,0.14404115461560446
44280196.0,329500.0,0.14013840830449828
44281392.0,343500.0,0.19478260869565217
44287015.0,1337000.0,0.028619787659639944
44287904.0,419100.0,0.3003338898163606
44287924.0,1024999.5,0.6116690661110059
44288123.0,339950.0,0.3813466787989081
44291157.0,1725000.0,0.21052631578947367
44296305.0,449500.0,0.18123861566484517
44300682.0,198950.0,0.20388155262104843
44300833.0,407250.0,0.629
44300979.0,469900.0,0.44652532391048294
44301152.0,771250.0,0.28541666666666665
44301626.0,415000.0,0.20192307692307693
44301967.0,714000.0,0.010395010395010396
44302201.0,730250.0,0.08025147928994082
44305638.0,672495.0,0.23406036446469247
44313113.0,659990.0,0.12001333333333333
44328381.0,705000.0,0.08461538461538462
44329747.0,454950.0,0.12509615384615386
44330429.0,700000.0,0.10244903192717016
44334310.0,702500.0,0.13306451612903225
44337151.0,785000.0,0.060810810810810814
44337804.0,725250.0,0.044466403162055336
44337854.0,682000.0,0.1475
44338296.0,593700.0,0.09358778625954199
44339544.0,364700.0,0.2876953125
44339915.0,646500.0,0.06859504132231405
44341102.0,682450.0,0.18686956521739131
44349124.0,735000.0,0.2564102564102564
44357336.0,552000.0,0.903448275862069
44360012.0,664500.0,0.1535031847133758
44360334.0,338000.0,0.40176991150442476
44361914.0,722500.0,0.04304635761589404
44362951.0,725000.0,0.15079365079365079
44363586.0,384499.5,0.13205530474040633
44363828.0,481500.0,0.09983174425126191
44402875.0,286950.0,0.22424979724249797
44405203.0,202500.0,0.35906040268456374
44406998.0,191950.0,0.28825503355704696
44408655.0,202400.0,0.19007603041216486
44410904.0,172250.0,0.31072428971588634
44411520.0,333450.0,0.1115
44411747.0,320000.0,0.1856243052982586
44413404.0,226950.0,0.14045226130653266
44413546.0,304000.0,0.17829457364341086
44413996.0,207140.0,0.0357
44415010.0,177450.0,0.22847826086956521
44415036.0,354500.0,0.418
44415760.0,415000.0,0.296875
44415767.0,309995.0,0.01587326782964809
44416552.0,297447.5,0.00847528250941698
44417086.0,209950.0,0.10659574468085106
44417333.0,338700.0,0.22274368231046932
44417355.0,332500.0,0.1271186440677966
44418587.0,216250.0,0.13152610441767068
44418991.0,207140.0,0.2553939393939394
44419221.0,209000.0,0.12972972972972974
44419815.0,328000.0,0.312
44420151.0,166000.0,0.30804501875781576
44421486.0,193500.0,0.17624521072796934
44422342.0,326000.0,0.26741573033707866
44422755.0,347450.0,0.24089285714285713
44424622.0,217400.0,0.0073059360730593605
44424918.0,411950.0,0.498
44425328.0,333450.0,0.1115
44425552.0,197500.0,0.06839622641509434
44426160.0,332450.0,0.2175806072016945
44426302.0,346000.0,0.01794645483965872
44426606.0,333450.0,0.07564516129032257
44426745.0,358950.0,0.23775862068965517
44426767.0,337495.0,0.2096594982078853
44427622.0,317500.0,0.09520524318730597
44429010.0,328000.0,0.025320412628946545
44429134.0,384500.0,0.3263194204898241
44429853.0,335000.0,0.15557088651259054
44430005.0,352400.0,0.1945762711864407
44430661.0,307275.0,0.008790322580645162
44430661.0,304775.0,0.03246031746031746
44430990.0,172500.0,0.3072289156626506
44431055.0,352400.0,0.1945762711864407
44431453.0,204640.0,0.4617142857142857
44431640.0,282500.0,1.2618094475580464
44432432.0,191950.0,0.84644
44432433.0,229000.0,0.8168
44432666.0,323450.0,0.19117279319829958
44433086.0,145000.0,0.2364402317008952
44433338.0,199450.0,0.16861192163401417
44433414.0,294950.0,0.016505501833944648
44434320.0,315000.0,0.23529411764705882
44434692.0,177500.0,0.28427130754559493
44434787.0,209450.0,0.13216216216216217
44434901.0,307492.5,0.06792209760533495
44435014.0,177250.0,0.012857142857142857
44436573.0,204450.0,0.5726923076923077
44437017.0,217400.0,0.5044982698961937
44437182.0,273950.0,1.4904545454545455
44438864.0,209450.0,0.2693939393939394
44438886.0,193500.0,0.48846153846153845
44438921.0,204640.0,0.16937142857142856
44439620.0,220000.0,0.10204081632653061
44440534.0,202140.0,0.1573989162150896
44442021.0,262500.0,0.09375
44442280.0,326000.0,0.09395973154362416
44442544.0,198950.0,0.3263333333333333
44442916.0,424950.0,0.634423076923077
44442916.0,419950.0,0.6151923076923077
44443137.0,180000.0,0.058823529411764705
44445256.0,209450.0,0.4971408148677627
44446160.0,374700.0,4.430434782608696
44446473.0,267450.0,2.005056179775281
44447297.0,169716.0,0.15142
44447498.0,434000.0,20.809045226130653
44447929.0,299950.0,1.401521216973579
44448117.0,199800.0,1.3785714285714286
44448197.0,194949.5,0.4440703703703704
44449287.0,193500.0,0.22569027611044418
44449393.0,168750.0,0.1118421052631579
44449632.0,369995.0,0.47998
44449947.0,198950.0,0.0754054054054054
44451258.0,416000.0,6.577413479052823
44451369.0,587500.0,10.75
44452390.0,217400.0,0.15638297872340426
44453032.0,177450.0,0.1742671009771987
44453050.0,172250.0,0.21704545454545454
44453691.0,180000.0,0.2996389891696751
44455285.0,199000.0,0.11555555555555555
44455836.0,368492.5,0.31604464285714284
44455896.0,346950.0,0.020741394527802295
44456875.0,187450.0,0.04196775986659255
44457843.0,172250.0,0.14833333333333334
44457905.0,172250.0,0.06891891891891892
44458024.0,249997.5,0.38964702612562535
44458338.0,619000.0,4.158333333333333
44459673.0,187450.0,0.06274531372656864
44459703.0,170000.0,0.13408939292861907
44459703.0,170000.0,0.13408939292861907
44459813.0,281500.0,1.817817817817818
44460246.0,207450.0,0.4306896551724138
44460880.0,172250.0,0.14833333333333334
44461712.0,273950.0,2.6526666666666667
44461832.0,204949.5,0.00024634146341463416
44462412.0,352400.0,0.36061776061776063
44462594.0,191500.0,0.09784901852871032
44462719.0,184997.5,0.17778888888888889
44462939.0,377450.0,2.812626262626263
44463236.0,416000.0,2.466666666666667
44463437.0,222500.0,0.6481481481481481
44463486.0,180000.0,0.10429447852760736
44463521.0,637250.0,5.378878878878879
44464224.0,180000.0,0.07142857142857142
44464952.0,273950.0,1.2848206839032528
44465702.0,191950.0,0.16333333333333333
44465863.0,169500.0,0.13
44466414.0,180000.0,0.2996389891696751
44466693.0,166250.0,0.24431818181818182
44467902.0,367495.0,0.2899087399087399
44468026.0,506000.0,0.29743589743589743
44468580.0,338700.0,0.3548
44469663.0,364999.5,0.16072775350655322
44469760.0,234450.0,0.3397142857142857
44469835.0,328000.0,0.07540983606557378
44469948.0,209450.0,0.12729166666666666
44470116.0,291000.0,0.0
44471934.0,294900.0,0.09222222222222222
44472002.0,275000.0,0.2761252961305607
44472127.0,304950.0,0.023322147651006712
44472492.0,431500.0,0.41521810429649064
44473629.0,177450.0,0.08530927835051547
44475040.0,324950.0,0.40376146788990824
44475149.0,371950.0,0.31431095406360426
44475468.0,308500.0,0.1547945205479452
44475587.0,294950.0,0.2236114767043959
44476126.0,637250.0,5.069047619047619
44476803.0,352400.0,0.1954337899543379
44477001.0,314950.0,0.10014285714285714
44477598.0,345000.0,1.2402597402597402
44477619.0,185000.0,0.08823529411764706
44477707.0,532500.0,0.330188679245283
44478320.0,207950.0,0.3863333333333333
44478511.0,199000.0,0.20606060606060606
44478947.0,119950.0,84.67857142857143
44480036.0,245000.0,0.01998039960799216
44480078.0,312500.0,0.0451505016722408
44480521.0,299950.0,0.03466712659537772
44480745.0,579500.0,0.2006896551724138
44482955.0,297000.0,0.2575
44483920.0,222500.0,0.49328859060402686
44484621.0,204640.0,0.279
44484656.0,201500.0,0.01707317073170732
44485340.0,167000.0,0.08090614886731391
44486067.0,305500.0,3.0733333333333333
44486097.0,319950.0,3.266
44486156.0,220000.0,0.6923076923076923
44486516.0,261500.0,2.486666666666667
44486650.0,355000.0,0.36538461538461536
44486833.0,199800.0,1.22
44487732.0,289950.0,1.7614285714285713
44489099.0,289950.0,0.21422764227642277
44489344.0,428750.0,0.3403846153846154
44489491.0,395950.0,0.05586666666666667
44490932.0,328000.0,0.23820309550773877
44492369.0,305000.0,0.10909090909090909
44492527.0,193500.0,0.22569027611044418
44492750.0,177450.0,0.28734939759036143
44493572.0,219900.0,0.5707142857142857
44493683.0,209450.0,0.12692788661942475
44497345.0,749950.0,0.4208880308880309
44497553.0,353750.0,1.8877551020408163
44498932.0,380000.0,0.2621359223300971
44499785.0,289450.0,0.30253012048192773
44500033.0,285000.0,0.4818181818181818
44501006.0,380000.0,0.26666666666666666
44502241.0,345000.0,0.35294117647058826
44503430.0,187500.0,0.23469387755102042
44503453.0,322450.0,0.07871428571428571
44503632.0,384950.0,0.18446153846153845
44503716.0,336000.0,1.0119760479041917
44504211.0,299950.0,0.17627450980392156
44504216.0,334450.0,0.06174603174603174
44505300.0,339500.0,0.3594339622641509
44507947.0,282450.0,0.31109756097560975
44508572.0,333450.0,0.23044280442804427
44509096.0,129000.0,0.35175879396984927
44510458.0,426950.0,0.04388753056234719
44512006.0,317275.0,0.008205689277899343
44513165.0,299950.0,0.17627450980392156
44513236.0,299950.0,0.05616197183098592
44513332.0,820000.0,1.9710144927536233
44514170.0,372450.0,0.068875
44515283.0,295450.0,0.024917491749174916
44515326.0,319997.5,0.044783582089552236
44516128.0,352400.0,0.11877969492373093
44516658.0,844950.0,1.4141428571428571
44517189.0,338700.0,0.23887640449438202
44518292.0,322450.0,0.17254545454545456
44518647.0,198950.0,0.2512578616352201
44518667.0,177450.0,0.365
44519275.0,164000.0,0.17985611510791366
44519566.0,192450.0,0.02803030303030303
44521137.0,184997.5,0.1759576837416481
44521206.0,205000.0,0.08888888888888889
44521206.0,185000.0,0.2127659574468085
44521445.0,202140.0,0.15775
44522641.0,304775.0,0.06223076923076923
44522641.0,304775.0,0.09022388059701493
44522863.0,179500.0,0.05476566614007372
44523442.0,172250.0,0.2134703196347032
44523588.0,346000.0,0.3359073359073359
44524138.0,323450.0,0.016869300911854103
44524447.0,359945.0,0.1324536032778983
44526778.0,219950.0,0.008944954128440367
44527255.0,199450.0,0.10867148415786548
44527798.0,284900.0,1.4773913043478262
44527921.0,162000.0,0.04142011834319527
44528610.0,164000.0,0.03529411764705882
44528782.0,357400.0,0.2366782006920415
44529626.0,185000.0,0.4230769230769231
44530011.0,226950.0,0.054375
44530278.0,321000.0,0.18888888888888888
44530396.0,229450.0,0.147823911955978
44531754.0,302000.0,1.5166666666666666
44532516.0,285500.0,3.198529411764706
44532885.0,180000.0,0.2413793103448276
44533687.0,180000.0,0.061946902654867256
44534159.0,320000.0,0.23076923076923078
44535992.0,725000.0,0.1935483870967742
44536628.0,333450.0,0.026
44537602.0,307492.5,0.11614688128772636
44539412.0,320000.0,0.03225806451612903
44540553.0,164000.0,0.3413654618473896
44540755.0,202500.0,0.5576923076923077
44542875.0,199450.0,0.12903930131004368
44543752.0,191500.0,0.19874476987447698
44544068.0,315000.0,0.030470914127423823
44546382.0,297000.0,0.188
44546457.0,372450.0,0.37995553908855134
44547023.0,290490.0,0.08189944134078213
44547279.0,274450.0,0.024067164179104476
44547576.0,326000.0,0.1638881764555014
44548451.0,121250.0,0.014227642276422764
44548792.0,341000.0,0.06595811190997186
44549669.0,181000.0,0.06470588235294118
44549797.0,210000.0,0.10638297872340426
44550693.0,712750.0,0.5653963414634147
44550837.0,1163500.0,0.026359832635983262
44550980.0,290000.0,0.26582278481012656
44551112.0,652500.0,0.1
44551376.0,562500.0,0.7443181818181818
44551556.0,198999.5,0.11555777777777777
44551578.0,210000.0,0.08296943231441048
44551843.0,399492.5,0.26019907407407405
44552444.0,215000.0,0.0851063829787234
44553047.0,444950.0,0.112375
44553076.0,361250.0,0.12296673949987862
44553388.0,506000.0,0.8740740740740741
44554426.0,308500.0,0.1547945205479452
44555289.0,387450.0,0.27579439252336446
44555539.0,385750.0,0.4890728476821192
44555995.0,186500.0,0.1444954128440367
44556263.0,406500.0,0.09465478841870824
44557009.0,315000.0,0.26
44558195.0,324450.0,0.13456921845825554
44559026.0,363000.0,0.09022556390977443
44559102.0,382495.0,0.15001111111111112
44560591.0,217000.0,0.35709818636647905
44560599.0,217000.0,0.4975845410628019
44560885.0,267450.0,0.20164179104477611
44561505.0,187450.0,0.3302965344765988
44563302.0,334860.0,0.2732319391634981
44563986.0,299950.0,0.24063291139240506
44564802.0,287450.0,0.09606918238993711
44565001.0,398950.0,0.14312320916905444
44565160.0,380000.0,0.07317073170731707
44566010.0,326000.0,0.25057471264367814
44566571.0,204000.0,0.02051025512756378
44566942.0,490000.0,0.41007194244604317
44567391.0,364900.0,0.08118518518518518
44567765.0,172250.0,0.11666666666666667
44567840.0,309950.0,0.036622073578595316
44568088.0,234950.0,0.0002127659574468085
44568888.0,334860.0,0.3131764705882353
44569588.0,169500.0,0.0029585798816568047
44569728.0,300000.0,0.00033344448149383126
44570904.0,323950.0,0.10941780821917808
44571773.0,299900.0,0.11794117647058823
44572619.0,327500.0,0.2471264367816092
44572933.0,187216.0,0.21993333333333334
44574076.0,294450.0,0.018172724241413803
44574971.0,347500.0,0.10895151157721993
44575099.0,411950.0,0.10250544662309369
44576503.0,324450.0,0.007798165137614679
44577372.0,425000.0,0.022988505747126436
44579343.0,400000.0,0.1109135363414092
44579343.0,486000.0,0.11724137931034483
44580147.0,399500.0,0.15830675558132792
44581631.0,520000.0,0.452573955153174
44582229.0,332450.0,0.2529213483146067
44586225.0,214500.0,0.050029371450949676
44586551.0,319950.0,0.41816693944353517
44586873.0,352450.0,0.32866666666666666
44586990.0,339950.0,0.10539473684210526
44590470.0,299900.0,0.23102564102564102
44591633.0,367495.0,0.12501190476190477
44592081.0,447450.0,0.19378378378378378
44594217.0,187500.0,0.1812227074235808
44594973.0,169500.0,0.21157969978556113
44597934.0,714450.0,0.2007563025210084
44597966.0,424500.0,0.18365384615384617
44598541.0,333450.0,0.05189274447949527
44600941.0,345500.0,0.12531645569620253
44601062.0,175000.0,0.2391304347826087
44602516.0,395950.0,0.18360824742268042
44603143.0,400000.0,0.32088285229202035
44604976.0,326000.0,0.22380952380952382
44605608.0,512500.0,0.19291338582677164
44608395.0,215000.0,0.6538461538461539
44609943.0,345000.0,0.3490566037735849
44610725.0,299950.0,0.4329867674858223
44612798.0,194999.5,0.06698803827751196
44612837.0,192450.0,0.13205882352941176
44613300.0,173700.0,0.1310655327663832
44628534.0,472500.0,0.55
44628773.0,372500.0,0.24288617886178862
44883195.0,377500.0,0.006578947368421052
44884803.0,389450.0,0.1533695652173913
44892039.0,689450.0,0.14927487914652443
44892371.0,432500.0,0.1349826996539931
44892806.0,354000.0,0.4553846153846154
44893234.0,460750.0,0.04507772020725389
44894211.0,317400.0,0.33150800336983993
44894530.0,775000.0,0.12911563096977188
44896358.0,377450.0,0.21282586027111575
44904368.0,332900.0,0.276304347826087
44904690.0,334500.0,0.19397590361445782
44904736.0,384950.0,0.09423529411764706
44904917.0,380000.0,0.09523809523809523
44926726.0,937500.0,0.35344827586206895
44926742.0,587000.0,0.3404494382022472
44927111.0,338900.0,0.38381818181818184
44927122.0,339450.0,0.38281818181818184
44927717.0,186500.0,0.005333333333333333
44927897.0,200000.0,0.0989010989010989
44929632.0,189000.0,0.021621621621621623
44933920.0,321000.0,0.3312360674180712
44934269.0,191450.0,0.23516129032258065
44934494.0,188450.0,0.05727863931965983
44934886.0,220000.0,0.4666666666666667
44935476.0,433500.0,0.734
44936138.0,384950.0,0.31382252559726964
44936620.0,389450.0,0.39138978206502323
44937199.0,334900.0,0.21781818181818183
44937875.0,385000.0,0.375
44938498.0,332900.0,2.3626262626262626
44939080.0,470000.0,0.15315315315315314
44943193.0,407500.0,0.31451612903225806
44943766.0,279500.0,0.4718272775144813
44961490.0,414250.0,0.26026785714285716
44961754.0,782000.0,0.07123287671232877
44964522.0,204500.0,0.1361111111111111
44965376.0,362500.0,0.36792452830188677
45032219.0,470000.0,0.88
45032488.0,382500.0,0.31896551724137934
45033027.0,522500.0,0.9
45033206.0,365000.0,0.32727272727272727
45033978.0,524950.0,0.5670149253731344
45034039.0,405000.0,0.0945945945945946
45034378.0,344950.0,0.21035087719298246
45035653.0,354450.0,0.1815
45035984.0,369900.0,0.09179456906729634
45036520.0,405000.0,0.22764474083055472
45039514.0,318500.0,0.11503195332036677
45041352.0,669000.0,0.03241537357541339
45041425.0,472000.0,0.4605714285714286
45041530.0,424950.0,0.22736363636363635
45041605.0,706500.0,0.8592105263157894
45042593.0,415450.0,0.20866666666666667
45043175.0,703500.0,0.2234782608695652
45043259.0,382500.0,0.36607142857142855
45044509.0,449500.0,0.20509383378016086
45045281.0,318500.0,0.24148606811145512
45045384.0,345000.0,0.09210526315789473
45045714.0,215000.0,0.023809523809523808
45045862.0,632000.0,0.08965705113284678
45045917.0,2899000.0,0.49582608695652175
45046434.0,1225000.0,0.0425531914893617
45046903.0,899499.5,0.0005556173526140156
45046975.0,1574000.0,0.14974433893352812
45047089.0,1552500.0,0.425
45047118.0,2260000.0,0.6232077359119707
45047275.0,494950.0,0.8263333333333334
45047624.0,341950.0,0.6438020833333333
45047688.0,404900.0,0.35216
45048551.0,550000.0,0.5217349716084487
45049687.0,321999.5,0.284286508112914
45049854.0,342250.0,0.5721875
45051286.0,657542.5,0.3255974358974359
45051371.0,865000.0,0.011428571428571429
45051636.0,2400000.0,0.7777777777777778
45051694.0,589499.5,0.21400066666666667
45051781.0,1374495.0,0.19521304347826088
45052372.0,822450.0,0.13426315789473683
45053744.0,1225000.0,0.4895833333333333
45053843.0,790750.0,0.21653846153846154
45053908.0,387499.5,0.7720591176470588
45053980.0,644500.0,0.04518518518518518
45054031.0,5800000.0,0.05454545454545454
45054220.0,647000.0,0.07439198855507868
45054983.0,342500.0,0.19411764705882353
45055129.0,1369995.0,0.2388912438284688
45055565.0,441950.0,0.34525925925925927
45055606.0,669000.0,0.04291845493562232
45055688.0,599000.0,0.23694267515923567
45058078.0,392500.0,0.2863636363636364
45058363.0,1324500.0,0.33115577889447234
45061257.0,1385000.0,0.15512927439532945
45061280.0,1518500.0,0.05034396497811132
45061531.0,1515000.0,0.01
45063205.0,85500.0,0.2565217391304348
45063345.0,227000.0,0.26181211784324626
45063621.0,410000.0,0.06493506493506493
45063625.0,524950.0,0.2658041958041958
45064799.0,219500.0,0.11847389558232932
45065176.0,374950.0,0.21063157894736842
45065694.0,774000.0,0.4072727272727273
45066801.0,747500.0,0.07553956834532374
45067052.0,408000.0,0.23018867924528302
45068616.0,444900.0,0.5436923076923077
45068738.0,444450.0,0.64444
45068920.0,241500.0,0.07381058248110271
45069373.0,812425.0,0.29988
45070766.0,334500.0,0.16165413533834586
45072074.0,339450.0,0.0016176470588235294
45072156.0,405000.0,0.22727272727272727
45074585.0,349350.0,0.08041589892076863
45076522.0,373450.0,0.3831532709380405
45077508.0,397000.0,0.3929824561403509
45078093.0,332400.0,0.25433962264150944
45078402.0,464950.0,0.7882692307692307
45078893.0,205450.0,0.02725513627568138
45079265.0,324000.0,0.1
45079545.0,384950.0,0.5398
45082252.0,400000.0,0.5094339622641509
45082927.0,347450.0,0.10336614798348683
45083181.0,318500.0,0.3221962119599915
45084321.0,418591.0,0.04865681818181818
45084850.0,384950.0,0.026533333333333332
45085634.0,338900.0,0.1300433477825942
45086173.0,373500.0,0.06714285714285714
45086539.0,92500.0,0.075
45087071.0,212450.0,0.08948717948717949
45087354.0,373450.0,0.2452484161387129
45087736.0,354950.0,0.3244402985074627
45088606.0,354950.0,0.187123745819398
45089426.0,207400.0,0.2272189349112426
45090114.0,324450.0,0.0815
45090756.0,395000.0,0.3007611966719773
45093214.0,876500.0,0.16866666666666666
45093537.0,2499000.0,1.126808510638298
45093583.0,347500.0,0.24456521739130435
45093754.0,417750.0,0.006626506024096385
45094791.0,392500.0,0.12777777777777777
45094862.0,1799999.5,0.500124593716143
45095002.0,344950.0,0.04848024316109423
45096733.0,384950.0,0.12511363636363637
45098072.0,365000.0,0.1411764705882353
45098323.0,346000.0,0.2357142857142857
45098616.0,317400.0,0.09288368105172906
45098815.0,399950.0,0.025512820512820514
45098884.0,332450.0,0.5382638888888889
45098922.0,349500.0,0.0011431837667905116
45100056.0,336000.0,0.18309859154929578
45101427.0,744950.0,0.06879483500717361
45101909.0,662000.0,0.5576470588235294
45102079.0,395000.0,0.11267605633802817
45102243.0,437450.0,0.1249249849969994
45102402.0,354950.0,0.4198
45103715.0,322500.0,0.023809523809523808
45104149.0,1622500.0,0.3496993987975952
45104178.0,317500.0,0.38349514563106796
45104274.0,481250.0,0.3368055555555556
45104444.0,335000.0,0.26373626373626374
45104481.0,317500.0,0.41740233002368926
45104910.0,330000.0,0.868
45105408.0,599000.0,0.06259780907668232
45105733.0,380000.0,0.22448979591836735
45106158.0,668497.5,0.030042372881355934
45106677.0,367500.0,0.38647746243739567
45108255.0,213000.0,0.1087866108786611
45108821.0,299500.0,0.16805555555555557
45108937.0,382500.0,0.39090909090909093
45109277.0,330000.0,0.05687339239782795
45109446.0,208500.0,0.0425
45109498.0,348500.0,0.07561728395061729
45110004.0,422500.0,0.4083333333333333
45111230.0,1344500.0,0.32606516290726817
45111463.0,3024500.0,0.7414957264957265
45111562.0,495000.0,0.8131370328425821
45111653.0,332495.0,0.8337525
45112506.0,432500.0,0.33077332545638605
45112947.0,689000.0,0.27473684210526317
46032065.0,390995.0,0.10116091954022989
46032393.0,727000.0,0.1821138211382114
46032702.0,419400.0,0.1352577319587629
46032851.0,1199999.5,0.1428575
46033307.0,644950.0,0.050147275405007366
46033605.0,400000.0,0.1836734693877551
46038284.0,378125.0,0.038804945054945056
46040846.0,284500.0,0.05409410892923305
46042251.0,377500.0,0.12686567164179105
46042361.0,344950.0,0.2319642857142857
46042640.0,420000.0,0.045454545454545456
46042676.0,347250.0,0.17711864406779662
46043068.0,410000.0,0.16326530612244897
46047082.0,657500.0,0.08553546592489569
46047605.0,410000.0,0.30158730158730157
46048601.0,327500.0,0.16964285714285715
46049040.0,202400.0,0.34933333333333333
46049634.0,203000.0,0.07723078321741897
46055065.0,714500.0,0.10092449922958398
46056273.0,207000.0,0.12473572938689217
46059712.0,467500.0,0.16875
46059758.0,464950.0,0.2566216216216216
46061678.0,393995.0,0.012840616966580978
46062271.0,88950.0,0.7343983278590624
46066133.0,560000.0,0.6
46066386.0,437495.0,0.09923366834170855
46066537.0,365000.0,0.23958333333333334
46068184.0,207450.0,0.15326530612244899
46070788.0,2644350.0,1.7121538461538461
46070951.0,342500.0,0.09868421052631579
46071252.0,1284499.5,0.07041625
46074873.0,447400.0,0.42076849793585264
46076785.0,347250.0,0.1578859619873291
46077395.0,1249900.0,0.08686956521739131
46078681.0,392000.0,0.0025191480699254436
46083079.0,335000.0,0.06918588496804667
46083117.0,332000.0,0.12608581205580416
46083963.0,191499.5,0.18476160068114092
46083977.0,187000.0,0.250501002004008
46083994.0,225000.0,0.07142857142857142
46084563.0,630000.0,0.09871244635193133
46084583.0,719500.0,0.21969825394134598
46084982.0,454950.0,0.032021276595744684
46084984.0,518000.0,0.3129062209842154
46090172.0,207500.0,0.43103448275862066
46090221.0,191200.0,0.4162962962962963
46091178.0,184950.0,0.14769585253456222
46091725.0,1889500.0,0.35448028673835125
46091923.0,374500.0,0.08658536585365853
46091977.0,202500.0,0.04922279792746114
46093966.0,1162500.0,0.357379767827529
46097058.0,225000.0,0.6071428571428571
46097401.0,390995.0,0.010139240506329113
46098257.0,652500.0,0.275
46100989.0,1537500.0,0.11413043478260869
46102733.0,412500.0,0.1
46103198.0,705000.0,0.06
46103282.0,449000.0,0.20390070921985815
46104764.0,381850.0,0.2770903010033445
46105207.0,385000.0,0.1827956989247312
46109079.0,730250.0,0.059869375907111756
46109514.0,420000.0,0.15492957746478872
46113177.0,357000.0,0.03513513513513514
46113338.0,401100.0,0.337
46115987.0,1724500.0,0.4693846153846154
46116400.0,1724500.0,0.6864545454545454
46122738.0,642500.0,0.21226415094339623
46123805.0,449000.0,0.0022222222222222222
46125131.0,377500.0,0.1800562675836199
46126090.0,655000.0,0.1148936170212766
46128041.0,410000.0,0.4391014391014391
46128704.0,432500.0,0.08127703192579815
46128966.0,387500.0,0.09883720930232558
46131882.0,380000.0,0.52
46132977.0,634500.0,0.295
46133480.0,164500.0,0.0436046511627907
46138109.0,390995.0,0.05389487870619946
46141263.0,415000.0,0.10666666666666667
46141467.0,196950.0,0.179375
46142634.0,414900.0,0.011672224868985231
46145879.0,207450.0,0.135625
46146247.0,362450.0,0.037052932761087266
46148801.0,401100.0,0.16260869565217392
46152242.0,465000.0,0.09411764705882353
46154699.0,357000.0,0.02
46157397.0,342000.0,0.022577879394112602
46157545.0,655000.0,0.11394557823129252
46157671.0,431900.0,0.16902356902356902
46158183.0,347250.0,0.33557692307692305
46159780.0,227500.0,0.05813953488372093
46161638.0,230000.0,0.2849162011173184
46162748.0,462500.0,0.17624618514750762
46163110.0,447500.0,0.06576200417536535
46166621.0,320000.0,0.14285714285714285
46167029.0,392500.0,0.06547619047619048
46169889.0,557500.0,0.36977886977886976
46173953.0,367500.0,0.3130841121495327
46174055.0,717500.0,0.22010784794331298
46174626.0,377500.0,0.16153846153846155
46177880.0,622500.0,0.037672945490915155
46178352.0,450000.0,0.07216494845360824
46178445.0,400000.0,0.03614457831325301
46178632.0,470000.0,0.06842464196408275
46181575.0,349950.0,0.2588129496402878
46182562.0,864000.0,0.3110773899848255
46182717.0,217500.0,0.21576299608719957
46183190.0,367000.0,0.20327868852459016
46183658.0,381850.0,0.06843132471334472
46184345.0,607450.0,0.32505555555555554
46184878.0,487000.0,0.28157894736842104
46185304.0,412500.0,0.0625
46185371.0,370000.0,0.26
46186084.0,357500.0,0.2777777777777778
46188805.0,367000.0,0.0825
46189384.0,370000.0,0.39622641509433965
46189874.0,397500.0,0.00625
46190573.0,574950.0,0.13541353383458646
46190620.0,260000.0,0.4209354120267261
46191489.0,357500.0,0.07382219976942707
46193322.0,427500.0,0.06043956043956044
46193363.0,394950.0,0.07070588235294117
46195487.0,447499.5,0.3984359375
46196347.0,470000.0,0.010752688172043012
46196614.0,1646500.0,0.09766666666666667
46196708.0,352000.0,0.28
46197025.0,392000.0,0.2346456692913386
46197057.0,1595000.0,0.3403361344537815
46198706.0,225000.0,0.09963985594237695
46199524.0,439950.0,0.009121621621621622
46207955.0,482499.5,0.46256289784783267
46209780.0,357500.0,0.2370242214532872
46209827.0,375497.5,0.40635767790262173
46210123.0,399850.0,0.1589855072463768
46210622.0,347250.0,0.10273102572245157
46211781.0,644500.0,0.7657534246575343
46212297.0,357000.0,0.07572815533980583
46212519.0,497000.0,0.0058011602320464095
46212574.0,447500.0,0.14743589743589744
46212746.0,406750.0,0.016875
46214823.0,377500.0,0.14393939393939395
46215029.0,447499.5,0.02873448275862069
46215563.0,370000.0,0.0136986301369863
46215624.0,407495.0,0.273421875
46217040.0,422500.0,0.6256252404771065
46218409.0,702500.0,0.1906779661016949
46218621.0,367000.0,0.16780045351473924
46219202.0,390995.0,0.11117299386224141
46219271.0,347250.0,0.30271084337349397
46219840.0,468000.0,0.017391304347826087
46221884.0,630000.0,6.11864406779661
46222693.0,372000.0,0.07738095238095238
46223033.0,399450.0,0.15905263157894736
46227136.0,427500.0,0.16258570029382957
46227444.0,430000.0,0.042316258351893093
46231022.0,480000.0,0.47692307692307695
46231095.0,664450.0,0.12637735209357517
46232572.0,400000.0,0.40350877192982454
46232649.0,225000.0,0.0
46233085.0,352450.0,0.10140625
46234297.0,367500.0,0.2932692307692308
46235711.0,1384500.0,0.003956834532374101
46237722.0,377500.0,0.4519230769230769
46238125.0,393125.0,0.15625
46240440.0,207450.0,0.03511627906976744
46240456.0,401100.0,0.48610596517228605
46240896.0,379850.0,0.1267816091954023
46241392.0,562500.0,0.013513513513513514
46242547.0,374100.0,0.062406015037593986
46242960.0,470000.0,0.20512820512820512
46245328.0,470000.0,0.49206349206349204
46245843.0,225000.0,0.12500562502812515
46245879.0,393995.0,0.57598
46246874.0,364700.0,0.3308256880733945
46247013.0,402500.0,0.15
46250483.0,396000.0,0.21846153846153846
46250645.0,434500.0,0.1308261652330466
46251991.0,230000.0,0.045454545454545456
46254171.0,387450.0,0.08833149015270947
46254637.0,377500.0,0.1474164133738602
46257616.0,454950.0,0.5851916376306621
46258701.0,378125.0,0.08035714285714286
46259691.0,440366.0,0.1746225660176047
46260015.0,347250.0,0.08855799373040753
46260375.0,375497.5,0.38050551470588234
46260643.0,467000.0,0.09845559845559845
46260729.0,445000.0,0.008908685968819599
46261506.0,492495.0,0.14348695652173912
46263261.0,375497.5,0.44477683724509426
46263569.0,429500.0,0.2669616519174041
46265707.0,342500.0,0.05417051400430902
46266526.0,364700.0,0.27045409081816363
46267238.0,302500.0,0.24185463659147868
46267629.0,412500.0,0.11290322580645161
46268396.0,440500.0,0.21897163120567376
46268863.0,432500.0,0.04216867469879518
46269707.0,452500.0,0.005494505494505495
47242177.0,2002495.0,0.7830068560235064
48181028.0,707450.0,0.05673333333333333
48652323.0,737500.0,0.32954545454545453
48662278.0,382500.0,0.46503496503496505
48664743.0,367450.0,0.10268620268620268
48666626.0,916700.0,0.23046979865771813
48668342.0,719500.0,0.0006954102920723226
48688178.0,580500.0,0.161
48693645.0,1821750.0,0.1325
48693850.0,763750.0,0.3150224215246637
48697365.0,789500.0,0.07660818713450293
48698998.0,607450.0,0.02808
48711760.0,1345000.0,0.1180327868852459
48717079.0,1223774.0,0.05856296638202939
48717935.0,634425.0,0.11885416666666666
48725598.0,818750.0,0.2556818181818182
48727009.0,1635000.0,0.06491278238490135
48735165.0,394900.0,0.2478095238095238
48737174.0,626975.0,0.4300227272727273
48742960.0,797500.0,0.5092307692307693
48744923.0,491500.0,0.4455882352941177
48749890.0,838750.0,0.08831521739130435
48751150.0,652500.0,0.21385542168674698
48757213.0,617500.0,0.2329192546583851
48757724.0,241950.0,0.8387
48759944.0,812475.0,0.14386195995785037
48765906.0,557500.0,0.14098613251155623
48769101.0,737500.0,0.11742424242424243
48778866.0,275000.0,0.7962962962962963
48779848.0,807475.0,0.24226923076923076
48780928.0,609975.0,0.24226708074534162
48782432.0,1580000.0,0.09714285714285714
48782490.0,397500.0,0.8717741935483871
48790358.0,769900.0,0.03642052565707134
48790603.0,312500.0,0.17763157894736842
48791385.0,775000.0,0.03333333333333333
48792536.0,345450.0,0.265
48793646.0,675500.0,0.32786069651741295
48796294.0,792500.0,0.04276315789473684
48796304.0,332450.0,0.11346666666666666
48804915.0,775000.0,0.03125
48807450.0,1248975.0,0.2169435736677116
48807902.0,1007500.0,0.16735537190082644
48809635.0,567500.0,0.5065217391304347
48810464.0,592450.0,0.38796487603305785
48819476.0,516500.0,0.7219536589431572
48820262.0,479975.0,0.3143214285714286
48821975.0,737475.0,0.3744910941475827
48823256.0,767500.0,0.33260869565217394
48830747.0,775000.0,0.08823529411764706
48843385.0,299950.0,0.8324301675977653
48845218.0,569000.0,0.034545454545454546
48847166.0,792500.0,0.056666666666666664
48847668.0,749475.0,0.14735494880546074
48848393.0,1513500.0,0.19644268774703558
48848629.0,1474975.0,0.10072761194029851
48848736.0,657500.0,0.5928792569659442
48883899.0,1947000.0,0.4356521739130435
48887933.0,1407944.0,0.08303384615384615
48887958.0,785000.0,0.006329113924050633
48889215.0,2124500.0,0.7009607686148919
48893773.0,1667500.0,0.07234726688102894
48898475.0,1512500.0,0.47844827586206895
48899375.0,1650000.0,0.047619047619047616
48901641.0,812000.0,0.24932687129779213
48903436.0,555500.0,0.07408950745895491
48918736.0,581500.0,0.43212890625
48925327.0,824475.0,0.374125
48925904.0,604500.0,0.20455293111388906
48929211.0,1738500.0,0.085
48929294.0,2047500.0,0.08047493403693931
48933316.0,626975.0,0.2162322645165323
48933943.0,599450.0,0.423602998091337
48935846.0,364950.0,0.3048571428571429
48939643.0,844950.0,0.0561875
48939852.0,792500.0,0.2762557077625571
48939919.0,680000.0,0.3165829145728643
48939980.0,732498.0,0.3279526583788247
48944588.0,916700.0,0.0833
48946875.0,607450.0,0.1900126675111674
48947464.0,602475.0,0.1967
48949899.0,1444999.5,0.07037
48957743.0,1345000.0,0.1931613677264547
48959397.0,765000.0,0.1404494382022472
48966995.0,1457500.0,0.07962962962962963
48967149.0,566250.0,0.5261506276150628
48972370.0,705000.0,0.13496932515337423
48972689.0,948500.0,0.3876694641704325
48973409.0,432450.0,0.5057714285714285
48991142.0,637500.0,0.10211267605633803
48993495.0,377499.5,0.11029264705882352
48994518.0,1262000.0,0.2788365381868053
48995212.0,630000.0,0.32620320855614976
48995787.0,1552500.0,0.02050473186119874
48997002.0,687000.0,0.14119632477029814
48997573.0,519495.0,0.2187457703586736
48999662.0,357500.0,0.5888888888888889
49005983.0,385000.0,0.6695959630634033
49006050.0,302500.0,0.3125
49010591.0,1655000.0,0.034407325228913405
49011517.0,1821750.0,0.15666666666666668
49011886.0,765000.0,0.2193479259145875
49014315.0,1345000.0,0.09349593495934959
49014862.0,412250.0,0.13027426160337552
49016605.0,599450.0,0.4787391304347826
49021917.0,307500.0,0.3241758241758242
49025598.0,874475.0,0.0999685534591195
49025642.0,887000.0,0.09506172839506173
49027711.0,767500.0,0.09700570621801283
49034404.0,1945000.0,0.22012830793905372
49037261.0,1812500.0,0.2602040816326531
49045520.0,574900.0,0.04175347945662138
49046155.0,402500.0,0.65
49047725.0,1502500.0,0.15576923076923077
49050737.0,1562475.0,0.9177644736842105
49052825.0,520500.0,0.6523809523809524
49056779.0,157000.0,0.256
49067546.0,581500.0,0.1255639097744361
49068237.0,520500.0,0.22470588235294117
49072131.0,1312500.0,0.4930083436341162
49074777.0,370000.0,0.5345911949685535
49074938.0,1419999.5,0.02069
49080424.0,827500.0,0.28043478260869564
49089374.0,735000.0,0.15028803501506938
49089652.0,1721750.0,0.14783333333333334
49090556.0,357000.0,0.20664903664525877
49090567.0,394500.0,0.024675324675324677
49091085.0,765000.0,0.2714285714285714
49099137.0,758500.0,0.4177570093457944
49103291.0,999500.0,0.2896774193548387
49115971.0,1430000.0,0.08333333333333333
49118648.0,1476000.0,0.1443478260869565
49120008.0,821700.0,0.15732394366197183
49121356.0,370000.0,0.47067238912732473
49131247.0,765000.0,0.15384615384615385
49135762.0,1000000.0,0.3333333333333333
49135907.0,1737500.0,0.545751633986928
49137238.0,1897000.0,0.1191740412979351
49143238.0,712500.0,0.1903409090909091
49146919.0,1565000.0,0.40095693779904307
49147207.0,633475.0,0.4293018018018018
49641241.0,424500.0,0.17916666666666667
49816982.0,397500.0,0.21287128712871287
49817474.0,203500.0,0.018009004502251125
49817725.0,369950.0,0.057302086310374395
49820685.0,619999.5,0.11415987998285469
49822998.0,377500.0,0.4524817237399
49824569.0,409500.0,0.06363636363636363
49825178.0,392000.0,0.2564102564102564
49826970.0,349950.0,0.3998
49826970.0,349900.0,0.3996
49827749.0,198950.0,0.19778225806451613
49828633.0,389950.0,0.02618421052631579
49831218.0,217500.0,0.12965186074429771
49831358.0,217000.0,0.09583333333333334
49831674.0,327450.0,0.0915
49832543.0,365950.0,0.2623318385650224
49833638.0,199500.0,0.023076923076923078
49838412.0,267450.0,0.1891951978657181
49838696.0,379700.0,0.4603846153846154
49839548.0,327450.0,0.19072727272727272
49842666.0,209450.0,0.04795454545454545
49883842.0,359995.0,0.05880882352941177
49884080.0,352000.0,0.36
49885211.0,220000.0,0.1282051282051282
49897106.0,357500.0,0.03352257366855907
49897189.0,397450.0,0.22959875944950572
49910011.0,362500.0,0.03571428571428571
49910439.0,201999.5,0.15833541666666667
49910614.0,581750.0,0.1629496402877698
49911103.0,354750.0,0.2531578947368421
49911475.0,614500.0,0.3356756756756757
49917162.0,225000.0,0.4900662251655629
49918011.0,191900.0,46.975
49926395.0,371250.0,0.31880733944954126
49930505.0,355000.0,0.24307036247334754
49940204.0,652500.0,0.14144736842105263
50124067.0,482500.0,0.2851851851851852
50184466.0,482499.5,0.41158597560975607
50185959.0,402450.0,0.2383076923076923
50188352.0,712000.0,0.16225438286857277
50188369.0,397000.0,0.07880434782608696
50188504.0,547500.0,0.2958579881656805
50559048.0,1675000.0,0.3958333333333333
50888161.0,411000.0,0.08666666666666667
50895549.0,160000.0,0.2558139534883721
50907633.0,432450.0,0.23557142857142857
51079919.0,1534500.0,0.006229508196721312
51081775.0,987450.0,0.10231818181818182
51082142.0,849994.0,0.22727818181818182
51082193.0,973450.0,0.02362086258776329
51082193.0,1011000.0,0.014042126379137413
51087024.0,403000.0,0.10410958904109589
51090056.0,352497.5,0.42213524590163937
51090056.0,352497.5,0.42213524590163937
51090056.0,352497.5,0.42213524590163937
51090938.0,1799500.0,0.7996799679967996
51099373.0,380000.0,0.1827956989247312
51099807.0,322450.0,0.2990217391304348
51101153.0,332500.0,0.08904109589041095
51101611.0,330000.0,0.1951219512195122
51103690.0,720000.0,0.16129032258064516
51104524.0,422000.0,0.5035294117647059
51111708.0,511250.0,0.7041666666666667
51111736.0,307500.0,0.08208955223880597
51115503.0,410000.0,0.3925925925925926
51120108.0,365000.0,0.1411764705882353
51178390.0,354950.0,0.37717143358483946
51179090.0,314949.5,0.1452709090909091
51179610.0,399450.0,0.23182692307692307
51275109.0,493950.0,0.03128064326338498
51277502.0,294999.5,0.16878134685826993
51277841.0,167450.0,0.10164473684210526
51278020.0,209238.5,0.4331404109589041
51286506.0,281250.0,0.1068593204191807
51287476.0,306000.0,0.12546441840525865
51291633.0,170000.0,0.2511013215859031
51528454.0,367500.0,0.08102025506376594
51528682.0,355000.0,0.08740359897172237
51528682.0,355000.0,0.08740359897172237
51528731.0,369950.0,0.03909090909090909
51528814.0,579450.0,0.2071875
51529506.0,446450.0,0.05793838862559242
51529602.0,401950.0,0.25976058931860035
51531801.0,369500.0,0.055714285714285716
51531887.0,362000.0,0.34123749536865505
51533600.0,1231000.0,0.07136640557006092
51578742.0,824500.0,0.24977252047315743
51579851.0,824999.5,0.1014679572763685
51587207.0,382500.0,0.08928571428571429
51591226.0,1162500.0,0.16834170854271358
51621719.0,305000.0,0.07575757575757576
52121779.0,791950.0,0.02200283907600981
52121917.0,399500.0,0.42678571428571427
52122913.0,419900.0,0.1200320085356095
52190610.0,1529500.0,0.05482758620689655
52208607.0,209500.0,0.002380952380952381
52208720.0,451000.0,0.1868421052631579
52208808.0,459995.0,0.17345663265306122
52208886.0,360000.0,0.03151862464183381
52209372.0,1544999.5,0.08308635014836795
52209798.0,392500.0,0.03562653562653563
52210139.0,174900.0,0.23956521739130435
52211371.0,644444.0,0.04526814814814815
52211465.0,440000.0,0.1586998087954111
52224651.0,395000.0,0.020671834625323
52269535.0,391000.0,0.04294478527607362
52270044.0,358000.0,0.23829787234042554
52272953.0,351500.0,0.04974317383076507
52356111.0,399950.0,0.025512820512820514
52399972.0,409500.0,0.02476780185758514
52410333.0,669000.0,0.016176470588235296
52411331.0,661262.0,0.025212403100775195
52411340.0,382500.0,0.2714285714285714
52412119.0,435000.0,0.37410071942446044
52416700.0,407500.0,0.13297872340425532
52427477.0,370575.0,0.22796875
52427499.0,402450.0,0.08534090909090909
52427856.0,1267500.0,0.27386934673366836
52483158.0,214500.0,0.0725
52483473.0,202450.0,0.15292887029288704
52484615.0,309000.0,0.10357142857142858
52484840.0,321500.0,0.1280701754385965
52488896.0,227450.0,0.0830952380952381
52489552.0,185000.0,0.0005408328826392645
52491125.0,169501.0,0.2295409090909091
52492532.0,317000.0,0.15272727272727274
52492636.0,204450.0,0.11070030448020879
52493689.0,303500.0,0.45803571428571427
52511458.0,367400.0,0.717167051578137
52518034.0,1494500.0,0.0675
52520317.0,324950.0,0.5517931034482758
52524679.0,712000.0,0.08129032258064516
52900327.0,462500.0,0.02631578947368421
52963188.0,395000.0,0.046357615894039736
52964590.0,491250.0,0.18125
53085748.0,174950.0,0.3996
53153540.0,654500.0,0.065
53153644.0,849900.0,0.1501
53362202.0,475000.0,0.2748091603053435
53363309.0,639000.0,0.1888372093023256
53363412.0,465000.0,0.16216216216216217
53363759.0,422500.0,0.1118421052631579
53364393.0,403500.0,0.12282608695652174
53364642.0,374949.0,0.27194368932038837
53365114.0,429949.5,0.3032722036980903
53369135.0,470551.0,0.16185432098765432
53369265.0,459950.0,0.1501625406351588
53371853.0,432499.5,0.08125145312863283
53373073.0,287900.0,0.10839269123567669
53374565.0,622500.0,0.30446927374301674
53375487.0,627450.0,0.1634
53375965.0,490000.0,0.010309278350515464
53376221.0,412500.0,0.15903343635852768
53376731.0,465495.0,0.20907792207792208
53376794.0,486000.0,0.5934426229508196
53377589.0,1422500.0,0.4296482412060301
53389577.0,0.0,
53609295.0,117000.0,0.4643304130162703
53609295.0,117000.0,0.4643304130162703
54049581.0,354000.0,0.17674418604651163
54049917.0,407000.0,0.16452074391988555
54267132.0,412450.0,0.16508097165991903
54268532.0,398500.0,0.203
54272807.0,379900.0,0.14629213483146067
54385069.0,440900.0,0.0
54385102.0,430445.0,0.02371286005897029
54431086.0,357400.0,0.06686567164179104
54433660.0,575000.0,0.15316642120765833
54434052.0,700000.0,0.11392405063291139
54436012.0,378125.0,0.140625
54436268.0,750000.0,0.30434782608695654
54440635.0,572500.0,0.3630952380952381
54442269.0,457500.0,0.14485981308411214
54443477.0,187000.0,0.25170068027210885
54452524.0,379000.0,0.024324324324324326
54452622.0,352500.0,0.3557692307692308
54463299.0,319000.0,0.362
54492040.0,189250.0,0.1946808510638298
54492110.0,208350.0,0.389
54492120.0,202000.0,0.11790393013100436
54493240.0,209900.0,0.041552511415525115
54493322.0,350000.0,0.25448028673835127
54494894.0,890750.0,0.37059547622711186
54495916.0,706050.0,0.48955696202531646
54497084.0,355000.0,0.33962264150943394
54497111.0,380711.5,0.43664716981132073
54497799.0,362000.0,0.034666666666666665
54497887.0,397450.0,0.03233766233766234
54497982.0,435000.0,0.08421052631578947
54499519.0,662500.0,0.17083854818523153
54500131.0,477450.0,0.1457326892109501
54500155.0,607000.0,0.06615384615384616
54501787.0,410000.0,0.13920533481522646
54502580.0,614000.0,0.15310344827586206
54505369.0,362995.0,0.22767021276595745
54505472.0,379450.0,0.07451219512195122
54506922.0,372912.5,0.14742307692307693
54531809.0,97500.0,0.401840490797546
54532568.0,360000.0,0.03485254691689008
54533066.0,167000.0,0.165
54533374.0,409950.0,0.6398
54534375.0,621950.0,0.3081757508342603
54535009.0,347388.5,0.24316230936819172
54536153.0,342900.0,0.6882727272727273
54536418.0,199387.0,0.054957671957671955
54537634.0,319500.0,0.24823529411764705
54541313.0,411500.0,0.3468253968253968
54583697.0,889000.0,0.012220027155615902
54583736.0,967500.0,0.08100558659217877
54587497.0,355000.0,0.24468085106382978
54591107.0,597450.0,0.5826490066225165
54696193.0,599000.0,0.05087719298245614
54716386.0,192500.0,0.08289661743687471
54716548.0,224700.0,0.610752688172043
54774516.0,600000.0,0.08952959028831563
54780706.0,852450.0,0.8567310924369748
54780950.0,358450.0,0.07853470437017995
54781219.0,384950.0,0.3998181818181818
54784183.0,1592500.0,0.1375
54838894.0,587449.5,0.5100504587155963
54838894.0,587449.5,0.5100504587155963
54846848.0,328725.0,0.3666184971098266
54846958.0,210000.0,0.7834828332817816
54854619.0,1972500.0,0.10340909090909091
54948366.0,963500.0,0.5518604651162791
54984516.0,451000.0,0.04022132368589062
55009584.0,724950.0,0.11049079754601226
55009584.0,649950.0,0.20251533742331287
55011896.0,720000.0,0.25217391304347825
55012145.0,318500.0,0.4691666666666667
55016864.0,245000.0,0.011698265429608713
55016935.0,312000.0,0.43272727272727274
55016998.0,635000.0,0.23030303030303031
55018421.0,384000.0,0.2864321608040201
55022241.0,724950.0,0.03564285714285714
55022760.0,420000.0,0.25663716814159293
55024008.0,484000.0,0.13555992141453832
55034273.0,387450.0,0.08835294117647059
55035652.0,399450.0,0.08546195652173913
55035719.0,444611.0,0.03397906976744186
55037143.0,392450.0,0.0752349379435053
55037984.0,345000.0,0.1309823677581864
55038456.0,318500.0,0.18312387791741472
55038868.0,709000.0,0.23304347826086957
55038935.0,402400.0,0.10577777777777778
55039729.0,384950.0,0.012948717948717948
55042206.0,2974500.0,0.322
55042703.0,390000.0,0.17894736842105263
55043639.0,402500.0,0.17010309278350516
55106013.0,560000.0,0.06666666666666667
55106113.0,695000.0,0.07209612817089453
55108717.0,573850.0,0.103359375
55108753.0,1363110.0,0.4073434782608696
55109368.0,384950.0,0.4834296724470135
55109463.0,213750.0,0.1446578631452581
55114473.0,347950.0,0.02535014005602241
55117634.0,314950.0,0.050183394464821604
55117893.0,352500.0,0.11654135338345864
55118498.0,302495.0,0.44496330275229357
55119666.0,377500.0,0.08595641646489104
55191114.0,375000.0,0.11764498269407693
55258964.0,507450.0,0.12791731495887976
55258976.0,463000.0,0.34202898550724636
55261013.0,220495.0,0.10302651325662832
55264737.0,664500.0,0.030232558139534883
55266964.0,1199950.0,0.2182233502538071
55294425.0,447500.0,0.04766971696105554
55294659.0,348950.0,0.09046875
55294664.0,481200.0,0.10646125546102553
55294664.0,467425.0,0.07478730742699471
55295077.0,457450.0,0.10303745693619007
55295077.0,457450.0,0.10303745693619007
55295757.0,382261.5,0.10056117647058824
55295989.0,382812.5,0.07533212560386474
55322536.0,1150035.0,0.28790402476780186
55328412.0,694000.0,0.07596899224806201
55331859.0,314000.0,0.08313211452224906
55338297.0,381950.0,0.10129411764705883
55475061.0,330000.0,0.043478260869565216
55475230.0,327450.0,0.115
55475812.0,412000.0,0.36517719568567025
55477310.0,350000.0,0.31237721021611004
55478803.0,1247500.0,0.07592592592592592
55479449.0,2412500.0,0.5175
55480948.0,229499.5,0.023406382978723404
55483722.0,627462.0,0.33177635782747605
55483844.0,339725.0,0.11757448245408972
55484382.0,317500.0,0.17532467532467533
55484438.0,356950.0,0.10740185046261565
55485252.0,409500.0,0.2836990595611285
55640186.0,449000.0,0.04447754841455629
55741606.0,432500.0,0.24782608695652175
55808837.0,4774500.0,0.15495575221238939
55827369.0,355000.0,0.28857715430861725
58173154.0,482000.0,0.012295081967213115
58197689.0,1367500.0,0.024344569288389514
58197908.0,319450.0,0.08324855883350288
58223185.0,765000.0,0.012903225806451613
58238279.0,299000.0,0.18082191780821918
58238279.0,299000.0,0.18082191780821918
58247012.0,207499.5,0.07778
58247439.0,344950.0,0.35274509803921567
58247461.0,289500.0,0.015789473684210527
58247824.0,329950.0,0.055937052932761085
58248529.0,329495.0,0.03289968652037618
58249620.0,442450.0,0.017126436781609196
58294579.0,488000.0,0.08785046728971962
58295211.0,353700.0,0.07181818181818182
58295362.0,422500.0,0.07952069716775599
58296494.0,444500.0,0.04588235294117647
58296728.0,300000.0,0.3476842791911285
58296761.0,474950.0,0.0287321063394683
58307372.0,499950.0,0.09467397760361587
58313109.0,0.0,
58314102.0,505950.0,0.2216153846153846
58314112.0,717500.0,0.23728229005000862
58335470.0,609000.0,0.4674698795180723
58335624.0,520000.0,0.3541666666666667
58336492.0,664450.0,0.038203125
58340948.0,450000.0,0.05263157894736842
58341371.0,621000.0,0.17748344370860927
58341397.0,599999.5,0.0400008
58359232.0,287500.0,0.09315589353612168
58360694.0,615500.0,0.17933333333333334
58361995.0,664450.0,0.4884911470361817
58365750.0,761250.0,0.3121380308880309
58366559.0,1112000.0,0.01090909090909091
58367867.0,303750.0,0.020161290322580645
58368063.0,337138.5,0.100964
58374736.0,411000.0,0.08666666666666667
58382062.0,520500.0,0.8036905483843022
58387876.0,525000.0,0.23529411764705882
58390576.0,916700.0,0.1317283950617284
58392484.0,354950.0,0.026163631107256433
58433459.0,1490000.0,0.192
58435767.0,432500.0,0.22767857142857142
58439429.0,327400.0,0.2642696629213483
58449673.0,200000.0,0.13043478260869565
58455177.0,737500.0,0.18237250554323725
58479080.0,357400.0,0.021434695627322094
58532903.0,237000.0,0.0326530612244898
58533924.0,608500.0,0.014166666666666666
58546683.0,672500.0,0.14331210191082802
58575835.0,625000.0,0.07407407407407407
58579793.0,608500.0,0.12947067238912732
58601380.0,649950.0,0.036968439768854645
58602114.0,391500.0,0.2629032258064516
58646586.0,774999.5,11.916658333333332
58656240.0,334450.0,0.14023136246786633
58657378.0,349500.0,0.17183570829840739
58657412.0,408450.0,0.2233314318311466
58670785.0,377495.0,0.027074742268041237
58676885.0,75000.0,0.375
58677329.0,230000.0,134.2941176470588
58678134.0,352000.0,0.008450704225352112
58678340.0,352500.0,0.09383033419023136
58679302.0,477750.0,0.3410344827586207
58684496.0,416350.0,0.08142857142857143
58685150.0,246450.0,0.8351505016722408
58685230.0,395000.0,0.14130434782608695
58685586.0,335500.0,0.11835197253287555
58685679.0,376500.0,0.29626168224299065
58686495.0,339500.0,0.1128821531225503
58687076.0,452500.0,0.06701030927835051
58752260.0,189450.0,0.12100591715976332
58755769.0,674975.0,0.04020262356523776
58764085.0,684999.5,0.020729807005003573
58764253.0,362500.0,0.1328125
58770797.0,659500.0,0.028718703976435934
59090364.0,507000.0,0.6407820090032654
59091490.0,333500.0,0.047142857142857146
59092998.0,695000.0,0.4591439688715953
59094021.0,509000.0,0.030364372469635626
59094485.0,405000.0,0.19469026548672566
59096541.0,1319500.0,0.4558762886597938
59096856.0,658700.0,0.3651813471502591
59102345.0,295000.0,0.016666666666666666
59105777.0,744450.0,0.006074766355140187
59105832.0,689000.0,0.3438095238095238
59106657.0,1237500.0,0.4107142857142857
59108771.0,817500.0,0.21129056156467624
59111759.0,1345000.0,0.24537037037037038
59112160.0,1325000.0,0.3358395989974937
59113080.0,613000.0,0.4077294685990338
59113361.0,879000.0,0.09875
59115176.0,1345000.0,0.15937447460904663
59117703.0,962500.0,0.19791666666666666
59121135.0,662499.5,0.22058882352941175
59122260.0,699450.0,0.1663289630512515
59124833.0,560000.0,0.4716981132075472
59127249.0,774000.0,0.23052464228934816
59129045.0,627750.0,0.19622279129321382
59129184.0,856500.0,0.18958333333333333
59130423.0,744499.5,0.14556008616710264
59132929.0,727500.0,0.9822888283378747
59135075.0,392000.0,0.6436363636363637
59136229.0,697450.0,0.1647305389221557
59138207.0,382449.5,0.46881940113805715
59140404.0,612500.0,0.14335664335664336
59141264.0,320000.0,0.2
59142559.0,218750.0,0.8170986622073578
59147895.0,429900.0,0.5421725239616614
59149868.0,454125.0,0.1415406427221172
59153942.0,544450.0,0.25315500685871056
59156325.0,514000.0,0.28362369337979093
59157678.0,522500.0,0.3588957055214724
59161589.0,625000.0,0.18831168831168832
59162950.0,714499.5,0.24789526315789473
59162996.0,672499.5,0.2527783333333333
59163516.0,660000.0,0.2222222222222222
59164673.0,1190000.0,0.04032258064516129
59165856.0,658700.0,0.12173333333333333
59166112.0,2324500.0,0.7880769230769231
59167026.0,1210000.0,0.025423728813559324
59167761.0,1220000.0,0.18120805369127516
59168900.0,1180000.0,0.39487179487179486
59169230.0,459500.0,0.47485714285714287
59169856.0,541250.0,0.4965116279069767
59170641.0,658700.0,0.1332894736842105
59172046.0,511250.0,0.29482758620689653
59172516.0,1180000.0,0.6777189053367564
59174507.0,188750.0,0.8379828326180258
59175407.0,598750.0,0.034274193548387094
59176336.0,1674500.0,0.2716398434101783
59176763.0,379950.0,0.5996311907270812
59179754.0,1292000.0,0.09491525423728814
59181559.0,702500.0,0.5155172413793103
59183014.0,669949.5,0.15708031088082902
59184404.0,188000.0,0.8496
59186410.0,674450.0,0.10061341512201627
59187108.0,661250.0,0.44895833333333335
59187518.0,194950.0,0.8227727272727273
59192574.0,411000.0,0.1696969696969697
59192633.0,405950.0,0.2227409638554217
59193520.0,645000.0,0.11206896551724138
59193520.0,684999.5,0.1779871023215821
59203915.0,627450.0,0.13455172413793104
59210444.0,760000.0,0.2843691148775895
59213202.0,689000.0,0.18941176470588236
59268792.0,592500.0,0.12222222222222222
59272568.0,398499.5,0.00375125
59276486.0,407250.0,0.18386773547094187
59306948.0,359000.0,0.121875
59309657.0,2212500.0,0.05851063829787234
59310151.0,1512000.0,0.03694267515923567
59313183.0,407500.0,0.2208413001912046
59313282.0,1145000.0,0.16423357664233576
59432075.0,400950.0,0.30269565217391303
59432670.0,424999.5,0.3934409836065574
59433262.0,576999.0,0.35530837988826813
59433761.0,2124000.0,0.28
59434196.0,517450.0,0.2597281831187411
59434341.0,442500.0,0.3494967978042086
59434852.0,585000.0,0.19310344827586207
59435388.0,426000.0,0.31290322580645163
59435814.0,289450.0,0.24818181818181817
59436380.0,1285000.0,0.23511904761904762
59436771.0,442450.0,0.13448717948717948
59437202.0,424950.0,0.07619565217391304
59437405.0,340000.0,0.09333333333333334
59437839.0,319750.0,0.024839743589743588
59437923.0,174900.0,0.25574468085106383
59438731.0,442450.0,0.09685650132680139
59677149.0,162450.0,0.22642857142857142
59677232.0,163450.0,0.2022938018545632
59677660.0,350000.0,0.1864406779661017
59677828.0,332484.0,0.10864954984994998
59677897.0,347400.0,0.027810650887573965
59698865.0,414749.5,0.0006036144578313253
59699370.0,337500.0,0.15187713310580206
59699587.0,649475.0,0.04754032258064516
59756915.0,347500.0,0.14309210526315788
59777169.0,435000.0,0.02247191011235955
59810083.0,208950.0,0.055303030303030305
59810624.0,189999.5,0.187496875
59810859.0,329950.0,0.13815108658157985
59811240.0,717450.0,0.1250609756097561
59811471.0,354000.0,0.07272727272727272
59811651.0,297285.5,0.04101451612903226
59812690.0,224500.0,0.019650655021834062
59812710.0,162500.0,0.336734693877551
59814013.0,179900.0,0.26571428571428574
59814161.0,107000.0,0.5345802522836016
59815110.0,480000.0,0.12941176470588237
59820411.0,599950.0,0.6000330666887111
59821011.0,719500.0,0.3948126316356124
59821220.0,639999.5,0.015233882135713186
59835366.0,215000.0,0.13756613756613756
59836344.0,274950.0,0.018333333333333333
59861795.0,446950.0,0.14866666666666667
59878818.0,291950.0,0.14490196078431372
59878818.0,291950.0,0.14490196078431372
59879402.0,311400.0,0.12459371614301191
59879402.0,311400.0,0.12459371614301191
59879424.0,657500.0,0.32564102564102565
59879424.0,657500.0,0.32564102564102565
59885951.0,269250.0,0.14523809523809525
59886171.0,154900.0,0.11485714285714285
59886560.0,394900.0,0.08162790697674419
59887695.0,300950.0,0.08775386480751743
59887936.0,285500.0,0.02891156462585034
59888285.0,227450.0,0.031715623669646656
59888482.0,387500.0,0.46226415094339623
59888920.0,479950.0,1.4009504752376187
59932632.0,407950.0,0.16557142857142856
59997459.0,302450.0,0.3826291079812207
59997539.0,410000.0,0.08482142857142858
60041822.0,762000.0,0.016
60042029.0,485000.0,0.40853658536585363
60042176.0,322250.0,0.21210268948655256
60043741.0,425000.0,0.26865671641791045
60043742.0,380000.0,0.10144927536231885
60047590.0,396000.0,0.2
60047658.0,431124.5,0.23178428571428572
60047859.0,437499.5,0.16666533333333333
60061312.0,52500.0,52499.0
60079471.0,535000.0,0.2569444444444444
60081409.0,235000.0,0.05811623246492986
60082007.0,347450.0,0.07346666666666667
60082149.0,293750.0,0.175
60088098.0,200000.0,0.1836734693877551
60091306.0,229950.0,0.06142857142857143
60091407.0,298750.0,0.07078853046594982
60091844.0,349450.0,0.20541566057261124
60092261.0,304450.0,0.03349206349206349
60092857.0,412500.0,0.1
60094989.0,432450.0,0.1762857142857143
60095406.0,208999.5,0.163998655994624
60095578.0,205499.5,0.13655672268907562
60095851.0,209950.0,0.12520833333333334
60095952.0,720000.0,0.1076923076923077
60095998.0,1100000.0,0.08333333333333333
60116216.0,757500.0,0.15832398137757087
60117936.0,360000.0,0.02702702702702703
60118824.0,364950.0,0.43117647058823527
60155931.0,332400.0,0.12526315789473685
60158029.0,410000.0,0.17142857142857143
60165315.0,745000.0,0.10230148210627786
60201353.0,188000.0,0.5523809523809524
60201816.0,649949.5,0.0399192
60203362.0,349949.5,0.2999609921984397
60203986.0,352500.0,0.21972318339100347
60204015.0,487450.0,0.10559633027522936
60204476.0,199400.0,0.6616666666666666
60222859.0,399000.0,0.4
60247733.0,639500.0,0.002508230130114438
60261477.0,599250.0,1.2613207547169811
60262114.0,610000.0,0.024
60262537.0,339900.0,0.3202
60263490.0,379999.5,0.5096780645161291
60268547.0,184950.0,0.22615062761506277
60270207.0,193500.0,0.07857142857142857
60272353.0,339499.5,0.22166066930550557
60321838.0,222000.0,0.075
60325180.0,1655000.0,0.05157593123209169
60326186.0,366000.0,0.2245762711864407
60331810.0,464000.0,0.5113217482885729
60338542.0,435000.0,0.6415094339622641
60338542.0,477500.0,0.8018867924528302
60342475.0,82500.0,0.2826086956521739
60342516.0,329950.0,0.21812796208530805
60347615.0,1037000.0,0.1322175732217573
60540331.0,169989.0,0.30771834539845677
60540331.0,164944.5,0.2689112155643939
60544969.0,434500.0,0.20856102003642987
60618574.0,365000.0,0.12307692307692308
60620371.0,190000.0,0.20833333333333334
60625494.0,475000.0,0.3268156424581006
60626075.0,357450.0,0.0950632911392405
60626332.0,359950.0,0.19983333333333334
60626906.0,357450.0,0.3488679245283019
60627339.0,396250.0,0.20075757575757575
60627659.0,402450.0,0.2383076923076923
60627780.0,367450.0,0.08073529411764706
60628302.0,357450.0,0.25465075465075465
60628605.0,357450.0,0.10615153788447111
60628643.0,562500.0,1.6785714285714286
60629023.0,238500.0,0.06
60629035.0,345000.0,0.2550018188432157
60629795.0,384900.0,0.44994640943194
60630954.0,394450.0,0.049518072289156626
60633360.0,397450.0,0.13597826086956522
60636485.0,372450.0,0.2320618556701031
60638455.0,324450.0,0.16786355475763015
60638993.0,590000.0,1.1299638989169676
60639040.0,326200.0,0.06532951289398281
60641280.0,784925.0,1.3430597014925374
60643952.0,384900.0,0.16636363636363635
60645044.0,307500.0,0.12142857142857143
60646309.0,225000.0,0.3235294117647059
60648064.0,231500.0,0.07396295851834073
60648789.0,355000.0,0.04028115706947824
60650119.0,322500.0,0.1813186813186813
60650264.0,562500.0,1.34375
60650290.0,402450.0,0.6098
60651484.0,357450.0,0.4298
60651496.0,236500.0,0.1
60651569.0,199750.0,0.16770833333333332
60652366.0,215000.0,0.10312981015905592
60652648.0,354900.0,0.059402985074626866
60652834.0,530000.0,1.0
60653629.0,369900.0,0.04197183098591549
60654033.0,345000.0,0.15384615384615385
60655055.0,220000.0,0.0794979079497908
60656643.0,402450.0,0.1786734693877551
60658077.0,537500.0,0.1568627450980392
60658270.0,332450.0,0.16469849246231155
60658735.0,537500.0,0.34711779448621555
60658823.0,415000.0,0.18571428571428572
60659250.0,332450.0,0.11191009732766982
60659559.0,241450.0,0.2388404309902514
60660767.0,339950.0,0.17487864077669904
60661923.0,371200.0,0.3238615664845173
60662140.0,779844.0,0.6079257731958763
60663304.0,362500.0,0.25257731958762886
60664671.0,327950.0,0.4258695652173913
60664807.0,226500.0,0.036170212765957444
60664937.0,217500.0,0.12650602409638553
60665879.0,317500.0,0.0078125
60666342.0,344100.0,0.09238095238095238
60667139.0,382400.0,0.006580679126085812
60667900.0,408500.0,1.4908536585365855
60669865.0,372500.0,0.10896100029770765
60670525.0,337500.0,0.09975993598292879
60671468.0,334934.0,0.0291768115942029
60671850.0,574000.0,0.6907216494845361
60672426.0,350750.0,0.18898305084745762
60674311.0,440000.0,0.12
60674693.0,352450.0,0.370625
60675090.0,335000.0,0.03076923076923077
60675629.0,324450.0,0.07957446808510639
60676521.0,369950.0,0.32724131660301875
60676678.0,373700.0,0.19634408602150538
60677239.0,350750.0,0.2615789473684211
60677287.0,390000.0,0.08235294117647059
60677350.0,339950.0,0.16061728395061728
60677471.0,444950.0,0.3408148148148148
60678072.0,847500.0,0.008771929824561403
60678739.0,344950.0,0.014558823529411765
60680836.0,687500.0,0.057692307692307696
60680868.0,637250.0,0.17774193548387096
60683945.0,322484.0,0.1281859962151933
60685485.0,268250.0,0.08208955223880597
60685738.0,204750.0,0.24847560975609756
60685844.0,239000.0,0.11162790697674418
60686412.0,350750.0,0.3495575221238938
60686464.0,231500.0,0.07362945178071229
60686627.0,230000.0,0.09523809523809523
60687411.0,620000.0,0.7765042979942693
60689638.0,357450.0,0.23301138323559847
60689718.0,419900.0,0.615
60690811.0,717500.0,1.1546546546546546
60690912.0,332450.0,0.14756410256410257
60692150.0,449900.0,0.3843076923076923
60694911.0,720000.0,1.1492537313432836
60695594.0,391500.0,0.07260273972602739
60695735.0,369900.0,0.08794117647058823
60696480.0,359950.0,0.013943661971830987
60696550.0,357450.0,0.19162710689140175
60698318.0,380000.0,0.16483516483516483
60698690.0,337450.0,0.038307692307692306
60698792.0,367450.0,0.12511696456420135
60698913.0,844944.0,0.29588
60699444.0,492500.0,0.11957263014321437
60699936.0,384900.0,0.148955223880597
60700853.0,337500.0,0.00706090026478376
60701936.0,384900.0,0.353109243697479
60705652.0,386250.0,0.10927627800114877
60705657.0,371500.0,0.004054054054054054
60706596.0,399900.0,0.23046153846153847
60707742.0,404500.0,0.10011123470522804
60708950.0,362450.0,0.1760627415321664
60709075.0,350750.0,0.1445121951219512
60709150.0,537500.0,0.19444444444444445
60709863.0,439900.0,0.20738738738738738
60710485.0,371200.0,0.3024561403508772
60710500.0,350750.0,0.3063314711359404
60710977.0,322484.0,0.30633684663368466
60713364.0,779844.0,0.9020585365853658
60713440.0,352500.0,0.047039740470397405
60713657.0,430000.0,1.3888888888888888
60714540.0,1093774.0,6.291826666666666
60714661.0,395000.0,0.024691358024691357
60716350.0,407495.0,0.12535951921013094
60718050.0,332500.0,0.1879242586638085
60718333.0,371200.0,0.12518945134889362
60721165.0,348750.0,0.34813084112149534
60721473.0,1737500.0,0.12907268170426064
60722043.0,787444.0,0.39427384615384614
60722078.0,383000.0,0.4106785659332205
60722622.0,637250.0,0.3147849462365591
60724451.0,352450.0,0.74825
60725130.0,389900.0,0.30991150442477877
60725220.0,599450.0,0.3149142857142857
60726217.0,432450.0,0.2791298549758293
60726847.0,662500.0,0.05357142857142857
60727075.0,371200.0,0.32496817603200584
60732387.0,239500.0,0.1431980906921241
60732509.0,345000.0,0.2550018188432157
60733642.0,357450.0,0.15894117647058822
60733850.0,760000.0,0.5510204081632653
60735152.0,477500.0,1.0851528384279476
60737360.0,1522944.0,0.47484689655172413
60737866.0,2900000.0,0.8242424242424242
60738028.0,758000.0,0.2342660874835842
60738893.0,997450.0,0.09322727272727273
60739842.0,346250.0,0.06538461538461539
60743462.0,492500.0,0.2315578894723681
60743766.0,350750.0,0.1695565188396132
60744395.0,492500.0,0.2792207792207792
60744473.0,339950.0,0.24455555555555555
60744816.0,779844.0,0.49395402298850577
60744911.0,324450.0,0.1868421052631579
60745178.0,577500.0,0.3430232558139535
60748718.0,238500.0,0.19309654827413708
60748868.0,445000.0,0.07291666666666667
60752316.0,262499.5,0.02777962962962963
60752768.0,1537500.0,0.058884297520661155
60753209.0,354500.0,0.7391464311994114
60755771.0,223500.0,0.12030075187969924
60755776.0,222500.0,0.06002858504049548
60757235.0,492500.0,0.08796296296296297
60757814.0,905000.0,0.09365558912386707
60758917.0,352950.0,0.4476525821596244
60759799.0,1150000.0,0.27899686520376177
60760472.0,2447500.0,0.45611111111111113
60760584.0,444500.0,0.4948863636363636
60798450.0,682000.0,0.1084967320261438
60798598.0,594450.0,0.25684460557569694
60825773.0,215000.0,0.0611353711790393
60831459.0,412000.0,0.03258145363408521
60832938.0,297500.0,0.09021406727828746
60835616.0,419450.0,0.11694736842105263
60835616.0,419450.0,0.11694736842105263
60837307.0,423500.0,0.13553786487038172
60947799.0,394500.0,0.011541055233474958
60952915.0,717500.0,0.1553855208946439
60953167.0,513750.0,0.284375
60953532.0,732500.0,0.003401360544217687
60953532.0,732500.0,0.003401360544217687
60971675.0,1812500.0,0.10714285714285714
60976655.0,385000.0,0.16304347826086957
60977510.0,402450.0,0.12510869565217392
60978814.0,397500.0,0.2230769230769231
60984222.0,447499.5,0.13776589595375724
61000577.0,762500.0,0.1821705426356589
61089573.0,1422500.0,0.3547619047619048
61224064.0,350000.0,0.1068943706514864
61240300.0,632000.0,0.3980952380952381
61242544.0,1662500.0,0.07264984837731467
61276326.0,334860.0,0.05634069400630915
61359632.0,812500.0,0.13101604278074866
61361287.0,2075000.0,0.4212328767123288
61361305.0,1745000.0,0.1275
61361672.0,812450.0,0.06901315789473685
61433110.0,357450.0,0.1174074074074074
61433601.0,400000.0,0.13978494623655913
61454187.0,445500.0,0.2575
61470131.0,394500.0,0.08255813953488372
61472239.0,497450.0,0.4146958465701847
61478155.0,452000.0,0.39076923076923076
61482131.0,472500.0,0.12256267409470752
61628824.0,495500.0,0.6245901639344262
61629029.0,522000.0,0.1553398058252427
61648506.0,410000.0,0.21380632790028764
61718851.0,410000.0,0.10869565217391304
61728179.0,594000.0,0.08615384615384615
61740784.0,438450.0,0.03164705882352941
61741083.0,427449.5,0.10948020833333333
61742833.0,427500.0,0.1183749226644669
61742922.0,344900.0,0.21443661971830985
61744772.0,605500.0,0.062280701754385964
61746003.0,634475.0,0.25179834905660375
61746453.0,387499.5,0.294172131147541
61746643.0,322450.0,0.05721311475409836
61747309.0,424950.0,0.14854455525825022
61747393.0,762500.0,0.10294117647058823
61748103.0,1250000.0,0.021143304620203602
61749302.0,635000.0,0.024193548387096774
61749483.0,472500.0,0.10849056603773585
61753452.0,454995.0,0.19767043958936562
61759160.0,302450.0,0.243875
61759254.0,312500.0,0.06437125748502993
61759929.0,312500.0,0.20192307692307693
61761117.0,209000.0,0.12552301255230125
61761829.0,317500.0,0.07627118644067797
61762226.0,223000.0,0.06698564593301436
61831935.0,177400.0,0.04352941176470588
61867939.0,741000.0,0.04366197183098591
61868514.0,302500.0,0.706025267249757
61869650.0,307950.0,0.2076470588235294
61869870.0,0.0,
61870034.0,0.0,
61871126.0,312450.0,0.1532520325203252
61871127.0,297500.0,0.39161554192229037
61871196.0,222450.0,0.31553846153846155
61881803.0,137300.0,0.6077142857142858
61893853.0,542500.0,0.4018087855297158
61893892.0,387499.5,0.2010319587628866
61915166.0,322450.0,0.26450980392156864
61916535.0,212450.0,0.5175
61917044.0,225495.0,0.015305676855895196
61918943.0,484450.0,0.13491071428571427
61919116.0,400000.0,0.38408304498269896
61919335.0,194450.0,0.14714912280701756
61919735.0,237000.0,0.12857142857142856
61921351.0,432388.5,0.1469190981432361
61960821.0,654500.0,0.14276358873608383
61961591.0,177500.0,0.15476190476190477
61965114.0,707000.0,0.031506849315068496
62002058.0,580000.0,0.008547008547008548
62002808.0,171500.0,0.15308641975308643
62007829.0,197000.0,0.126357918810749
62007908.0,193450.0,0.24806451612903227
62012119.0,477500.0,0.236
62014795.0,332250.0,0.16729323308270677
62020290.0,399749.5,0.3704732283464567
62033762.0,330000.0,0.014925373134328358
62033762.0,330000.0,0.014925373134328358
62036222.0,424950.0,0.00011767474699929395
62036222.0,437500.0,0.029654036243822075
62564335.0,422500.0,0.09740259740259741
62565721.0,355000.0,0.09230769230769231
62566110.0,314000.0,0.04704097116843703
62568950.0,229044.0,0.027103139013452914
62571115.0,485000.0,0.3857538786822481
62574810.0,373500.0,0.06625
62582249.0,719950.0,0.18024590163934426
62582572.0,224500.0,0.24729151619534417
62584116.0,487000.0,0.1675213675213675
62585259.0,367500.0,0.10800970873786407
62585995.0,312499.5,0.0234390625
62586149.0,314999.5,0.033123975073794686
62590939.0,262000.0,0.2512146327522149
62592031.0,222500.0,0.20270270270270271
62593453.0,344725.0,0.1069300518134715
62593776.0,282000.0,0.13026052104208416
62594303.0,311995.0,0.06839355031352642
62594717.0,232500.0,0.011309264897781644
62594853.0,389950.0,0.13151447661469934
62596758.0,287450.0,0.07659176029962547
62598338.0,177950.0,0.25543933054393303
62602055.0,227450.0,0.0830952380952381
62604609.0,352850.0,0.21672833354597776
62608293.0,168450.0,0.06364647026125625
62638146.0,324500.0,0.030485868529691967
62649344.0,649000.0,0.4094631483166515
62649344.0,649000.0,0.4094631483166515
62676060.0,449500.0,0.3417910447761194
62676060.0,449500.0,0.3417910447761194
62711068.0,662500.0,0.019230769230769232
62723134.0,624500.0,0.07672599435516268
62723356.0,304500.0,0.6070967741935483
62727745.0,380000.0,0.11764705882352941
62727756.0,367500.0,0.03550295857988166
62727780.0,431124.5,0.041945555555555555
62727969.0,320000.0,0.015873015873015872
62733119.0,1300000.0,0.4090909090909091
62773503.0,647500.0,0.08096828046744574
62776907.0,329950.0,0.01523076923076923
62777082.0,412388.5,0.19924563106796117
62777154.0,402500.0,0.07471264367816093
62777446.0,392500.0,0.14673913043478262
62777844.0,372450.0,0.2419139713237746
62777923.0,377950.0,0.07985714285714286
62777985.0,221500.0,0.1972972972972973
62778115.0,288625.0,0.17535714285714285
62779284.0,207499.5,0.11702340425531915
62832920.0,812425.0,0.2595736434108527
62836108.0,173750.0,0.10897435897435898
62884195.0,522500.0,0.05
62923093.0,737997.5,0.01792758620689655
62925952.0,399245.0,0.014209876543209876
62926612.0,677500.0,0.1376994122586062
62932659.0,717500.0,0.1030128766095762
62944177.0,824475.0,0.13212975185210915
62946380.0,399495.0,0.05130263157894737
62981004.0,674500.0,0.22914285714285715
62983811.0,427500.0,0.08064516129032258
63011190.0,662475.0,0.17086983729662078
63050967.0,632400.0,0.20949011862648284
63054818.0,469949.5,0.12810853432282004
63060706.0,489950.0,0.15525862068965518
63068883.0,191250.0,0.13851351351351351
63079728.0,470551.0,0.4259121212121212
63087347.0,855088.0,0.06899362420302538
63090615.0,848950.0,0.2058465855940131
63090823.0,672500.0,0.05078125
63090831.0,630500.0,0.05895522388059701
63092496.0,416000.0,0.44533333333333336
63094961.0,719000.0,0.05394736842105263
63183308.0,469000.0,0.34
63196348.0,1619500.0,0.07457142857142857
63201528.0,469450.0,0.17656641604010026
63230196.0,707997.5,0.10659190371991248
63233081.0,367500.0,0.13076923076923078
63266100.0,489450.0,0.41381083329481905
63324959.0,587500.0,0.01310570788066908
63325036.0,484950.0,0.42632772449330736
63325303.0,174900.0,0.16713889113757685
63325660.0,216250.0,0.09895833333333333
63327076.0,347499.0,0.073336
63327270.0,227499.5,0.23305962059620597
63327437.0,237000.0,0.021551724137931036
63327764.0,177500.0,0.015446224256292907
63327902.0,177400.0,0.013714285714285714
63327923.0,229950.0,0.14975
63328202.0,207500.0,0.40202702702702703
63328571.0,360000.0,0.16279069767441862
63335567.0,241500.0,0.9512121212121212
63335774.0,424975.0,0.07614130434782608
63348411.0,400000.0,0.05290866017372993
63348979.0,717450.0,0.2477391304347826
63349695.0,469250.0,0.46640625
63349695.0,469250.0,0.48968253968253966
63358667.0,257500.0,0.8385579937304075
63358891.0,280000.0,0.3333333333333333
63399298.0,164750.0,0.29863771817794804
63477647.0,2987500.0,0.0649452269170579
63478561.0,790000.0,0.138328530259366
63487345.0,206388.5,0.09781117021276596
63487453.0,369000.0,0.31785714285714284
63498746.0,192500.0,0.20618556701030927
63510071.0,370000.0,0.12941176470588237
63614508.0,451750.0,0.06855670103092784
63615123.0,2472500.0,0.6461285244024617
63644247.0,362450.0,0.39403846153846156
63645400.0,599450.0,0.33507795100222715
63658917.0,651500.0,0.05566024061458182
63659763.0,522500.0,0.032407407407407406
63659874.0,917500.0,1.2002398081534773
63660026.0,597000.0,0.2490566037735849
63692729.0,193450.0,0.17242424242424242
63693209.0,349950.0,0.26326315789473687
63694255.0,324950.0,0.3230208333333333
63695111.0,533200.0,0.6406153846153846
63696300.0,1144487.5,0.7271781883194279
63698941.0,354750.0,0.419
63701218.0,171000.0,0.2348993288590604
63701513.0,447500.0,0.49031890660592253
63701609.0,664950.0,0.58440625
63702079.0,187500.0,0.14772727272727273
63702813.0,377500.0,0.006578947368421052
63702885.0,487450.0,0.3210027100271003
63706241.0,212450.0,0.06758793969849246
63706255.0,161500.0,0.015723270440251572
63725220.0,214950.0,0.08531914893617021
63725408.0,185500.0,0.25502008032128515
63726403.0,287495.0,1.8778278278278278
63728018.0,282000.0,0.1873198847262248
63728146.0,306799.5,0.06747872340425531
63761529.0,442497.5,0.15698704515145742
63775153.0,495000.0,0.009801960392078415
63777528.0,609000.0,0.059130434782608696
63777739.0,587000.0,0.23578947368421052
63780839.0,419125.0,0.2991220735785953
63781138.0,491450.0,0.48268421052631577
63786558.0,346000.0,0.02535211267605634
63812087.0,209450.0,0.10872340425531915
63812199.0,350000.0,0.27007147043059526
63812790.0,352250.0,0.409
63813069.0,359892.5,0.3842019230769231
63813518.0,360000.0,0.2727272727272727
63814260.0,697450.0,0.003500500071438777
63834412.0,489500.0,0.4620879120879121
63834814.0,672500.0,0.13782051282051283
63865012.0,1990000.0,0.20240480961923848
63871008.0,696500.0,0.49711191335740074
64433606.0,454500.0,0.01
64438080.0,581000.0,0.2503225806451613
64441993.0,742000.0,0.12705882352941175
64449786.0,693499.5,0.07409946595460615
64449807.0,410450.0,0.5786538461538462
64482457.0,319700.0,0.6234393404004711
64523460.0,299500.0,0.17945205479452056
64526802.0,319700.0,0.5848051948051948
64544077.0,300000.0,0.11764705882352941
64553266.0,455000.0,0.4
64556867.0,214400.0,0.12489795918367347
64573827.0,2599500.0,0.36597560975609755
64594993.0,357000.0,0.17049180327868851
64606957.0,180000.0,0.23404255319148937
64626926.0,362500.0,0.4215686274509804
64643542.0,194000.0,0.14792899408284024
64648004.0,1674500.0,0.047217010631644775
64685562.0,662500.0,0.09504132231404959
64706635.0,499500.0,0.055765595463137994
64728486.0,620000.0,0.20388349514563106
64729747.0,1562500.0,0.008064516129032258
64729775.0,211000.0,0.8744047619047619
64746079.0,529950.0,0.6107902735562311
64746087.0,210000.0,0.1322314049586777
64748474.0,399450.0,0.5006875
64769143.0,727500.0,0.25647668393782386
64772927.0,177495.0,0.27553061224489794
64775512.0,687500.0,0.140625
64780722.0,670000.0,0.16770186335403728
64788297.0,667500.0,0.05985915492957746
64827729.0,972000.0,0.03514376996805112
64828365.0,502200.0,0.43485714285714283
64879897.0,1047542.5,0.7645971910112359
64887591.0,262450.0,0.28875338753387536
64912606.0,696250.0,0.321157495256167
64913761.0,409500.0,0.1743951612903226
64918622.0,137500.0,0.9664634146341463
64939509.0,424950.0,0.19057142857142856
64941297.0,268500.0,0.35611510791366907
64947075.0,315000.0,0.14864864864864866
64947075.0,315000.0,0.14864864864864866
64971363.0,729503.5,0.45962703703703706
64999052.0,737000.0,0.05285714285714286
65000992.0,332500.0,0.16666666666666666
65004154.0,385000.0,0.28762541806020064
65007898.0,331000.0,0.06774193548387097
65010016.0,355000.0,0.36643571978444955
65010224.0,2322500.0,0.05204081632653061
65010708.0,419500.0,0.0011904761904761906
65011182.0,697500.0,0.2846153846153846
65018615.0,222000.0,0.09387755102040816
65021440.0,360000.0,0.1076923076923077
65023642.0,341000.0,0.09066666666666667
65023973.0,182499.5,0.04450523560209424
65024102.0,333950.0,0.1325974025974026
65025327.0,415000.0,0.0375
65026491.0,434500.0,0.02235294117647059
65027549.0,332500.0,0.2551906379765949
65027549.0,332500.0,0.2551906379765949
65034680.0,361950.0,0.27
65034797.0,342450.0,0.05369230769230769
65036032.0,426749.5,0.2569941089837997
65039305.0,347500.0,0.00685910260074307
65040476.0,444450.0,0.07096385542168675
65044056.0,604000.0,0.7466743782533256
65044931.0,350000.0,0.21107266435986158
65044931.0,350000.0,0.21107266435986158
65048849.0,435000.0,0.11224489795918367
65050945.0,344500.0,0.23273942093541203
65053840.0,319450.0,0.14813333333333334
65053991.0,677500.0,0.2868421052631579
65054056.0,622000.0,0.26823529411764707
65054070.0,607000.0,0.3062857142857143
65056426.0,389500.0,0.1514161220043573
65056782.0,493625.0,0.3523972602739726
65066948.0,379450.0,0.4370178041543027
65067139.0,1067500.0,0.17567567567567569
65068075.0,590000.0,0.21333333333333335
65068215.0,510000.0,0.6344086021505376
65080748.0,500000.0,0.8888888888888888
65085893.0,214450.0,0.1246938775510204
65088411.0,293750.0,0.049481957842086456
65088439.0,312800.0,0.12114695340501792
65089512.0,324950.0,0.058115942028985505
65091644.0,479949.5,0.7818411363636364
65092687.0,217450.0,0.11244897959183674
65092689.0,232499.5,0.014832627118644068
65094896.0,582500.0,0.023725834797891036
65095866.0,321950.0,0.14982142857142858
65105809.0,1200000.0,0.1919191919191919
65106618.0,224950.0,0.09294354838709677
65236455.0,654950.0,0.024960876369327072
65238487.0,652500.0,0.03571428571428571
65239580.0,567000.0,0.03278688524590164
65242860.0,1997500.0,0.1311439756415833
65242875.0,2017500.0,0.26636363636363636
65316818.0,762000.0,0.3904
65329172.0,339499.5,0.4568008
65365446.0,478000.0,0.15992970123022848
65393194.0,609250.0,1.0376254180602007
65397874.0,538000.0,0.03756708407871199
65398558.0,340000.0,0.2111368909512761
65440804.0,299450.0,0.2868540128602048
65441466.0,380000.0,0.3821138211382114
65441877.0,350000.0,0.27319025100036376
65442353.0,312450.0,0.3132967032967033
65442553.0,3045000.0,0.8454545454545455
65445449.0,364950.0,0.014031675465407057
65445777.0,370000.0,2.0833333333333335
65448860.0,200000.0,0.1111111111111111
65449255.0,198450.0,0.13717391304347826
65449352.0,195000.0,0.025
65451589.0,219950.0,0.11984793917567027
65451780.0,462450.0,0.5415051383504612
65457079.0,199450.0,0.20219680878723514
65458670.0,454995.0,0.4709360465116279
65461288.0,277500.0,0.11
65461409.0,181500.0,0.175
65461494.0,100000.0,0.5454545454545454
65461608.0,374450.0,0.24816666666666667
65466425.0,536950.0,0.23183118741058656
65466425.0,536950.0,0.23183118741058656
65466839.0,117500.0,0.5803571428571429
65467669.0,727500.0,0.0034482758620689655
65469455.0,351950.0,0.1519277108433735
65469618.0,474950.0,0.00010526315789473685
65471689.0,2517500.0,0.11888888888888889
65473104.0,1292500.0,0.32564102564102565
65539038.0,612450.0,0.2751213161320866
65539167.0,322500.0,0.17938931297709923
65539559.0,288500.0,0.03672787979966611
65540121.0,739900.0,0.1544
65549759.0,353450.0,0.0934855091048987
65550933.0,334950.0,0.162625
65550944.0,572000.0,0.07592891760904685
65552121.0,327450.0,0.11
65552373.0,299450.0,0.10091911764705883
65556823.0,185500.0,0.13803680981595093
65559902.0,423750.0,0.10789473684210527
65559980.0,314950.0,0.12482142857142857
65560112.0,195950.0,0.10931818181818181
65561008.0,347388.5,0.02323564064801178
65564523.0,249000.0,0.509090909090909
65572028.0,345000.0,0.15
65575543.0,197500.0,0.01282051282051282
65793424.0,1279500.0,0.16318181818181818
66111850.0,834500.0,0.35758275596612776
66136054.0,442450.0,0.03605664488017429
66136527.0,189500.0,0.13073394495412843
66136774.0,217000.0,0.3151515151515151
66136821.0,173700.0,0.3051972207888832
66173803.0,595000.0,0.11982248520710059
66186944.0,425000.0,0.28012048192771083
66193712.0,198750.0,0.13577918738213612
66386513.0,215000.0,0.06481078729882557
66658923.0,764950.0,0.2965254237288136
66669860.0,328400.0,0.12426666666666666
66674479.0,309999.5,0.04321141975308642
66674617.0,609000.0,0.22901633118116219
66717787.0,945000.0,0.45384615384615384
66718314.0,739500.0,0.15870307167235495
66727236.0,302500.0,0.0546875
66729969.0,432300.0,0.6626923076923077
66730541.0,649950.0,0.40366088631984587
66730625.0,699999.5,0.1686135225375626
66731001.0,184950.0,0.19235807860262008
66731485.0,571995.0,0.10020196191575304
66731713.0,358000.0,0.256140350877193
66732057.0,196250.0,0.00641025641025641
66761357.0,353750.0,0.17955985328442814
66820142.0,312000.0,0.15217391304347827
66821503.0,232500.0,0.292384658143413
66821565.0,215000.0,0.2874251497005988
66821618.0,201500.0,0.04047619047619048
66821801.0,182500.0,0.04285714285714286
66821865.0,215000.0,0.2647058823529412
66823855.0,205681.0,0.14299583333333332
66823921.0,314000.0,0.029508196721311476
66824216.0,195444.0,0.028652631578947367
66824223.0,209944.0,0.11081481481481481
66824390.0,195944.0,0.20022857142857142
66824766.0,219999.5,0.0434804347826087
66824906.0,215000.0,0.08585858585858586
66831273.0,407500.0,0.14210526315789473
66832139.0,576400.0,0.011405509738550623
66833801.0,402500.0,0.23846153846153847
66834316.0,501500.0,0.05377358490566038
66835149.0,418445.0,0.28752307692307694
66837177.0,765000.0,0.19047619047619047
66837391.0,397494.5,0.11970281690140845
66837572.0,1150000.0,0.02127659574468085
66839387.0,377187.0,0.06867407407407407
66840609.0,510000.0,0.1590909090909091
66843543.0,394499.5,0.011796614516542703
66844216.0,1385610.0,0.41388775510204084
66844462.0,415000.0,0.012195121951219513
66844588.0,371950.0,0.09397058823529411
66844620.0,347499.0,0.1602637729549249
66845020.0,447500.0,0.02402745995423341
66845170.0,465495.0,0.020010526315789475
66845533.0,499500.0,0.11000246667214816
66848331.0,449999.0,0.09755853658536585
66848361.0,334900.0,0.1875886524822695
66848692.0,486500.0,0.23164556962025318
66849004.0,392500.0,0.07534246575342465
66849543.0,323950.0,0.178
66849768.0,699900.0,0.1756183745583039
66850440.0,478949.5,0.042101
66850567.0,381700.0,0.21174603174603174
66850774.0,598500.0,0.5350089766606823
66850812.0,366000.0,0.2620689655172414
66854731.0,364000.0,0.10303030303030303
66857390.0,569950.0,0.008782608695652174
66857455.0,428500.0,0.1644021739130435
66858257.0,454500.0,0.04506783168544493
66858267.0,430000.0,0.022727272727272728
66859999.0,219999.5,0.11646787148594377
66860082.0,201500.0,0.12391304347826088
66860165.0,207500.0,0.13541666666666666
66860186.0,232500.0,0.03379279679857715
66860188.0,227499.5,0.07058588235294118
66860942.0,299400.0,0.0016672224074691564
66863537.0,314500.0,0.18679245283018867
66863720.0,310000.0,0.17870722433460076
66866050.0,222450.0,0.0920408163265306
66866356.0,207500.0,0.13179916317991633
66866431.0,449499.5,0.19866533333333333
66866533.0,227499.5,0.05813720930232558
66866555.0,237000.0,0.14492753623188406
66868944.0,204000.0,0.09333333333333334
66870777.0,484950.0,0.3859674192626465
66876147.0,329950.0,0.49238461538461537
67081276.0,335000.0,0.4224137931034483
67083707.0,469450.0,0.145
67086227.0,749950.0,0.003949129852744311
67097761.0,367500.0,0.225
67362653.0,587500.0,0.021739130434782608
67362829.0,344500.0,0.25272727272727274
67362829.0,344500.0,0.25272727272727274
67363058.0,315950.0,0.2565882352941177
67363131.0,336450.0,0.26217105263157897
67363256.0,289950.0,2.2216666666666667
67363316.0,207499.5,0.04271105527638191
67365744.0,282500.0,0.24666666666666667
67400368.0,729000.0,0.08
67400728.0,405000.0,0.18421052631578946
67402903.0,599000.0,0.16310679611650486
67403462.0,899000.0,0.24769874476987447
67410699.0,324950.0,0.13346666666666668
67411034.0,384950.0,0.025443037974683544
67411341.0,725000.0,0.06633328430651567
67449286.0,344000.0,0.2981132075471698
67449298.0,210000.0,0.1296395911780527
67456495.0,1128818.0,0.35348339060710193
67456977.0,474425.0,0.0787864077669903
67620035.0,424950.0,0.39327868852459014
67641275.0,1587999.5,0.1416218918918919
67641402.0,450000.0,0.14691943127962084
67641402.0,469975.0,0.1090521327014218
67641800.0,419900.0,0.21710144927536232
67641821.0,382812.5,0.14930555555555555
67641977.0,680265.0,0.048447335291649185
67642093.0,694299.5,0.044059398496240604
67646370.0,355000.0,0.10937846680770877
67649412.0,449950.0,0.2855714285714286
67653583.0,481950.0,0.19674866124776874
67659869.0,384950.0,0.1665505015303494
67675333.0,174500.0,0.11868686868686869
67685162.0,520500.0,0.7948275862068965
67701081.0,1420000.0,0.42000142000142
67709725.0,1644500.0,0.28980392156862744
67760333.0,524500.0,0.4414270500532481
67764407.0,542500.0,0.1302106879389332
67772088.0,584000.0,0.04262295081967213
67773861.0,392500.0,0.07647058823529412
67774362.0,399999.5,0.015227157360406092
67774501.0,363000.0,0.14150943396226415
67775318.0,652500.0,0.1059322033898305
67776124.0,474450.0,0.009682911257714408
67782309.0,402499.5,0.32010331256149555
67782369.0,377000.0,0.04556962025316456
67788482.0,362450.0,0.22864406779661017
67789286.0,448624.5,0.04547775633565178
67790401.0,312500.0,0.3351063829787234
67804641.0,294500.0,0.19315068493150686
67804968.0,304000.0,0.10561929979405707
67805151.0,372500.0,0.06875
67858140.0,733892.5,0.22315416666666665
67860091.0,317500.0,0.18029739776951673
67954561.0,349949.5,0.025210306406685236
67962994.0,0.0,
67963306.0,220000.0,0.022222222222222223
67963467.0,0.0,
67963717.0,0.0,
67963793.0,215000.0,0.022727272727272728
67964261.0,312450.0,0.4319090909090909
67964645.0,0.0,
67964664.0,0.0,
67965215.0,592500.0,0.21
68050353.0,463000.0,0.10961538461538461
68125678.0,466000.0,0.3302191879266978
68270282.0,397500.0,0.019230769230769232
68270715.0,663750.0,0.07056451612903226
68273139.0,444950.0,0.05965706120504882
68273176.0,499500.0,0.13522985279511998
68273625.0,345000.0,0.08
68273785.0,675500.0,0.20520061183668667
68274844.0,605000.0,0.008333333333333333
68276063.0,168750.0,0.19642857142857142
68276150.0,208394.0,0.15970161290322582
68276184.0,204000.0,0.05116279069767442
68276260.0,189000.0,0.22857142857142856
68276271.0,191500.0,0.10930232558139535
68276325.0,207500.0,0.056818181818181816
68314672.0,597500.0,0.231016731016731
68315267.0,443500.0,0.014444444444444444
68316094.0,515000.0,0.23134328358208955
68316237.0,714000.0,0.43333333333333335
68322075.0,492500.0,0.00510204081632653
68355717.0,1424000.0,0.5172881355932203
68407022.0,1547500.0,0.06155188693261791
68407404.0,225000.0,0.058577405857740586
68409918.0,357000.0,0.15
68410585.0,557500.0,0.302252816020025
68410896.0,307495.0,0.10252778773754034
68414496.0,352495.0,0.0846
68416596.0,364500.0,0.07721518987341772
68417741.0,165000.0,0.2692307692307692
68420668.0,225000.0,0.046511627906976744
68421303.0,314999.5,0.16666481481481482
68422943.0,313995.0,0.30223333333333335
68424147.0,459949.5,0.4373466792083725
68424165.0,402500.0,0.16666666666666666
68428004.0,300449.5,0.13663936781609196
68428508.0,405350.0,0.09850948509485095
68478054.0,520500.0,0.07763975155279502
68478221.0,332450.0,0.07588996763754045
68480705.0,372450.0,0.1117910447761194
68519797.0,467499.5,0.12650481927710844
68533437.0,377499.5,0.47569513888888887
68533484.0,194850.0,0.0825
68533809.0,360000.0,0.3584905660377358
68535184.0,302250.0,0.209
68536861.0,222500.0,0.20270920383353425
68541791.0,580000.0,0.18194640338504936
68576580.0,722500.0,0.15
68580718.0,435000.0,0.359375
68586967.0,191450.0,0.5316
68588703.0,172450.0,0.09145569620253165
68588863.0,342500.0,0.3645640074211503
68589691.0,407500.0,0.460573476702509
68591181.0,222500.0,0.03009259259259259
68591673.0,191450.0,0.3675
68591813.0,207500.0,0.2808641975308642
68592650.0,140000.0,0.34502923976608185
68594214.0,377500.0,0.2541528239202658
68594987.0,191450.0,0.2771847898599066
68595388.0,193450.0,0.018694049499736704
68630111.0,437450.0,0.029294117647058825
68630195.0,1258500.0,0.06924384027187766
68632853.0,402400.0,0.14200426439232408
68633793.0,362500.0,0.13690476190476192
68634338.0,369550.0,0.20526881720430107
68636532.0,404000.0,0.22796352583586627
68637116.0,424950.0,0.05566666666666667
68637808.0,397500.0,0.028117359413202935
68638020.0,337500.0,0.21511627906976744
68638463.0,1650000.0,0.10073382254836558
68647824.0,333950.0,0.27402173913043476
68649787.0,592999.5,0.0512008
68649805.0,635000.0,0.032520325203252036
68650894.0,1205000.0,0.09545454545454546
68651103.0,1765000.0,0.058666666666666666
68651171.0,485000.0,0.13450292397660818
68651258.0,642350.0,0.003671875
68653837.0,1221500.0,0.062183149418690596
68654607.0,335000.0,0.15517241379310345
68655407.0,395000.0,0.12222222222222222
68655414.0,437500.0,0.01905829596412556
68657828.0,789499.5,0.14044692433315187
68657886.0,411000.0,0.044186046511627906
68657959.0,460495.0,0.025601336302895322
68657981.0,622450.0,0.19673506258872112
68658061.0,494500.0,0.08681318681318681
68659982.0,422500.0,0.1118421052631579
68661304.0,655000.0,0.10362257792754845
68662004.0,598500.0,0.8191489361702128
68662512.0,487450.0,0.021184738955823294
68662982.0,486500.0,0.0704070407040704
68663061.0,319750.0,0.024839743589743588
68666070.0,399950.0,0.1303544248749728
68667454.0,302444.0,0.0888014486440562
68667850.0,379000.0,0.2847457627118644
68668434.0,235500.0,0.002127659574468085
68668601.0,314500.0,0.03230769230769231
68668729.0,311400.0,0.2456
68668816.0,307500.0,0.16037735849056603
68956616.0,439000.0,0.11167384147885541
68959374.0,342250.0,0.11103896103896103
68959627.0,367500.0,0.006488240064882401
68959756.0,322499.5,0.12837972972972972
68960655.0,436500.0,0.3640625
68964129.0,360000.0,0.6724294813466788
68979251.0,2374000.0,0.08657175836860331
68986675.0,359500.0,0.10125
68992408.0,570000.0,0.5
68993389.0,1834500.0,0.013535911602209945
69022997.0,570000.0,0.0594059405940594
69074890.0,700000.0,0.16666666666666666
69074985.0,396540.0,0.14939130434782608
69075146.0,639995.0,0.08572142857142857
69075307.0,382500.0,0.39090909090909093
69075632.0,388750.0,0.16257738754302897
69076030.0,405992.5,0.2083110119047619
69231186.0,222449.5,0.011335555555555555
69231203.0,282400.0,0.1865546218487395
69231752.0,339450.0,0.14679054054054055
69328086.0,342000.0,0.08571428571428572
69331812.0,410000.0,0.22388059701492538
69332860.0,369945.0,0.04652050919377652
69338390.0,308950.0,0.06661631419939577
69338741.0,329500.0,136.29166666666666
69342985.0,192500.0,0.22659702691844114
69343871.0,727500.0,0.23421052631578948
69344485.0,204500.0,0.16857142857142857
69347827.0,154450.0,2.8709273182957395
69366156.0,419450.0,0.4980357142857143
69366229.0,378950.0,0.11129032258064517
69367158.0,220000.0,0.4666666666666667
69367175.0,4550000.0,0.7669902912621359
69368339.0,119950.0,0.8794472361809045
69369807.0,310950.0,0.003388189738625363
69371829.0,417950.0,0.04487761219403048
69375258.0,437500.0,0.09375
69376302.0,447500.0,0.12720403022670027
69379334.0,367500.0,0.032303370786516857
69380169.0,436750.0,0.06876332622601279
69380572.0,319500.0,0.06001765225066196
69380580.0,424500.0,0.10443037974683544
69380580.0,397250.0,0.16191983122362869
69380923.0,334500.0,0.0014925373134328358
69380965.0,181450.0,0.20966666666666667
69382228.0,354500.0,0.058208955223880594
69382401.0,216600.0,0.037333333333333336
69385241.0,333950.0,0.04312320916905444
69386231.0,325000.0,0.07142857142857142
69387128.0,350000.0,0.34579439252336447
69388417.0,286000.0,0.3839825792402613
69390685.0,595000.0,0.8307692307692308
69391729.0,325000.0,0.043836422477199176
69392120.0,372500.0,0.08284883720930232
69392174.0,392499.5,0.27314907407407407
69392318.0,167500.0,0.08414239482200647
69419245.0,667500.0,0.1125
69568294.0,359950.0,0.09786967418546366
69569175.0,345000.0,0.1375
69569175.0,345000.0,0.1375
69569181.0,390000.0,0.024756189047261814
69569346.0,398500.0,0.44265734265734263
69571959.0,386500.0,0.546
69573175.0,504450.0,0.5521538461538461
69631072.0,395500.0,0.26745693646971663
69631078.0,324950.0,0.3868867924528302
69631839.0,232450.0,0.4528125
69631997.0,417450.0,0.23403669724770643
69632546.0,387500.0,0.2387033398821218
69632724.0,315000.0,0.12540192926045016
69637497.0,372000.0,0.15435326210502387
69638183.0,220000.0,0.10204081632653061
69638188.0,287500.0,0.12745098039215685
69640823.0,215000.0,0.13654618473895583
69642297.0,374500.0,0.045859872611464965
69642591.0,1437500.0,0.3068181818181818
69647112.0,232500.0,0.19230769230769232
69651832.0,221700.0,0.012328767123287671
69656180.0,334849.5,0.2883782223932282
69656316.0,321950.0,0.2532113662903854
69657595.0,327450.0,0.19072727272727272
69658441.0,339500.0,0.10730593607305935
69659123.0,459500.0,0.12476190476190477
69662664.0,319900.0,0.16327272727272726
69663159.0,362495.0,0.294625
69663377.0,327000.0,0.10847457627118644
69663967.0,359995.0,0.16881493506493506
69664540.0,314000.0,0.029508196721311476
69665257.0,314000.0,0.14181818181818182
69665343.0,329000.0,0.1152542372881356
69665890.0,328500.0,inf
69666162.0,312500.0,0.06655290102389079
69668942.0,799500.0,0.10670391061452514
69669731.0,319500.0,0.22884615384615384
69670760.0,754950.0,0.20792
69675379.0,414900.0,0.33838709677419354
69676257.0,431000.0,0.004662004662004662
69676687.0,379000.0,0.37868852459016394
69677245.0,0.0,
69727654.0,412450.0,0.12231292517006803
69806582.0,509999.0,0.36250125
69807822.0,332500.0,0.02465331278890601
69812156.0,497000.0,0.191869918699187
69818874.0,1702500.0,0.0043859649122807015
69819355.0,2100000.0,0.07969151670951156
70056009.0,434950.0,0.023411764705882354
70056040.0,445000.0,0.2125340599455041
70058707.0,339850.0,0.21873563218390804
70058997.0,464450.0,0.1383116883116883
70059231.0,687400.0,0.05753846153846154
70060612.0,487000.0,0.047311827956989246
70060722.0,309900.0,0.088261253309797
70061263.0,469990.0,0.09325424517329611
70061449.0,620000.0,0.07081174438687392
70062374.0,638000.0,0.14933333333333335
70062714.0,389450.0,0.09430232558139535
70063031.0,418500.0,0.008433734939759036
70306675.0,359000.0,0.08787878787878788
70309955.0,332250.0,0.3005263157894737
70312343.0,414500.0,0.38166666666666665
70317353.0,229044.0,0.004156521739130435
70330434.0,4000000.0,0.553072625698324
70330800.0,420000.0,0.25
70341419.0,427450.0,0.13986666666666667
70342647.0,2425000.0,0.7321428571428571
70352214.0,1997500.0,0.2601851851851852
70352442.0,0.0,
70356971.0,392000.0,0.4050179211469534
70427044.0,2750000.0,0.6333333333333333
70448869.0,180500.0,0.23191489361702128
70456655.0,180450.0,0.13134796238244514
70457439.0,197000.0,0.2750809061488673
70458402.0,193450.0,0.19395833333333334
70459734.0,332450.0,0.055396825396825396
70465022.0,399000.0,0.22524271844660193
70465250.0,761250.0,0.05876216968011127
70465546.0,307500.0,0.18
70469051.0,435000.0,0.359375
70469781.0,533200.0,0.1591304347826087
70470410.0,510000.0,0.17073170731707318
70471217.0,347500.0,0.33935361216730037
70471225.0,476750.0,0.16359649122807018
70472356.0,367450.0,0.10378048780487804
70472446.0,307500.0,0.305845570391774
70472874.0,362500.0,0.2032967032967033
70473029.0,307500.0,0.0
70473532.0,165000.0,0.8493150684931506
70475099.0,572000.0,0.08465354456713074
70475571.0,384000.0,0.09433962264150944
70475602.0,356000.0,0.18160919540229886
70476390.0,211950.0,0.06507537688442211
70478815.0,195000.0,0.3448275862068966
70579941.0,789500.0,0.03881578947368421
70582696.0,465000.0,0.5193798449612403
70585477.0,386944.0,0.7023507692307692
70761029.0,441950.0,0.5342992623814542
70766991.0,309250.0,0.279976717112922
70767460.0,309000.0,0.7839160839160839
70767557.0,385450.0,0.21336734693877552
70770642.0,391250.0,0.34913793103448276
70772657.0,402450.0,0.13451612903225807
70773536.0,329500.0,0.2673076923076923
70774928.0,3172500.0,0.866421052631579
70774970.0,4775000.0,0.09142857142857143
70776120.0,620000.0,0.0782608695652174
70776643.0,711000.0,0.1376
70776713.0,696250.0,0.4065656565656566
70776906.0,409499.5,0.10393982494529541
70789399.0,437500.0,0.7156930027176577
70827640.0,270450.0,114.08510638297872
70830584.0,225000.0,0.7307958583978215
70830829.0,337500.0,0.20569545775476583
70833386.0,492500.0,0.2364341085271318
70835331.0,326900.0,0.17168458781362006
70836594.0,202000.0,0.1652892561983471
70836795.0,337500.0,0.023037284025462262
70837297.0,1474500.0,0.5061287027579162
70837872.0,684500.0,0.21771428571428572
70842277.0,215000.0,0.044444444444444446
70842344.0,335500.0,0.022865853658536585
71009832.0,289950.0,2.624375
71010710.0,187000.0,0.08780487804878048
71034428.0,512500.0,0.3315146791374383
71034476.0,332500.0,0.03938730853391685
71034579.0,442450.0,0.19554545454545455
71034889.0,387500.0,0.08823529411764706
71037413.0,333750.0,0.08561643835616438
71038111.0,232500.0,0.23015873015873015
71038698.0,172299.5,0.2880185950413223
71040279.0,299950.0,0.21063712202952709
71041727.0,687500.0,0.1956521739130435
71041769.0,442450.0,0.20849731663685153
71042277.0,188900.0,0.1588957055214724
71042707.0,307500.0,0.16037735849056603
71043866.0,204950.0,0.11385869565217391
71044172.0,297250.0,1.4791492910758965
71044390.0,532000.0,1.0862745098039215
71044829.0,324950.0,0.1224525043177893
71045366.0,199850.0,0.12338392355255762
71045414.0,213500.0,0.2978723404255319
71045493.0,946500.0,3.2066666666666666
71046090.0,182500.0,0.1849039749888343
71055958.0,1499000.0,0.5218274111675127
71057150.0,689000.0,0.16779661016949152
71057179.0,481995.0,0.0061958762886597935
71058623.0,467499.5,0.03888777777777778
71062360.0,397000.0,0.13695652173913042
71066902.0,439999.5,0.10204183673469387
71068955.0,402450.0,0.10350973402796819
71068993.0,0.0,1.0
71069019.0,373000.0,0.1711111111111111
71070164.0,405000.0,0.1
71072116.0,194350.0,0.13622222222222222
71073570.0,727450.0,0.21261876979496583
71073875.0,340000.0,2.4
71073901.0,177500.0,0.13414634146341464
71073983.0,330000.0,0.11864406779661017
71074958.0,177500.0,0.07792207792207792
71075060.0,191200.0,0.09257142857142857
71075197.0,347500.0,0.10317460317460317
71075939.0,367500.0,0.006488240064882401
71076519.0,196000.0,0.12064036592338478
71076578.0,187000.0,0.11641791044776119
71077559.0,177495.0,0.15478571428571428
71078270.0,177495.0,0.11163663663663663
71078442.0,194850.0,0.04951219512195122
71078528.0,349500.0,0.0014285714285714286
71079447.0,474950.0,0.5078256452585796
71079458.0,282495.0,0.05803601200400133
71080939.0,196000.0,0.0481283422459893
71080990.0,182450.0,0.024331550802139036
71081127.0,177000.0,0.15714285714285714
71083112.0,194850.0,0.25709677419354837
71083125.0,191200.0,0.37060931899641575
71083134.0,187395.0,0.38811111111111113
71083142.0,187395.0,0.38811111111111113
71084946.0,202400.0,0.5115758028379388
71086212.0,186250.0,0.019220642443391257
71086749.0,169995.0,0.1905
71089267.0,312450.0,0.014448051948051948
71090233.0,191450.0,0.023796791443850267
71091727.0,200000.0,0.43884892086330934
71092541.0,202400.0,0.12450691705094727
71093438.0,311625.0,0.22205882352941175
71093469.0,300000.0,0.1342155009451796
71093511.0,300000.0,0.11524163568773234
71094325.0,470000.0,0.47335423197492166
71094338.0,252499.5,0.12931206896551725
71115691.0,677450.0,0.17817391304347827
71119056.0,408500.0,0.3686244204018547
71119183.0,370000.0,0.6209016393442623
71120516.0,324950.0,0.11698369565217391
71121933.0,321950.0,0.053088235294117644
71123861.0,420000.0,0.25
71143084.0,119950.0,0.5993333333333334
71143145.0,353000.0,0.058666666666666666
71172547.0,385250.0,0.3148464163822526
71172561.0,287900.0,0.11415384615384615
71172707.0,332000.0,0.2528301886792453
71173643.0,382450.0,0.01683804627249357
71177833.0,287900.0,0.4241988483976968
71177835.0,296000.0,0.3634408602150538
71227518.0,138999.5,0.36789677125966347
71233113.0,299950.0,0.032419354838709676
71238764.0,392000.0,0.13846153846153847
71246251.0,512000.0,0.3976470588235294
71246251.0,512000.0,0.3976470588235294
71248054.0,452000.0,0.13904761904761906
71249460.0,309500.0,2.6411764705882352
71260552.0,384950.0,0.10617816091954023
71261185.0,412500.0,0.08333333333333333
71264351.0,550000.0,0.0001818512456810329
71264351.0,550000.0,0.0001818512456810329
71264827.0,392500.0,0.23427672955974843
71265326.0,427450.0,0.11025974025974027
71265420.0,1412500.0,0.7826923076923077
71265580.0,393000.0,0.034210526315789476
71270175.0,382250.0,0.05617283950617284
71270190.0,384700.0,0.3744194355126831
71326294.0,192388.5,0.12030864197530865
71328208.0,1075000.0,1.1287128712871286
71328651.0,719500.0,0.5115546218487395
71358143.0,389950.0,0.03986666666666667
71360375.0,387500.0,0.020005264543300868
71360500.0,481200.0,0.23384615384615384
71406013.0,572000.0,0.045075125208681135
71490197.0,487000.0,0.2208
71493926.0,407450.0,0.2440630797773655
71544059.0,342500.0,0.5307576380326072
71597734.0,412250.0,0.07077922077922078
71604449.0,387500.0,0.1400411885848779
71605632.0,472500.0,0.475
71606767.0,748450.0,0.1674638487208009
71613657.0,452500.0,0.016853932584269662
71619623.0,469450.0,0.18848101265822784
71619675.0,1487500.0,0.06630824372759857
71621362.0,649999.5,0.05690975609756098
71719926.0,462450.0,0.33935714285714286
71745226.0,456000.0,0.23577235772357724
71745770.0,737450.0,0.10067073170731708
71752612.0,360000.0,0.3436645396536007
71753253.0,695000.0,0.17994100294985252
71753733.0,394499.5,0.2624799027855674
71754861.0,208500.0,0.19142857142857142
71755249.0,307250.0,0.04152542372881356
71755271.0,472000.0,0.08505747126436781
71756512.0,419950.0,0.4092281879194631
71759042.0,328000.0,0.33877551020408164
71759314.0,372249.0,0.30613684210526315
71968829.0,304750.0,0.12912189699888849
71969350.0,409250.0,0.3891781928032728
71969407.0,79000.0,0.2153846153846154
71969412.0,147000.0,0.176
71971322.0,309950.0,0.050677966101694914
71975659.0,224900.0,0.017903930131004366
72104584.0,167500.0,0.046875
72109458.0,672000.0,0.23302752293577983
72109464.0,510000.0,0.4269018990897854
72149562.0,494500.0,0.09888888888888889
72237315.0,357500.0,0.2243150684931507
72291290.0,542500.0,0.7904290429042904
72296947.0,635000.0,0.05082212257100149
72297517.0,514750.0,0.1288377192982456
72297897.0,655000.0,0.023117076808351976
72497987.0,519495.0,0.42718406593406594
72510510.0,794944.0,0.45176275862068965
72517663.0,725000.0,0.21035058430717862
72519477.0,467500.0,0.06735159817351598
72522341.0,2199950.0,0.2787049180327869
72525145.0,407000.0,0.12473118279569892
72525337.0,370000.0,0.7151655119322555
72526475.0,649000.0,0.18773466833541927
72533275.0,449000.0,0.23247863247863249
72533851.0,769500.0,0.0070967741935483875
72534106.0,102500.0,0.8136363636363636
72537398.0,467500.0,0.4209726443768997
72537913.0,449000.0,0.6258333333333334
72538535.0,407000.0,0.4386206896551724
72539411.0,414500.0,0.3414239482200647
72542753.0,214250.0,0.04569325680371715
72561208.0,311450.0,0.1993573264781491
72566764.0,410450.0,0.15371134020618557
72567471.0,377000.0,0.05513784461152882
72567745.0,274950.0,0.44998999799959993
72569330.0,320000.0,0.37254901960784315
72569954.0,382500.0,0.48897795591182364
72573123.0,645000.0,0.3550548203402711
72573629.0,339950.0,0.09661290322580646
72577287.0,177500.0,0.6485148514851485
72577769.0,265000.0,0.7791666666666667
72584251.0,667500.0,0.1331168831168831
72584971.0,737795.0,0.0248576191137658
72638684.0,432000.0,0.24869565217391304
72640117.0,817500.0,0.5424528301886793
72640382.0,586500.0,1.346
72648349.0,482500.0,0.93
72649108.0,417500.0,0.07603092783505154
72650185.0,401500.0,0.19539078156312625
72650487.0,339000.0,0.24666666666666667
72656117.0,210000.0,0.05527638190954774
72657323.0,234000.0,0.13333333333333333
72657468.0,692000.0,1.4027777777777777
72672010.0,2149500.0,0.402086230876217
73428924.0,184450.0,1.3056538206727584
73429716.0,284500.0,1.3708333333333333
73430344.0,177000.0,0.07272727272727272
73430982.0,182400.0,0.10545454545454545
73431075.0,198500.0,0.18862275449101795
73431670.0,189950.0,0.08604917095483133
73431909.0,379450.0,0.45942307692307693
73432151.0,177450.0,0.1742671009771987
73432199.0,195000.0,0.5789473684210527
73432476.0,182450.0,0.2163738791293043
73432819.0,199400.0,0.47703703703703704
73432893.0,187400.0,0.2924137931034483
73433041.0,102450.0,0.0245
73433044.0,102500.0,0.3667577838522568
73434113.0,187400.0,0.17125
73434266.0,3200000.0,11.8
73434271.0,102500.0,0.2828535669586984
73434310.0,182450.0,0.18911111111111112
73434382.0,196900.0,0.33130493576741044
73435266.0,199250.0,0.20757575757575758
73435886.0,282500.0,0.116600790513834
73435994.0,370000.0,2.7
73436282.0,190000.0,0.005291005291005291
73436418.0,324950.0,1.7079166666666667
73436437.0,99950.0,0.16708333333333333
73436590.0,184450.0,0.002972972972972973
73437540.0,204500.0,0.02619047619047619
73438095.0,188250.0,0.7098092643051771
73438174.0,192000.0,0.21600653327888933
73440118.0,189950.0,0.5196
73440990.0,182400.0,0.14071294559099437
73441193.0,187000.0,0.06857142857142857
73443962.0,0.0,1.0
73444945.0,182450.0,0.18911111111111112
73445131.0,294500.0,2.308988764044944
73445195.0,191950.0,0.2805203468979319
73446555.0,201000.0,0.1862348178137652
73447022.0,345000.0,0.014004001143183767
73450207.0,196900.0,0.14391304347826087
73451242.0,221000.0,0.11422845691382766
73451579.0,511900.0,0.19324009324009325
73452110.0,179950.0,0.2502083333333333
73453002.0,369500.0,0.26109215017064846
73454272.0,224500.0,0.403125
73454545.0,302450.0,0.09716417910447761
73454910.0,182450.0,0.14748427672955974
73455004.0,329975.0,0.0029635258358662615
73456493.0,284500.0,2.55625
73457044.0,446800.0,0.4379874213836478
73459203.0,189950.0,0.1365909090909091
73460027.0,299950.0,0.29423529411764704
73460039.0,599950.0,0.11511799410029498
73460397.0,344500.0,0.14871623874624876
73460989.0,361250.0,0.05474452554744526
73462508.0,333250.0,0.0052238805970149255
73466508.0,292750.0,0.30214541120381405
73468294.0,410000.0,0.35837245696400627
73469967.0,410000.0,0.1368421052631579
73470058.0,1435000.0,0.148
73472834.0,1550000.0,0.553261849884758
73476537.0,184450.0,0.24714285714285714
73479200.0,94999.5,0.7112477203647416
73485941.0,317500.0,0.03787878787878788
73488009.0,203000.0,0.043701799485861184
73489763.0,280000.0,1.5454545454545454
73490210.0,415000.0,0.22429906542056074
73491518.0,1997000.0,0.8154545454545454
73491612.0,415000.0,0.09782608695652174
73491934.0,325000.0,0.14035087719298245
73494857.0,227450.0,0.010656807307525011
73495381.0,314950.0,0.25894117647058823
73495792.0,345000.0,0.09523809523809523
73496818.0,320000.0,0.16405965805747544
73497422.0,478000.0,0.09125475285171103
73497693.0,337500.0,0.15603900975243812
73498802.0,299950.0,0.18712737127371273
73499170.0,294500.0,0.1208955223880597
73499498.0,370000.0,0.27586206896551724
73500522.0,307500.0,0.08753709198813056
73500855.0,289500.0,0.09245283018867924
73501044.0,404000.0,0.10222222222222223
73502692.0,314950.0,0.049833333333333334
73504328.0,342250.0,0.075
73508180.0,322500.0,0.3613861386138614
73508803.0,467500.0,0.15432098765432098
73509270.0,304785.5,0.3583463157894737
73509807.0,203000.0,0.04018912529550828
73510050.0,329950.0,0.029558823529411766
73512265.0,332500.0,0.14655172413793102
73512547.0,295749.5,0.04505123674911661
73514576.0,380000.0,0.13095238095238096
73514679.0,332500.0,0.024926686217008796
73515113.0,342450.0,0.02157142857142857
73515622.0,289950.0,0.4529245283018868
73519596.0,327500.0,0.09322998554599744
73519970.0,343000.0,0.10909090909090909
73520486.0,331449.5,0.010598507462686568
73520640.0,447450.0,0.10481481481481482
73520695.0,374950.0,0.20951612903225805
73520746.0,222450.0,0.032405393649412785
73521383.0,345313.0,0.3496930320150659
73523729.0,335313.0,0.08133424657534247
73524618.0,345000.0,0.2777777777777778
73524770.0,183450.0,0.16613636363636364
73524802.0,189950.0,0.3577555396711937
73527091.0,307000.0,0.023333333333333334
73527116.0,314500.0,0.04833333333333333
73527805.0,189950.0,0.15200892857142856
73528346.0,357500.0,0.05457227138643068
73528455.0,202450.0,0.13851063829787233
73530474.0,185000.0,0.075
73531522.0,299950.0,0.28583333333333333
73534696.0,355000.0,0.22413793103448276
73534817.0,177450.0,0.19304229195088676
73534955.0,304785.5,0.062198461538461536
73536036.0,342500.0,0.37
73537907.0,237500.0,0.28378378378378377
73539109.0,327500.0,0.12931034482758622
73539238.0,177450.0,0.0402920497566252
73540775.0,220000.0,0.0430622009569378
73541326.0,500500.0,0.33708609271523177
73544954.0,224450.0,0.0024444444444444444
73544996.0,199250.0,0.16979166666666667
73545100.0,329975.0,0.2696229318968834
73546515.0,272250.0,0.09219739913304435
73547394.0,312285.5,0.08057266435986159
73550640.0,197450.0,0.053066666666666665
73552966.0,227000.0,0.22702702702702704
73553146.0,440000.0,0.35384615384615387
73555101.0,300000.0,0.07142857142857142
73555820.0,444950.0,0.08789731051344743
73556515.0,219000.0,0.047411918225315354
73556831.0,312285.5,0.05368030303030303
73557311.0,182450.0,0.3032142857142857
73557386.0,308949.5,0.21156666666666665
73557892.0,367499.5,0.3616135605779918
73558585.0,219000.0,0.07944514501891552
73560654.0,230000.0,0.5343562374916611
73561485.0,213000.0,0.07391304347826087
73562236.0,192500.0,0.012314007183170857
73562529.0,774950.0,2.87475
73563542.0,264000.0,0.2
73563636.0,216900.0,0.6697459584295612
73563648.0,182500.0,0.3129496402877698
73564120.0,194500.0,0.1979381443298969
73564807.0,215000.0,0.19444444444444445
73565711.0,209500.0,0.09698275862068965
73566137.0,299950.0,0.22892030848329048
73566687.0,213000.0,0.065
73566827.0,307000.0,0.228
73567107.0,173750.0,0.27573989162150897
73568161.0,292500.0,0.06363636363636363
73568442.0,203500.0,0.02518891687657431
73569861.0,187450.0,0.0082010582010582
73571442.0,209999.5,0.18643785310734462
73571887.0,196750.0,0.01625
73572067.0,187450.0,0.07114285714285715
73572107.0,192000.0,0.47692307692307695
73572200.0,332475.0,0.0725
73573494.0,201950.0,0.01025512756378189
73573807.0,302450.0,0.008166666666666666
73576658.0,182500.0,0.3045032165832738
73577319.0,322500.0,0.2573099415204678
73577611.0,299950.0,0.1998
73578073.0,0.0,1.0
73578543.0,375000.0,0.15730337078651685
73578758.0,292500.0,0.07142857142857142
73579513.0,102500.0,0.5769230769230769
73579646.0,304950.0,0.01629032258064516
73580059.0,99950.0,0.048095238095238094
73583295.0,102500.0,0.14583333333333334
73583515.0,188250.0,2.765
73584886.0,180000.0,0.5138772077375946
73586188.0,196900.0,0.06432432432432432
73587035.0,175000.0,0.20454545454545456
73587049.0,180000.0,0.0005558643690939411
73588489.0,687000.0,0.18652849740932642
73588797.0,185000.0,0.3148148148148148
73589178.0,209000.0,0.07111111111111111
73589237.0,1419999.5,5.187361655773421
73589816.0,222450.0,0.028602620087336245
73589952.0,212500.0,0.11421425593997499
73591216.0,357000.0,0.4892703862660944
73591322.0,192499.5,0.10465348837209303
73591542.0,208000.0,0.06666666666666667
73592225.0,676500.0,0.03357142857142857
73592534.0,317500.0,0.3314381975152664
73593132.0,181500.0,0.17096774193548386
73594581.0,690000.0,2.066666666666667
73595492.0,318950.0,0.15981818181818183
73595966.0,220000.0,0.3758599124452783
73596090.0,334500.0,1.260135135135135
73596114.0,160000.0,0.10344827586206896
73596187.0,157500.0,0.05
73596906.0,115000.0,0.21052631578947367
73599275.0,185000.0,0.37037037037037035
73599683.0,350000.0,0.125
73599903.0,190000.0,1.2352941176470589
73600328.0,212400.0,0.034106412005457026
73600358.0,307500.0,0.020700636942675158
73600969.0,327475.0,0.2722777777777778
73601451.0,345000.0,0.04561297166237309
73601803.0,357000.0,0.20666666666666667
73601853.0,271950.0,0.16579754601226993
73602103.0,339900.0,0.19263157894736843
73602361.0,270000.0,0.2894736842105263
73602378.0,332475.0,0.1134
73602816.0,172000.0,0.10967741935483871
73602980.0,594950.0,0.3382091212458287
73604172.0,182400.0,0.04228571428571429
73604696.0,190000.0,1.1111111111111112
73607751.0,328000.0,0.21933085501858737
73607804.0,205000.0,0.08888888888888889
73608506.0,321450.0,0.12789473684210526
73608784.0,177400.0,0.10809451985922575
73608883.0,872500.0,1.7786624203821657
73609401.0,198500.0,0.12146892655367232
73609770.0,167450.0,0.06920511395219567
73610208.0,182400.0,0.057391304347826085
73610366.0,182400.0,0.21681120747164775
73612799.0,197450.0,0.0672972972972973
73613173.0,188250.0,0.56875
73614049.0,336425.0,0.12160360060010002
73614499.0,214950.0,0.04853658536585366
73615031.0,85000.0,0.22727272727272727
73617451.0,302500.0,0.1956521739130435
73617910.0,176000.0,0.26666666666666666
73619429.0,315000.0,0.27586206896551724
73619486.0,333000.0,0.23448275862068965
73619703.0,299950.0,0.4324503311258278
73620161.0,187000.0,0.13023255813953488
73621977.0,199250.0,0.186734693877551
73623432.0,367499.5,0.08102150537634409
73626854.0,99950.0,65.8561872909699
73629081.0,389950.0,0.3390677966101695
73629376.0,325500.0,0.16666666666666666
73631221.0,306250.0,0.05060034305317324
73632322.0,542000.0,0.30244530244530243
73632658.0,290000.0,0.03333333333333333
73633399.0,297285.5,0.44432616822429905
73633808.0,315000.0,0.05351170568561873
73634782.0,427000.0,0.1894150417827298
73639555.0,337450.0,0.0075
73639758.0,192450.0,0.04027027027027027
73641292.0,272250.0,5.05
73641300.0,105000.0,0.05105105105105105
73641372.0,102500.0,0.20588235294117646
73643152.0,203500.0,0.02631578947368421
73643784.0,222450.0,0.073125
73643956.0,335313.0,0.15625172413793104
73644705.0,330000.0,0.2235294117647059
73644947.0,197250.0,0.21068427370948378
73647622.0,199400.0,0.023088763468445357
73648894.0,186250.0,0.28365384615384615
73649930.0,212500.0,0.011904761904761904
73650815.0,182450.0,0.17709677419354838
73650917.0,309450.0,0.34543478260869565
73651119.0,624750.0,1.8410641200545703
73652397.0,380000.0,0.1262359163025983
73652733.0,219000.0,0.004545454545454545
73653429.0,329975.0,0.015
73653821.0,321500.0,0.286
73655895.0,189900.0,0.0005263157894736842
73657239.0,208000.0,0.5817490494296578
73657852.0,343000.0,0.1437145715238413
73658133.0,186950.0,0.09903614457831325
73658867.0,344900.0,0.2774074074074074
73660995.0,204500.0,0.12978723404255318
73661342.0,192500.0,0.07004830917874397
73661623.0,197250.0,0.16063829787234044
73661947.0,224500.0,0.03935185185185185
73663058.0,356250.0,0.04974659909309149
73663324.0,342450.0,0.29391752577319585
73664235.0,136500.0,0.23098591549295774
73665997.0,99950.0,0.1670763923032692
73666453.0,121750.0,0.2175
73666589.0,220000.0,0.15850447604002108
73667270.0,205000.0,0.05128205128205128
73667281.0,169500.0,0.41367806505421184
73667306.0,322950.0,0.27900990099009904
79502378.0,399000.0,0.13260869565217392
79505310.0,782500.0,0.7882273342354533
79506803.0,522500.0,0.11170212765957446
79510192.0,187500.0,0.013513513513513514
79512277.0,437000.0,0.004597701149425287
79532476.0,444500.0,0.3934169278996865
79569694.0,872000.0,0.08210526315789474
79596598.0,295000.0,0.4537037037037037
79624264.0,319500.0,0.014285714285714285
79673684.0,341500.0,0.1857638888888889
79698194.0,104950.0,0.41368715083798885
79709091.0,366950.0,0.475035765379113
79710299.0,426500.0,0.015476190476190477
79711264.0,410000.0,0.0379746835443038
79712196.0,746000.0,0.11715976331360947
79712610.0,395000.0,0.2533081285444234
79717137.0,820000.0,0.17587939698492464
79718006.0,609000.0,0.23779724655819776
79719143.0,810000.0,0.18592964824120603
79726592.0,452000.0,0.15514018691588785
79728687.0,611444.0,0.020774624373956593
79729471.0,322450.0,0.03746268656716418
79730027.0,348500.0,0.05606060606060606
79734592.0,414950.0,0.012023809523809523
79735424.0,383500.0,0.21746031746031746
79735567.0,595000.0,0.16783216783216784
79738151.0,319000.0,0.07046979865771812
79739202.0,339000.0,0.03142857142857143
79742492.0,194499.5,0.21887751004016065
79742734.0,445000.0,0.5892857142857143
79742734.0,442500.0,0.5803571428571429
79795945.0,741000.0,0.05
79796482.0,727000.0,0.5305263157894737
79797013.0,615000.0,174.71428571428572
79797515.0,409500.0,0.06719817767653759
79797895.0,827500.0,0.054285714285714284
79801422.0,407250.0,0.23160377358490566
79801441.0,435000.0,0.09022556390977443
79802584.0,582500.0,0.3226744186046512
79804066.0,1824000.0,0.14071294559099437
79805623.0,875000.0,0.07702758579951563
79843473.0,570000.0,0.26640926640926643
79856887.0,764500.0,0.24308943089430896
79859547.0,410450.0,0.2107669616519174
79859811.0,637750.0,0.3149484536082474
79859944.0,383750.0,0.1455223880597015
79870284.0,317400.0,0.2946666666666667
79871262.0,404950.0,0.012375
79871809.0,643500.0,0.21042847905334852
79872099.0,509439.0,0.11964615384615385
79874186.0,407500.0,0.11796536796536797
79874605.0,415000.0,0.0375
79874761.0,1725000.0,0.5208333333333334
79874798.0,407400.0,0.13166666666666665
79875330.0,374000.0,0.03888888888888889
79875787.0,470000.0,0.20512820512820512
79880281.0,101400.0,47.285714285714285
79881409.0,626999.0,0.035386153846153845
79882084.0,384000.0,0.00392156862745098
79882757.0,1547000.0,0.6083544303797468
79973853.0,329000.0,0.22588235294117648
79979136.0,137300.0,0.6651219512195122
79981333.0,1349475.0,0.3562562814070352
79981339.0,387000.0,0.005194805194805195
79981367.0,615000.0,0.33513513513513515
79990882.0,529950.0,0.3367334167709637
79993313.0,383500.0,0.11839080459770115
80004278.0,2947500.0,0.0175
80004699.0,700000.0,0.025069637883008356
80004760.0,872500.0,0.24642857142857144
80006714.0,719000.0,0.44478764478764476
80008802.0,1972500.0,0.08255813953488372
80010784.0,1000000.0,0.005025125628140704
80011299.0,687000.0,0.172289156626506
80019439.0,334950.0,0.07355769230769231
80019790.0,324950.0,0.24412654105605955
80024598.0,469950.0,0.3286428571428571
80024624.0,354000.0,0.17674418604651163
80027320.0,339500.0,0.3057692307692308
80029416.0,322450.0,0.07845098599599885
80029834.0,377000.0,0.019194376858610435
80030903.0,349450.0,0.20541566057261124
80031193.0,340000.0,0.04647583871960603
80031284.0,214450.0,0.0815845824411135
80031446.0,352500.0,0.1969439728353141
80032524.0,214450.0,0.1064211008792033
80033985.0,284450.0,0.48738511443503335
80034048.0,1225000.0,0.11363636363636363
80035391.0,432450.0,0.3556426332288401
80035424.0,345000.0,0.23214285714285715
80040495.0,294500.0,0.07090909090909091
80058281.0,354999.5,0.3486247706422018
80097346.0,709500.0,0.2425569176882662
80098022.0,379900.0,0.10115942028985507
80098640.0,0.0,
80100287.0,381500.0,0.38727272727272727
80101695.0,499500.0,1.9399646851088876
80103834.0,375000.0,0.25418060200668896
80106112.0,377000.0,0.16
80107045.0,0.0,
80111727.0,549975.0,0.47370813397129186
80113222.0,555500.0,1.1324376199616122
80116735.0,374500.0,0.34229390681003585
80117620.0,383750.0,0.4481132075471698
80120171.0,491500.0,18.66
80140455.0,384000.0,0.14666666666666667
80140720.0,389950.0,0.13151447661469934
80141606.0,537000.0,0.07413793103448275
80142980.0,788000.0,0.1705263157894737
80143989.0,392000.0,0.11910112359550562
80145493.0,289450.0,0.3840178761438604
80145829.0,2199500.0,0.6292592592592593
80147048.0,377000.0,0.21294363256784968
80148008.0,405000.0,0.1
80149153.0,365950.0,0.16787371781607496
80152451.0,324950.0,0.3158947368421053
80153598.0,344950.0,0.16932203389830508
80153856.0,369900.0,0.19130434782608696
80155278.0,799950.0,0.2548235294117647
80156955.0,707500.0,0.010714285714285714
80156955.0,707500.0,0.010714285714285714
80158796.0,669950.0,0.08935136479896716
80159820.0,817500.0,0.06862745098039216
80160300.0,392450.0,0.04280487804878049
80161079.0,422950.0,0.12793814432989692
80161913.0,522500.0,0.17415730337078653
80162159.0,310000.0,0.4095238095238095
80163536.0,399450.0,0.24828125
80164975.0,407500.0,0.18336673346693386
80169486.0,105000.0,0.6378061400482925
80169486.0,331200.0,0.1424629182476716
80170674.0,399450.0,0.039783653846153844
80181376.0,320000.0,0.0847457627118644
80181524.0,309000.0,0.01904761904761905
80181738.0,285500.0,0.4561904761904762
80181966.0,297444.0,0.16212957746478873
80182114.0,314000.0,0.6252983293556086
80183091.0,317400.0,0.04065573770491803
80183576.0,654750.0,0.10042201751599583
80184123.0,319950.0,0.09872985557705796
80184552.0,415000.0,0.8043556711116135
80184565.0,339500.0,0.03
80184745.0,412445.0,0.9082436040044494
80184745.0,412445.0,0.8854319444444444
80186926.0,284900.0,0.4674766355140187
80187563.0,474999.5,0.07767087378640777
80187706.0,319950.0,0.09847844463229079
80211042.0,425000.0,0.4166666666666667
80212188.0,327495.0,0.19089090909090908
80231088.0,389000.0,0.11142857142857143
80232457.0,354950.0,0.187123745819398
80233522.0,397497.5,0.1103282122905028
80241295.0,0.0,
80259975.0,491500.0,0.24961832061068703
80268517.0,675450.0,0.09829268292682927
80321375.0,372000.0,0.018469656992084433
80379205.0,199500.0,0.14
80382634.0,319000.0,0.24923511414450458
80386254.0,856950.0,0.4451096121416526
80390564.0,174000.0,inf
80420894.0,407950.0,0.019875
80427418.0,372912.5,0.2229370702229631
80439937.0,481000.0,0.023622047244094488
80440630.0,421347.5,0.06346410313402978
80444000.0,489749.5,0.4886003039513678
80446098.0,355000.0,0.07792207792207792
80446098.0,355000.0,0.07792207792207792
80447327.0,523500.0,0.28765818478704586
80448188.0,874500.0,0.09449311639549436
80449188.0,322500.0,0.2973856209150327
80449506.0,362500.0,0.3016157989228007
80449850.0,476500.0,0.7078853046594982
80450812.0,372450.0,0.19015003261578603
80452066.0,460500.0,0.06105990783410138
80452492.0,392000.0,0.3521904104863746
80454095.0,439500.0,0.08518518518518518
80456317.0,349950.0,0.16650388834629448
80456379.0,477500.0,0.1872202884137245
80456700.0,647500.0,0.17247623358985967
80458014.0,374950.0,0.4703921568627451
80459694.0,367450.0,0.20119565217391305
80460466.0,362000.0,0.1492063492063492
80461459.0,355000.0,0.2909090909090909
80468630.0,802000.0,0.1473533619456366
80468630.0,699500.0,0.000715307582260372
80470925.0,787000.0,0.12428571428571429
80470994.0,815750.0,0.20851851851851852
80491763.0,329950.0,0.11847457627118645
80512005.0,312445.0,0.08077375698734922
80512700.0,382495.0,0.45279685264663805
80513948.0,302000.0,0.09850746268656717
80515282.0,384950.0,0.026533333333333332
80516036.0,255000.0,0.0625
80516709.0,329000.0,0.13448275862068965
80521285.0,358950.0,0.02557142857142857
80522471.0,372500.0,0.1532166401454876
80525381.0,387445.0,0.10766297107374223
80525445.0,229950.0,0.7665482233502539
80527112.0,2875000.0,0.481981981981982
80527142.0,384500.0,0.2605769230769231
80527491.0,420000.0,0.09090909090909091
80529311.0,312499.5,0.14468681318681317
80531915.0,8000000.0,0.3852813852813853
80534168.0,545000.0,0.27333236444315256
80534988.0,322499.0,0.023806349206349206
80535225.0,327450.0,0.28411764705882353
80537244.0,225000.0,0.8333333333333334
80539832.0,333950.0,0.3358
80542571.0,353950.0,0.31092592592592594
80543728.0,217500.0,0.07673267326732673
80543738.0,399450.0,0.09009111617312072
80546753.0,367450.0,0.1306153846153846
80547341.0,419450.0,0.13515463917525772
80549903.0,402000.0,0.5461538461538461
80558570.0,342450.0,0.24527272727272728
80564453.0,365000.0,0.1411764705882353
80568173.0,342450.0,0.04088145896656535
80569245.0,344950.0,0.18835294117647058
80572231.0,154950.0,0.35437230988462454
80575972.0,322450.0,0.3738834951456311
80576355.0,225000.0,0.0273972602739726
80577714.0,235450.0,0.014853556485355648
80580315.0,387445.0,0.22495499099819963
80584477.0,329999.0,0.08196393442622951
80584709.0,412400.0,0.1616901408450704
80587922.0,497393.0,0.3443054054054054
80590677.0,754999.5,0.1986021590728687
80619971.0,202444.0,0.1529539748953975
80620022.0,199500.0,0.15106382978723404
80620537.0,1034000.0,0.1514476614699332
80620635.0,314500.0,0.06610169491525424
80623684.0,193000.0,0.20901639344262296
80738716.0,363500.0,0.5020547945205479
80749786.0,782500.0,0.04472630173564753
80754763.0,622500.0,0.2070063694267516
80812875.0,317450.0,0.175745095352205
80813470.0,347500.0,0.05334949984843892
80815718.0,294000.0,0.25569620253164554
80817305.0,224950.0,0.8636666666666667
80822274.0,650000.0,0.1443661971830986
80826994.0,342500.0,0.02142857142857143
80827122.0,381500.0,0.059722222222222225
80827201.0,119950.0,0.04039232313858511
80827769.0,184500.0,0.9290384615384616
80830072.0,1122500.0,0.11960784313725491
80831824.0,193450.0,0.5172549019607843
80831923.0,497500.0,0.39355742296918766
80836308.0,579330.0,0.9311
80838699.0,372500.0,0.2074468085106383
80848939.0,425000.0,0.22727272727272727
80849217.0,492500.0,0.6837606837606838
80850213.0,197500.0,0.01282051282051282
80851288.0,294450.0,0.015217391304347827
80851856.0,349750.0,0.07615384615384616
80852259.0,299450.0,0.23198255963067455
80852891.0,169999.5,0.9499927930578026
80854150.0,1842500.0,0.3646551724137931
80855519.0,342500.0,0.04861111111111111
80857969.0,342450.0,0.02017167381974249
80893306.0,462444.0,0.20254526642524573
80902131.0,377450.0,0.17953125
80913441.0,344000.0,0.1291139240506329
80941147.0,267500.0,0.3051948051948052
80941480.0,302500.0,0.4182692307692308
80943628.0,359850.0,0.100375
80943759.0,333950.0,0.11316666666666667
80944305.0,277500.0,0.00909090909090909
80946256.0,294500.0,0.05
80948032.0,324500.0,0.2623323482609684
80949295.0,337500.0,0.20535714285714285
80949907.0,310000.0,0.2345679012345679
80950372.0,195000.0,0.15217391304347827
80951101.0,328925.0,0.22605882352941176
80951430.0,425500.0,0.29083333333333333
80951430.0,644000.0,0.07333333333333333
80953335.0,332500.0,0.08904109589041095
81069915.0,472950.0,0.14008934561699202
81082599.0,651384.5,0.013053787878787878
81322589.0,495000.0,0.07476635514018691
81336980.0,212450.0,0.07630434782608696
81349445.0,365000.0,0.5565031982942431
81377921.0,379500.0,0.17320261437908496
81799690.0,196500.0,0.228125
81814134.0,171000.0,0.022857142857142857
81814874.0,582500.0,0.45625
81819286.0,432500.0,0.08947368421052632
81823460.0,226950.0,0.16384615384615384
81825174.0,142500.0,0.7723880597014925
81825174.0,150000.0,0.875
81825801.0,206250.0,0.1749834996699934
81826840.0,220000.0,0.13989637305699482
81826937.0,347499.0,0.13103525881470368
81827260.0,205000.0,0.28125
81827323.0,204950.0,0.02475
81827946.0,209737.0,0.23374705882352942
81828068.0,200894.0,0.10674077367718986
81829339.0,213750.0,0.06928464232116058
81829626.0,205000.0,0.14547728220091705
81831721.0,204000.0,0.11303962191139962
81831776.0,364000.0,0.2907801418439716
81832745.0,200894.0,0.14513191489361701
81833321.0,365000.0,0.36704119850187267
81858051.0,535000.0,0.16731517509727625
81858759.0,470500.0,0.017745302713987474
81945147.0,406500.0,0.1136986301369863
81949573.0,410250.0,0.1556338028169014
81954378.0,385000.0,0.0158311345646438
81956500.0,454500.0,0.06941176470588235
81956564.0,699000.0,0.21565217391304348
81959971.0,392000.0,0.37543859649122807
81961844.0,402450.0,0.14985714285714286
81962764.0,2512000.0,0.1418700850038638
81962862.0,1974500.0,0.012564102564102564
81965419.0,477000.0,0.046
81970003.0,398500.0,0.06266666666666666
81973745.0,374500.0,0.4451851851851852
81981291.0,322445.0,0.32102547904822065
81982323.0,355500.0,0.289
81982623.0,387500.0,0.05683339418279177
81982895.0,419999.5,0.490909696969697
81988137.0,482499.5,0.32986180555555555
81989934.0,402500.0,0.04166438491520218
82032534.0,92500.0,0.8715099319349909
82037324.0,354950.0,0.38258827622195163
82037458.0,374950.0,0.16492204899777282
82038453.0,700500.0,0.066
82039537.0,532000.0,0.3341677096370463
82040651.0,405000.0,0.06607001842590156
82047946.0,495000.0,0.21428571428571427
82051593.0,667500.0,0.25833333333333336
82054324.0,794950.0,0.528755879830307
82055046.0,183900.0,0.08495575221238938
82056712.0,329950.0,0.09983333333333333
82058002.0,212450.0,0.7832142857142858
82059468.0,410450.0,0.12452054794520548
82072329.0,377500.0,0.39814814814814814
82077683.0,406550.0,0.3224166666666667
82078102.0,184950.0,0.1397674418604651
82085570.0,440500.0,0.13627450980392156
82088578.0,309000.0,0.20565552699228792
82091165.0,417500.0,0.056962025316455694
82093611.0,565000.0,0.7372093023255814
82094486.0,617000.0,0.0843585237258348
82094656.0,397000.0,0.22153846153846155
82096546.0,178750.0,0.28471388555422167
82097162.0,424900.0,0.055567903978661924
82097779.0,409950.0,0.03784810126582278
82099159.0,344500.0,0.3902654867256637
82105173.0,429500.0,0.0475609756097561
82105407.0,195000.0,0.21968787515006002
82107665.0,303750.0,0.436456400742115
82179362.0,73500.0,0.02
82230946.0,302250.0,0.6637931034482759
82231248.0,347500.0,0.2893660531697341
82235329.0,847500.0,0.0156794425087108
82242781.0,575000.0,0.29878048780487804
82255863.0,347450.0,0.2639141506002183
82308749.0,620750.0,0.20923566878980893
82319067.0,79900.0,0.9975
82322894.0,334500.0,0.07938044530493708
82328779.0,301000.0,0.2746987951807229
82330769.0,184700.0,0.12007277137659188
82362288.0,449500.0,0.26910569105691057
82366365.0,406995.0,0.320542570951586
82390366.0,1203000.0,0.017959183673469388
82410371.0,385450.0,0.07120481927710844
82413949.0,540250.0,0.2937908496732026
82414126.0,620000.0,0.7714285714285715
82418559.0,716000.0,0.03918722786647315
82532288.0,702997.0,0.1910276179516686
82532984.0,220000.0,0.12
82535630.0,566167.5,0.5278002502085071
82535839.0,331950.0,0.4969692377632975
82540496.0,647000.0,0.7977492966552048
82547344.0,540000.0,0.14960629921259844
82547633.0,319000.0,0.19240506329113924
82582439.0,672500.0,0.25194660734149055
82616180.0,324999.5,0.1547477243172952
82617805.0,369945.0,0.4394747081712062
82617973.0,339700.0,0.1137704918032787
82619019.0,487500.0,0.08357412758390753
82619915.0,397000.0,0.284789644012945
82621722.0,345000.0,0.13151853066579205
82621766.0,402000.0,0.19583916783356672
82625504.0,317250.0,0.061036789297658864
82629652.0,422000.0,0.12533333333333332
82630209.0,347000.0,0.2202247191011236
82632538.0,440400.0,0.14389610389610388
82697724.0,662499.5,0.11654953993865849
82697724.0,662499.5,0.11654953993865849
82699831.0,395450.0,0.10125
82700585.0,322450.0,0.3738834951456311
82702314.0,324850.0,0.392803738317757
82746220.0,427992.5,0.01610919540229885
82749594.0,237450.0,0.4882543103448276
82773312.0,352500.0,0.16051440819242677
82775824.0,815000.0,0.0
82779054.0,360000.0,0.0769207100531027
82781028.0,336000.0,0.13178294573643412
82784979.0,422400.0,0.18985915492957747
82785643.0,1932500.0,0.28833333333333333
82786354.0,577500.0,0.7054062115176196
82786605.0,204500.0,0.07632145432344381
82791324.0,637000.0,0.003129890453834116
82799531.0,2710750.0,0.2986416558861578
82800117.0,435000.0,0.18691588785046728
82802223.0,294700.0,0.06444444444444444
82802233.0,379000.0,0.3182608695652174
82823728.0,1197500.0,0.060784313725490195
82827612.0,404000.0,0.07126436781609195
82830081.0,430950.0,0.08007518796992481
82830419.0,397000.0,0.14623655913978495
82830878.0,297444.0,0.22842023346303503
82869177.0,977500.0,0.218
82869235.0,479250.0,0.07214765100671142
82876250.0,874000.0,0.2894308943089431
82876250.0,843500.0,0.31422764227642275
82878129.0,1897500.0,0.1430722891566265
82878172.0,493500.0,0.02277227722772277
82878298.0,789500.0,0.1592119275825346
82880209.0,630000.0,0.18075422626788037
82880752.0,707000.0,0.46641509433962264
82883705.0,777000.0,0.3243478260869565
82930663.0,1560000.0,5.527196652719665
82938306.0,1949500.0,0.3879120879120879
82940221.0,924500.0,2.6994797919167666
82979503.0,540000.0,0.36470588235294116
82980814.0,382495.0,0.10001176470588236
82980873.0,185000.0,0.48
82981839.0,735000.0,0.3436928702010969
82982173.0,333450.0,0.1115
82982323.0,422450.0,0.24278544542032623
82983059.0,402992.5,0.05842873831775701
82983275.0,332450.0,0.016666666666666666
82983716.0,330000.0,0.0008492053863884508
82984518.0,351950.0,0.3481200222263382
82985250.0,431500.0,0.2880597014925373
82985946.0,286750.0,1.730952380952381
82987337.0,560450.0,0.7801294625343271
82989987.0,345000.0,0.045454545454545456
82990506.0,313500.0,0.10402972277793655
82991356.0,344950.0,0.029701492537313433
82993441.0,327360.0,0.08218181818181818
82995512.0,208999.5,0.019509756097560976
82996917.0,198950.0,0.13685714285714284
82997087.0,589499.5,0.12015
82997470.0,208500.0,0.09347826086956522
82997843.0,185000.0,0.08823529411764706
82998205.0,216950.0,0.08529264632316158
82998244.0,309000.0,0.176
82998486.0,167250.0,0.2363013698630137
82999595.0,442000.0,0.141747572815534
83000348.0,387750.0,0.12066797880918731
83001197.0,210750.0,0.13271604938271606
83004043.0,327450.0,0.09313970956434652
83030095.0,302444.0,0.20409473684210527
83030908.0,300000.0,0.0003734727631649149
83031060.0,719450.0,0.029256080114449214
83032741.0,734443.5,0.08006397058823529
83035631.0,340000.0,0.4847704197605698
83041257.0,184900.0,0.07085427135678392
83048914.0,597500.0,0.16433566433566432
83053174.0,774950.0,0.3477391304347826
83055140.0,397000.0,0.27155963302752295
83056670.0,150000.0,0.9142857142857143
83124554.0,376500.0,0.247
83124924.0,725000.0,0.02112676056338028
83124971.0,0.0,
83125278.0,1385000.0,0.3005916048455254
83231431.0,354500.0,0.32476190476190475
83232742.0,612000.0,0.8830769230769231
83350646.0,434000.0,0.3191489361702128
83370738.0,422450.0,0.21623376623376622
83373338.0,349000.0,0.1275
83379731.0,400000.0,0.375
83823510.0,373500.0,0.1
83825523.0,172499.5,0.17857380952380952
83829087.0,1330500.0,0.048963545389563976
83893344.0,1022450.0,0.0024878048780487805
83894293.0,288750.0,0.013157894736842105
83894294.0,314000.0,0.3444676409185804
83894714.0,192000.0,0.32413793103448274
83915018.0,4122000.0,0.7340645161290322
83915033.0,970000.0,0.3378839590443686
83915556.0,319950.0,0.44356521739130433
83917809.0,327400.0,0.022394744699910422
83917909.0,399736.5,0.15865652173913045
83920165.0,302444.0,0.0294213750850919
83920693.0,284900.0,0.4714285714285714
83938938.0,1995000.0,0.14
83958109.0,350000.0,0.3
83958109.0,354950.0,0.2901
83964521.0,667000.0,0.3898728901854553
83966710.0,415000.0,0.26548672566371684
83970160.0,822500.0,0.2653846153846154
83976257.0,372450.0,0.4325
83977069.0,227500.0,0.08996359854394176
83980798.0,322000.0,0.00625
83982266.0,299000.0,0.11538461538461539
83985327.0,371250.0,0.23455659951382746
83986138.0,297400.0,0.15028328652367579
83986980.0,672500.0,0.1798780487804878
83989225.0,380000.0,0.13636363636363635
83991684.0,322000.0,0.23893805309734514
83992193.0,354900.0,0.5535849056603773
83993655.0,347500.0,0.08311345646437995
83994913.0,190000.0,0.15555555555555556
83995866.0,172450.0,0.7532904148783978
83996753.0,464000.0,0.3022556390977444
83997137.0,172450.0,0.7383156297420334
84000822.0,322450.0,0.15160714285714286
84001807.0,189450.0,0.579
84002467.0,385000.0,0.26666666666666666
84006492.0,311250.0,0.221875
84008956.0,399450.0,0.2737272727272727
84010828.0,319900.0,0.084774499830451
84012843.0,380000.0,0.20634920634920634
84013041.0,419450.0,0.0512531328320802
84016675.0,313500.0,0.06417910447761194
84020671.0,599000.0,0.023931623931623933
84024793.0,419000.0,0.6431372549019608
84026097.0,1425000.0,0.29545454545454547
84026428.0,290000.0,0.14624505928853754
84028285.0,229043.5,0.06512475561124739
84028290.0,386000.0,0.0025974025974025974
84028544.0,222000.0,0.013333333333333334
84028917.0,369500.0,0.026350461133069828
84030139.0,226544.0,0.13272
84031106.0,712500.0,0.05555555555555555
84032300.0,662500.0,0.22058823529411764
84032372.0,199950.0,0.166875
84036455.0,312400.0,0.008067118425298484
84037182.0,699000.0,0.05412719891745602
84038634.0,1222500.0,0.11136363636363636
84038773.0,820000.0,0.672
84039891.0,220500.0,0.16666666666666666
84041104.0,340000.0,0.07936507936507936
84041131.0,229950.0,0.022454424188528235
84043941.0,359700.0,0.3069364161849711
84046931.0,359000.0,0.08820854804486208
84050189.0,399450.0,0.26026407896442527
84050228.0,219500.0,0.10408163265306122
84051426.0,194500.0,0.1787878787878788
84052466.0,451745.0,0.24076470588235294
84052582.0,232000.0,0.13170731707317074
84054262.0,172000.0,0.075
84057427.0,347500.0,0.12132946111648919
84057994.0,154450.0,0.26452380952380955
84058234.0,341950.0,0.08555555555555555
84059756.0,226950.0,0.810875
84061574.0,214950.0,0.018493150684931507
84064816.0,148500.0,0.3786610878661088
84075404.0,2185000.0,0.04585152838427948
84079751.0,364000.0,0.29865125240847784
84633131.0,401950.0,0.11683801055848847
84651244.0,294500.0,0.018333333333333333
84656755.0,194850.0,0.1809090909090909
84657410.0,194350.0,0.13622222222222222
84757836.0,717500.0,0.1196319018404908
84758538.0,339000.0,0.5539473684210526
87617523.0,337200.0,0.3223581268946153
87621133.0,595000.0,0.3736842105263158
87632749.0,194949.5,0.05378108108108108
87681422.0,205000.0,0.36666666666666664
87690044.0,495000.0,0.25316455696202533
87690104.0,329950.0,0.07835195530726256
87690887.0,162500.0,0.25761119842111035
87691017.0,199500.0,0.20909090909090908
87691597.0,402500.0,0.15263157894736842
87692821.0,339700.0,0.029393939393939392
87695127.0,205000.0,0.18497109826589594
87696961.0,129950.0,0.1878125
87698650.0,337138.5,0.11162450592885376
87703834.0,294000.0,0.16
87703838.0,184500.0,0.0385617509119333
87705607.0,137250.0,0.40065502183406115
87707135.0,357450.0,0.30592233009708736
87707345.0,490000.0,0.18196994991652754
87707782.0,177500.0,0.2279251848629839
87707869.0,308750.0,0.06465517241379311
87709638.0,209443.5,0.08897999130056547
87710732.0,199000.0,0.4368231046931408
87710945.0,294000.0,0.10909090909090909
87712513.0,408500.0,0.11917808219178082
87712879.0,337450.0,0.20949820788530465
87719250.0,374950.0,0.16492204899777282
87719735.0,183450.0,0.21936170212765957
87719903.0,182499.5,0.16284633027522935
87720078.0,440000.0,0.06382978723404255
87720340.0,337200.0,0.29742208541746823
87723754.0,400000.0,0.15942028985507245
87723795.0,402500.0,0.041666666666666664
87723801.0,357250.0,0.37761324041811845
87724580.0,392500.0,0.3101933216168717
87724850.0,372500.0,0.421583850931677
87725437.0,495000.0,0.2073170731707317
87727178.0,197000.0,0.3586206896551724
87744503.0,444500.0,0.0011235955056179776
87744850.0,389450.0,0.07273809523809524
87745202.0,347400.0,0.38502389803505044
87747667.0,347449.5,0.02099323753169907
87747893.0,498750.0,0.05
87763817.0,831999.5,2.6977755555555554
87764124.0,311250.0,0.245
87765449.0,319999.5,0.21951341463414634
87765564.0,574475.0,0.8897203947368421
87766384.0,645000.0,0.10256410256410256
87791250.0,426944.0,0.5726286286286286
87793340.0,162500.0,0.2777777777777778
87793358.0,752500.0,0.25416666666666665
87793379.0,195004.0,0.13331555555555555
87793548.0,162500.0,0.2777777777777778
87794231.0,680000.0,0.1656441717791411
87797948.0,224000.0,0.06276150627615062
87798100.0,285000.0,0.26904334444729416
87798419.0,390000.0,0.56
87800793.0,359450.0,0.1411111111111111
87801352.0,724500.0,0.1704361873990307
87887070.0,330000.0,0.37142857142857144
87887176.0,558000.0,0.36228571428571427
87887214.0,449450.0,0.2864740434989681
87890467.0,310450.0,0.7000483091787439
87938827.0,352000.0,0.17176470588235293
87938947.0,575000.0,0.13533834586466165
87943358.0,365950.0,0.031135531135531136
87945763.0,629750.0,0.09521739130434782
87996136.0,329450.0,0.40045495905368517
88014940.0,380000.0,0.021505376344086023
88062930.0,432500.0,0.005813953488372093
88063214.0,312450.0,0.1668
88072084.0,82450.0,2.298
88077820.0,79950.0,0.19242424242424241
88078681.0,80000.0,1.2857142857142858
88080411.0,152000.0,0.2930232558139535
88081768.0,74950.0,0.11823529411764706
88086600.0,108250.0,0.7459677419354839
88087259.0,158450.0,0.2676
88090723.0,69900.0,0.0014285714285714286
88092392.0,92000.0,0.42464040025015637
88093197.0,146000.0,1.1470588235294117
88096131.0,34750.0,0.12096774193548387
88100894.0,67450.0,0.43744787322768974
88104979.0,180000.0,0.33432171979243885
88105518.0,84900.0,0.001176470588235294
88106560.0,84450.0,0.14696969696969697
88112073.0,82450.0,0.09933333333333333
88113510.0,65000.0,0.7105263157894737
88113811.0,249000.0,1.2232142857142858
88115937.0,84950.0,0.29149291075896583
88117434.0,343750.0,37.156288156288156
88118186.0,77400.0,0.08833922261484099
88118293.0,33000.0,0.043478260869565216
88118850.0,297152.0,0.17358609794628752
88119035.0,94950.0,0.055
88121552.0,232450.0,0.3282857142857143
88123130.0,416000.0,0.009523809523809525
88123866.0,62500.0,0.20192307692307693
88124088.0,194950.0,0.34448275862068967
88131351.0,174250.0,0.0890625
88133507.0,92500.0,0.1590909090909091
88140834.0,69950.0,0.41659716430358634
88145408.0,133950.0,0.21159505591524427
88145416.0,34750.0,0.9041095890410958
88145523.0,357500.0,0.32899628252788105
88146381.0,82450.0,0.2400921658986175
88147058.0,417000.0,0.5450166728417932
88149462.0,206250.0,1.4264705882352942
88153060.0,173500.0,1.5514705882352942
88153170.0,77450.0,0.08775029446407538
88155503.0,141950.0,0.12658730158730158
88156029.0,269450.0,2.849285714285714
88158190.0,159500.0,0.25098039215686274
88160286.0,102000.0,0.13333333333333333
88161861.0,244950.0,2.061875
88162892.0,181900.0,5.996153846153846
88166953.0,89950.0,0.21782608695652175
88169212.0,53500.0,0.2357142857142857
88171432.0,176950.0,0.056266666666666666
88173423.0,82450.0,0.16717171717171717
88175151.0,172000.0,0.25217391304347825
88176329.0,199637.5,0.5971
88181549.0,102450.0,1.5676691729323309
88182841.0,99000.0,0.29285714285714287
88183854.0,190000.0,1.9230769230769231
88184065.0,177450.0,0.22379310344827585
88184318.0,122450.0,0.530625
88187038.0,697450.0,67.37745098039215
88187647.0,170000.0,0.005917159763313609
88187965.0,89350.0,0.1310126582278481
88190644.0,102450.0,0.3165443629086057
88195589.0,97400.0,2.370242214532872
88196494.0,67450.0,0.38681818181818184
88200129.0,190550.0,2.8186372745490984
88202435.0,242250.0,2.3184931506849313
88203767.0,133950.0,0.1622889305816135
88204657.0,53500.0,0.40555555555555556
88206040.0,172000.0,1.3243243243243243
88210710.0,1603750.0,0.6619170984455959
88211753.0,89450.0,0.2844
88224409.0,142500.0,0.4060025010421009
88225651.0,77450.0,1.6706896551724137
88225726.0,206250.0,2.4375
88226962.0,72450.0,0.2755
88228464.0,100250.0,0.08863636363636364
88229687.0,144999.5,1.7884519230769231
88231633.0,146950.0,0.09746079163554892
88234117.0,197400.0,0.20722891566265061
88242456.0,194950.0,0.08910614525139665
88245478.0,162750.0,1.959090909090909
88248072.0,103750.0,0.007281553398058253
88251629.0,84450.0,0.14696969696969697
88253807.0,104900.0,3.196
88257779.0,80000.0,0.7777777777777778
88260737.0,82450.0,0.03
88261807.0,168450.0,0.3058139534883721
88261807.0,168450.0,0.3058139534883721
88266833.0,197400.0,0.20722891566265061
88268411.0,98500.0,0.14347826086956522
88270580.0,92000.0,0.25203252032520324
88271553.0,82400.0,0.3402722177742194
88273002.0,74950.0,0.3482608695652174
88274653.0,77450.0,0.19153846153846155
88276044.0,169501.0,2.0818363636363637
88276227.0,338500.0,0.15162907268170425
88276376.0,94950.0,0.2676902536715621
88277395.0,139950.0,0.03482758620689655
88279152.0,98500.0,0.13215859030837004
88279802.0,89450.0,0.3154411764705882
88280639.0,74950.0,0.11823529411764706
88281164.0,85000.0,0.13333333333333333
88283975.0,84450.0,0.3238590872698158
88284529.0,94450.0,0.8927855711422845
88287138.0,295000.0,2.2814238042269186
88292672.0,171950.0,0.14709806537691794
88299125.0,87500.0,0.25
88302034.0,97400.0,0.6233333333333333
88303937.0,133950.0,0.2912698412698413
88304546.0,197500.0,0.5968565013268013
88304964.0,85000.0,0.9318181818181818
88305058.0,74950.0,0.15485362095531588
88305755.0,57500.0,0.5208333333333334
88306372.0,117500.0,0.09615384615384616
88307755.0,221000.0,0.1631578947368421
88310137.0,102500.0,0.2828535669586984
88310137.0,102500.0,0.2828535669586984
88311580.0,1725000.0,0.04113396331295164
88314184.0,102500.0,0.5769230769230769
88316394.0,85000.0,0.2608695652173913
88316630.0,142450.0,0.09661277906081601
88319185.0,139950.0,0.07736720554272518
88323565.0,98500.0,0.17916666666666667
88325297.0,77400.0,0.08941176470588236
88325532.0,67450.0,0.035050071530758224
88326381.0,77450.0,0.0888235294117647
88326381.0,85000.0,0.0
88329205.0,69950.0,0.4170833333333333
88330760.0,87450.0,0.7525050100200401
88333428.0,79450.0,0.790921052631579
88335306.0,85000.0,0.05555555555555555
88336925.0,69950.0,0.06608811748998665
88343937.0,74950.0,0.31863636363636366
88345432.0,190000.0,1.6027397260273972
88345803.0,69900.0,0.068
88346717.0,77450.0,2.8725
88349618.0,69900.0,0.7475
88350789.0,197400.0,0.14136581122227054
88352170.0,174950.0,0.24964285714285714
88352838.0,84950.0,0.29149291075896583
88353691.0,158500.0,0.268
88354297.0,337450.0,1.1770967741935483
88355847.0,293050.0,3.61496062992126
88356039.0,329000.0,0.1152542372881356
88363826.0,289450.0,3.8241666666666667
88366388.0,164450.0,0.03207769276044732
88366485.0,84950.0,0.06320400500625782
88367900.0,189450.0,0.2638425617078052
88368605.0,63500.0,4.291666666666667
88370721.0,89450.0,0.19266666666666668
88371180.0,134500.0,0.3883583447021373
88371725.0,97500.0,0.015151515151515152
88372040.0,154450.0,0.0346875
88376562.0,310000.0,0.05084745762711865
88378796.0,174250.0,0.32007575757575757
88378945.0,192250.0,0.04483695652173913
88380043.0,108250.0,0.09791666666666667
88381021.0,271000.0,0.07326732673267326
88381061.0,174250.0,0.3709677419354839
88381668.0,332000.0,4.734024179620034
88382688.0,77450.0,4.197986577181208
88388787.0,202500.0,3.05
88390483.0,137450.0,0.017512508934953538
88393618.0,164900.0,0.17785714285714285
88395116.0,148000.0,0.2
88395603.0,178750.0,0.6970338983050848
88397869.0,183250.0,0.11060606060606061
88402000.0,82400.0,0.176
88403475.0,262000.0,0.22941176470588234
88403730.0,102500.0,0.15168539325842698
88405348.0,92500.0,0.32331902718168815
88406515.0,66250.0,5.625
88406916.0,110950.0,0.008645533141210375
88410641.0,301500.0,2.9155844155844157
88414234.0,300000.0,0.24812030075187969
88416009.0,133950.0,0.23457142857142857
88416114.0,314500.0,0.26
88422524.0,53250.0,7.876479413235539
88422624.0,212250.0,0.2485294117647059
88422866.0,141950.0,0.12213438735177866
88424039.0,32750.0,0.40454545454545454
88426137.0,289450.0,0.3775268817204301
88429285.0,387000.0,0.4890342439399769
88430431.0,80000.0,0.335559265442404
88435637.0,133450.0,0.0676
88435673.0,87450.0,0.18175675675675676
88439641.0,32750.0,0.18125
88439702.0,79450.0,0.2777272727272727
88439826.0,87450.0,7.745
88441090.0,351450.0,0.17422420014433485
88441650.0,139950.0,0.06637758505670446
88446548.0,162750.0,1.959090909090909
88447592.0,190000.0,0.11764705882352941
88451820.0,82450.0,0.22871842843779233
88452215.0,85000.0,1.125
88458255.0,249000.0,0.24812030075187969
88461066.0,139950.0,0.00035714285714285714
88464777.0,85000.0,0.06382978723404255
88469567.0,282450.0,0.022664359861591696
88469860.0,271000.0,0.16810344827586207
88469888.0,97400.0,0.948
88471106.0,174000.0,0.08372827804107424
88478696.0,84450.0,0.05694618272841051
88479000.0,91000.0,0.031914893617021274
88485389.0,69900.0,0.4175
88488011.0,87450.0,1.2423076923076923
88491068.0,284950.0,3.5225133715301475
88491561.0,114950.0,0.11576923076923076
88494059.0,82400.0,0.3402722177742194
88495716.0,189450.0,0.19150943396226416
88505871.0,290500.0,0.015254237288135594
88510693.0,85000.0,0.2916666666666667
88514776.0,162750.0,1.7125
88515370.0,84450.0,0.060622914349276975
88518772.0,82400.0,0.176
88523349.0,174900.0,0.12110552763819095
88526588.0,84950.0,0.06320400500625782
88528837.0,159500.0,0.1392857142857143
88529836.0,89500.0,0.2217391304347826
88530348.0,52450.0,0.24964234620886983
88534090.0,111750.0,0.49198931909212285
88536255.0,312500.0,0.25
88540480.0,53250.0,2.55
88542720.0,92000.0,0.25142392188771356
88542915.0,84450.0,0.1101159114857745
88544140.0,89950.0,0.285
88549347.0,82450.0,0.08388888888888889
88553242.0,69900.0,0.1669449081803005
88554753.0,312000.0,1.9742612011439467
88555582.0,174900.0,0.17887323943661973
88560961.0,162450.0,0.07171428571428572
88563191.0,109949.5,1.7556265664160402
88565563.0,249000.0,1.075017291810765
88565987.0,87500.0,0.026696329254727477
88567837.0,143500.0,0.10469591993841416
88570091.0,141900.0,0.05895522388059701
88571063.0,96000.0,0.15789473684210525
88571883.0,152000.0,0.216
88572406.0,305000.0,0.19607843137254902
88575421.0,177450.0,0.4196
88575473.0,79900.0,0.10925306577480491
88578295.0,79900.0,0.30521739130434783
88583259.0,133000.0,0.31794871794871793
88583366.0,136000.0,0.09333333333333334
88583500.0,282500.0,0.058333333333333334
88583500.0,282500.0,0.058333333333333334
88583846.0,129450.0,0.25986277873070324
88584743.0,480000.0,1.0869565217391304
88587345.0,82450.0,0.9174418604651163
88587857.0,94450.0,0.07329545454545454
88587952.0,192500.0,0.16666666666666666
88591687.0,87000.0,7.7
88593091.0,77450.0,1.978846153846154
88599428.0,164450.0,0.03207769276044732
88602530.0,146950.0,0.148046875
88605388.0,137400.0,0.051759834368530024
88605679.0,162750.0,1.325
88606896.0,132000.0,0.20958083832335328
88608051.0,295000.0,0.1573165947430365
88608548.0,92500.0,0.028921023359288096
88612656.0,53250.0,2.55
88613626.0,82450.0,1.1141025641025641
88615569.0,117500.0,0.16071428571428573
88617510.0,77450.0,1.8163636363636364
88627037.0,164450.0,0.2525
88627596.0,367000.0,0.3643122676579926
88628102.0,82450.0,1.7575250836120402
88630725.0,62500.0,0.20192307692307693
88630774.0,347500.0,0.1986892031735081
88637345.0,188700.0,0.24489795918367346
88637414.0,167000.0,0.15172413793103448
88638170.0,183250.0,0.08431952662721894
88648411.0,407000.0,0.36577181208053694
88648736.0,69900.0,0.5533333333333333
88654138.0,158500.0,0.17407407407407408
88660657.0,136000.0,0.2648648648648649
88660814.0,181001.0,1.7633740458015268
88661457.0,297450.0,0.12245283018867925
88663282.0,140000.0,0.03780578206078577
88670210.0,92500.0,0.32331902718168815
88670917.0,89450.0,0.5422413793103448
88672429.0,77450.0,0.0888235294117647
88672848.0,181200.0,0.19466666666666665
88675986.0,34750.0,1.6730769230769231
88680528.0,92500.0,4.285714285714286
88681084.0,91950.0,0.31357142857142856
88683962.0,343995.0,0.014734513274336284
88684874.0,102500.0,0.8670309653916212
88687215.0,249500.0,1.4950249502495025
88687851.0,85000.0,0.3076923076923077
88690565.0,89950.0,0.4392
88691214.0,539894.0,0.3455830303030303
88691692.0,295000.0,0.11320754716981132
88693223.0,84450.0,0.6923847695390781
88693345.0,89450.0,0.1195244055068836
88693890.0,89950.0,0.05823529411764706
88694980.0,98500.0,1.8142857142857143
88697189.0,199800.0,2.769811320754717
88702974.0,82450.0,0.031914893617021274
88703441.0,84450.0,0.29033613445378154
88705211.0,183500.0,0.1540880503144654
88708329.0,84500.0,0.2917015926236379
88708445.0,84900.0,0.046067415730337076
88709181.0,108250.0,5.013888888888889
88710830.0,69950.0,0.3912097476066144
88712459.0,63500.0,3.2333333333333334
88713178.0,137400.0,0.4153191489361702
88717756.0,312000.0,2.50561797752809
88718264.0,168300.0,0.15639097744360902
88721550.0,84450.0,0.3238590872698158
88722664.0,141950.0,0.07537878787878788
88722713.0,84950.0,0.3484126984126984
88724624.0,98500.0,1.8142857142857143
88726723.0,61000.0,0.10909090909090909
88728224.0,69900.0,0.9971428571428571
88729049.0,89450.0,0.493322203672788
88729445.0,279450.0,0.3776169265033408
88730094.0,228450.0,0.5755172413793104
88733150.0,164450.0,0.0858810450250139
88735778.0,129450.0,0.05510948905109489
88735865.0,177450.0,0.4196
88744552.0,82450.0,0.30127118644067796
88746514.0,125000.0,0.03845414195493811
88753804.0,84950.0,0.01130952380952381
88754302.0,144950.0,0.16695402298850576
88754460.0,87450.0,0.09449311639549436
88766699.0,67450.0,0.68625
88768033.0,352000.0,0.2
88769347.0,159500.0,0.276
88769871.0,82400.0,0.03
88775048.0,103750.0,0.058673469387755105
88780118.0,109000.0,0.31832395247029394
88783021.0,579000.0,0.02689075630252101
88786497.0,5800000.0,0.6120401337792643
88788228.0,469499.5,0.13132409638554216
88798499.0,744950.0,0.14607692307692308
88800501.0,437000.0,0.4912689173457509
88803935.0,382000.0,0.2723809523809524
88814469.0,449900.0,0.1744954128440367
88817412.0,308750.0,0.1875
88819158.0,692500.0,0.23055555555555557
88822641.0,385950.0,0.007702349869451697
88823391.0,377000.0,0.02029769959404601
88827777.0,454990.0,0.4677096774193548
88837945.0,432499.5,0.31060454545454547
88867503.0,337450.0,0.10013333333333334
88906026.0,527250.0,0.2946488294314381
88907957.0,754950.0,0.050377358490566036
88922613.0,180250.0,0.035919540229885055
88923738.0,367500.0,0.2457627118644068
88968185.0,479925.0,0.2616538461538462
88971028.0,412500.0,0.21428571428571427
88989057.0,427500.0,0.14
89002239.0,314950.0,0.2741415072597373
89003314.0,368400.0,0.29828571428571427
89027223.0,1872000.0,0.15555555555555556
89027799.0,355500.0,0.03918918918918919
89029022.0,391000.0,0.18484848484848485
89066339.0,459949.5,0.03168526315789474
89066716.0,297500.0,0.66
89068109.0,732000.0,0.008130081300813009
89072997.0,693000.0,0.06944444444444445
89074448.0,604000.0,0.19359145527369825
89074671.0,715000.0,0.26666666666666666
89145315.0,700000.0,0.2992992992992993
89148412.0,501000.0,0.05473684210526316
89150967.0,394450.0,0.4939704939063502
89227561.0,440000.0,0.3836477987421384
89237897.0,1064500.0,0.19660377358490566
89329967.0,600000.0,0.10091743119266056
89335372.0,835000.0,0.4152542372881356
89335493.0,721500.0,0.06888888888888889
89365744.0,424500.0,0.2671641791044776
89370706.0,490000.0,0.3
89433712.0,339950.0,0.028714285714285713
89438370.0,712500.0,0.14091273018414732
89441664.0,612000.0,0.3161290322580645
89456906.0,439000.0,0.12024048096192384
89459168.0,1380500.0,0.29205128205128206
89546096.0,404750.0,0.11043956043956044
89547859.0,1347000.0,0.28285714285714286
89549660.0,380000.0,0.35714285714285715
89549834.0,645000.0,0.07679465776293823
89556951.0,299000.0,0.33407572383073497
89608050.0,337500.0,0.22727272727272727
89611780.0,167000.0,2.7111111111111112
89612079.0,687450.0,inf
89612701.0,372650.0,0.0022757697456492637
89612813.0,339500.0,0.031914893617021274
89612936.0,213000.0,0.2909090909090909
89613532.0,349450.0,0.29473879214523896
89614005.0,371700.0,0.003780718336483932
89617757.0,349950.0,0.12293233082706767
89635548.0,287450.0,0.10557692307692308
89636079.0,344450.0,0.23455555555555554
89638614.0,637450.0,0.20308788598574823
89639321.0,242000.0,0.12037037037037036
89641966.0,319999.0,3.125e-06
89642858.0,146000.0,0.3624454148471616
89644559.0,344725.0,0.0904353562005277
89645141.0,430000.0,0.5362629510539478
89669286.0,532495.0,0.08672448979591836
89675823.0,447499.5,0.19946422182468695
89695423.0,349500.0,0.0014285714285714286
89695678.0,417500.0,0.006024096385542169
89697396.0,350000.0,0.0002857959416976279
89699776.0,660000.0,0.12
89752327.0,575000.0,0.34285714285714286
89792337.0,744500.0,0.25126050420168067
89837945.0,232000.0,0.25405405405405407
89839251.0,328000.0,0.35673661502255344
89839529.0,415450.0,0.022470588235294117
89841346.0,318950.0,0.06672240802675586
89841372.0,644750.0,0.08361344537815125
89843134.0,727450.0,0.26513043478260867
89843203.0,406500.0,0.17146974063400577
89854592.0,347949.5,0.366212204007286
89854819.0,730000.0,0.1411764705882353
89859025.0,317497.5,0.24508823529411763
89893171.0,307500.0,0.33152173913043476
89895292.0,342500.0,0.22321428571428573
89895865.0,337200.0,0.21581212979565068
89897612.0,497500.0,0.4014084507042254
89900968.0,390000.0,0.300433477825942
89901409.0,379000.0,0.20317460317460317
89902751.0,739000.0,0.14069767441860465
89905113.0,358999.5,0.05619152691968226
89905506.0,369999.5,0.013697260273972603
89925875.0,302500.0,0.08333333333333333
89926288.0,79500.0,0.8894297635605007
89928490.0,299000.0,0.54
89934097.0,312400.0,0.17789473684210527
89935544.0,137250.0,0.06949152542372881
89937657.0,449950.0,0.27996479436709876
89950827.0,348950.0,0.030691751921533117
89953950.0,180450.0,0.2453416149068323
89959983.0,343000.0,0.046957488191164215
89963568.0,382450.0,0.32335640138408306
89967338.0,308750.0,0.2107843137254902
89971012.0,252750.0,0.008823529411764706
89971575.0,396000.0,0.2991150442477876
89976996.0,197000.0,0.015
90004577.0,349750.0,0.00042869391254644185
90005367.0,664950.0,0.1134
90006903.0,309749.5,0.042927609427609426
90007223.0,234500.0,0.0659090909090909
90008726.0,222450.0,0.3481818181818182
90008726.0,222450.0,0.3481818181818182
90008983.0,175000.0,0.23547400611620795
90009563.0,141500.0,0.3847826086956522
90009821.0,316950.0,0.1548
90197266.0,287499.5,0.25324805194805194
90197266.0,287499.5,0.25324805194805194
90197476.0,158500.0,0.009375
90197735.0,1895000.0,0.27000269655995995
90621103.0,646500.0,0.9590909090909091
91586261.0,478500.0,0.8618677042801557
91586301.0,224450.0,0.21324324324324323
91813518.0,349950.0,0.48155555555555557
92193324.0,504000.0,0.2
92202695.0,354500.0,0.38773747841105355
92202952.0,372500.0,0.367572156196944
92344085.0,1722000.0,0.11465295629820052
92344946.0,482000.0,0.20802005012531327
92345362.0,310250.0,0.3536458333333333
92346629.0,346000.0,0.01764705882352941
92347348.0,1100000.0,0.2114695340501792
92349193.0,349950.0,0.22789473684210526
92354600.0,222500.0,0.09846029173419774
92379929.0,377450.0,0.28783018867924526
92381788.0,397000.0,0.03655352480417755
92382269.0,1393110.0,0.10640795381654906
92425474.0,462000.0,0.013157894736842105
92428729.0,320000.0,0.2873051224944321
92435798.0,714950.0,0.02727891156462585
92436236.0,727450.0,0.03184397163120568
92436752.0,324500.0,0.34444444444444444
92437019.0,467000.0,0.6108333333333333
92437588.0,377950.0,0.2043157894736842
92437592.0,642000.0,0.08285714285714285
92437608.0,294500.0,0.4616087751371115
92437900.0,320000.0,0.654054054054054
92439408.0,315000.0,0.29213483146067415
92439806.0,1610000.0,0.4636363636363636
92439899.0,717500.0,0.010208304593737068
92440370.0,327750.0,0.5144444444444445
92440394.0,610000.0,0.5947712418300654
92441390.0,667000.0,0.12236842105263158
92442450.0,669000.0,0.16165413533834586
92444597.0,2772500.0,0.2981012658227848
92446184.0,696250.0,0.11867088607594936
92446989.0,486000.0,0.3423545331529093
92447369.0,730000.0,0.13178294573643412
92447515.0,1085000.0,0.05652173913043478
92447958.0,353000.0,0.1175
92447992.0,575000.0,0.014109347442680775
92448468.0,415750.0,0.08626373626373626
92448877.0,466000.0,0.21830065359477124
92448945.0,696250.0,0.22552836484983316
92449714.0,1572241.0,0.2577928
92464579.0,288625.0,0.5659774436090226
92465151.0,320000.0,0.058823529411764705
92465171.0,346450.0,0.23776348695962843
92465542.0,402500.0,0.3746584699453552
92466555.0,333750.0,0.17517605633802816
92553425.0,207450.0,0.03725
92565683.0,1393110.0,0.07126
92567713.0,525000.0,0.2498928418345478
92568479.0,386490.0,0.5608068181818182
92569806.0,1475000.0,0.10599992241897632
94638134.0,374000.0,0.065
94709705.0,682500.0,0.13939899833055092
94710386.0,645000.0,0.07500179166965278
94710509.0,498750.0,0.10099337748344371
94710888.0,239950.0,0.7949145299145299
94711070.0,486500.0,0.035106382978723406
94713686.0,1425000.0,0.09699769053117784
94715381.0,486500.0,0.15833333333333333
94721229.0,213250.0,0.8871693121693122
94721796.0,719000.0,0.44263565891472867
94883709.0,462000.0,0.11325301204819277
95077530.0,363000.0,0.022535211267605635
95082989.0,431124.5,0.09806589958158995
95083478.0,334000.0,0.5262404627524294
95096109.0,453000.0,0.2618384401114206
95100505.0,355000.0,0.2111111111111111
95102700.0,484450.0,0.06006564551422319
95114010.0,365000.0,0.0641025641025641
95124400.0,412500.0,0.04430379746835443
95135702.0,377500.0,0.16111111111111112
95137298.0,625000.0,0.34210526315789475
95138966.0,314450.0,0.3698396793587174
95145764.0,363499.5,0.12409759036144578
95162757.0,402500.0,0.10273972602739725
95171094.0,342500.0,0.005805515239477504
95174080.0,419999.5,0.5578952631578947
95182109.0,748450.0,0.026680384087791494
95195421.0,487000.0,0.33424657534246577
95199933.0,189950.0,0.20854166666666665
95200664.0,477400.0,0.7111111111111111
95201276.0,349950.0,0.04462686567164179
95201367.0,197000.0,0.08372093023255814
95201612.0,334995.0,0.29092485549132946
95201947.0,187450.0,0.14795454545454545
95203575.0,203000.0,0.35333333333333333
95288043.0,199500.0,0.05
95536063.0,685000.0,0.3284313725490196
95539502.0,1899499.5,0.3666223741247082
95543031.0,1495000.0,0.09338993329290479
95574714.0,1797500.0,0.43828125
95636714.0,632000.0,0.3917228103946102
95642813.0,847499.0,0.29316180150125104
95646039.0,7487500.0,0.10110294117647059
96096730.0,797250.0,0.0996551724137931
96110908.0,331500.0,0.05285714285714286
96491066.0,229950.0,0.8017672413793103
96491477.0,64375.0,0.5147058823529411
96491514.0,64375.0,0.8445558739255015
96492334.0,0.0,
96492888.0,407000.0,0.017512718908986362
96495082.0,88250.0,0.4708333333333333
96497820.0,419999.5,0.19230865384615384
96498955.0,397497.5,0.375423875432526
96499823.0,830000.0,0.11229946524064172
96501156.0,138499.0,0.3404809523809524
96503289.0,0.0,
96505060.0,0.0,
96509805.0,449500.0,0.06334653052719316
96511903.0,339500.0,0.1912322499377191
96512736.0,67500.0,0.038461538461538464
96513078.0,329000.0,0.06129374610885842
96513681.0,1475000.0,0.4326923076923077
96514266.0,69375.0,0.39028056112224446
96514977.0,680000.0,0.11688311688311688
96518002.0,389997.5,0.012664556962025316
96519013.0,179450.0,0.15774193548387097
96519467.0,0.0,
96520461.0,304450.0,0.6023684210526316
96520726.0,377500.0,0.45192866126408177
96522848.0,0.0,
96523235.0,0.0,
96524472.0,60375.0,0.28886925795053003
96525888.0,419999.5,0.19230865384615384
96526083.0,177450.0,0.1837891927951968
96526190.0,387500.0,0.3067978533094812
96527734.0,454000.0,0.22702702702702704
96527829.0,64375.0,0.6134085213032582
96527849.0,1400000.0,0.06666666666666667
96531574.0,72500.0,0.6111111111111112
96531954.0,382500.0,0.0625
96533066.0,352500.0,0.11852963240810202
96533517.0,309999.5,0.08772136042582605
96535793.0,334999.5,0.12077450652392105
96536265.0,449500.0,0.0824658093488467
96678578.0,767500.0,0.06116207951070336
96700837.0,232400.0,0.006837606837606838
97513544.0,451500.0,0.3892307692307692
97514440.0,2497500.0,0.14145338208409505
97514712.0,630000.0,0.5263157894736842
97519878.0,810000.0,0.17766497461928935
97597039.0,204950.0,1.2772222222222223
97597142.0,332250.0,0.041536050156739814
97603099.0,1874500.0,0.2270103092783505
97603925.0,312000.0,0.2553699284009546
97603999.0,164450.0,1.5496124031007752
97607861.0,172499.5,0.106220207253886
97612557.0,322900.0,0.38495238095238093
97613721.0,97250.0,0.02368421052631579
97614921.0,337495.0,0.1440508474576271
97615720.0,89950.0,0.9988888888888889
97616666.0,317388.0,0.2931224944320713
97621830.0,365000.0,0.14996849401386264
97623070.0,65000.0,0.4090909090909091
97626092.0,660625.0,0.26597140663489627
97628569.0,354445.0,0.30364440078585464
97630556.0,1287500.0,0.009615384615384616
97631551.0,204949.5,0.6846445607016464
97635269.0,212000.0,0.1516606642657063
97635775.0,238365.0,0.04615846338535414
97636463.0,75000.0,0.0
97636910.0,89950.0,0.5376068376068376
97639025.0,322900.0,0.402037037037037
97639413.0,322400.0,0.2896
97641259.0,117500.0,1.1402550091074681
97641466.0,204950.0,1.7326666666666666
97643028.0,234525.0,0.11678571428571428
97643263.0,202400.0,0.10044444444444445
97644250.0,637450.0,0.10860869565217392
97645833.0,219500.0,0.04565217391304348
97646056.0,75000.0,0.17647058823529413
97646443.0,352000.0,0.005714285714285714
97647642.0,389500.0,0.13425205601244722
97648450.0,97250.0,0.18958333333333333
97648638.0,390937.5,0.2467485549132948
97648638.0,390937.5,0.2467485549132948
97649055.0,399450.0,0.28542039355992843
97649524.0,75000.0,0.0
97654436.0,317450.0,0.0742198891805191
97662494.0,357000.0,0.06567164179104477
97663196.0,379992.5,0.08569285714285714
97663414.0,154500.0,0.9382
97665164.0,317500.0,0.02750809061488673
97670441.0,307445.0,0.3594895833333333
97670692.0,165000.0,0.175
97670886.0,324900.0,0.4585
97782284.0,662450.0,0.22064705882352942
97867653.0,379950.0,0.10772594752186589
97969146.0,339450.0,0.3578
97970259.0,404000.0,0.21553398058252426
97970380.0,1188447.5,0.3397513888888889
97974709.0,382450.0,0.18610342626090656
97976791.0,600937.5,0.045108695652173916
97985213.0,228500.0,0.0632852489530014
97985751.0,423500.0,0.20841121495327103
97986950.0,587497.5,0.2835396341463415
97987917.0,335500.0,0.3208502024291498
97991106.0,399500.0,0.14086021505376345
97991624.0,387450.0,0.11923164355535348
97994116.0,677000.0,0.18792770661519564
97996902.0,434000.0,0.17333333333333334
97998886.0,327000.0,0.1825
97999909.0,642450.0,0.08208315473639091
98000608.0,341000.0,0.20512820512820512
98004139.0,402000.0,0.042834353198885684
98007540.0,439712.5,0.003909817351598174
98008494.0,375500.0,0.249
98009220.0,359999.5,0.34545545454545457
98010542.0,2279995.0,0.5210106737825216
98010919.0,393500.0,0.016004001000250064
98011926.0,382000.0,0.06142506142506143
98015445.0,380000.0,0.02702702702702703
98019034.0,327200.0,0.008484848484848486
98020731.0,819500.0,0.3773109243697479
98020811.0,462400.0,0.056133904878546644
98024433.0,477699.5,0.12348715596330276
98302503.0,769900.0,0.3216740088105727
98326873.0,362500.0,0.3409090909090909
98342684.0,399492.5,0.3228228476821192
98358182.0,352499.5,0.25945483193277313
98360672.0,291750.0,0.08055555555555556
98365103.0,514499.5,0.33612967741935484
98376971.0,684500.0,0.10403225806451613
98567992.0,1213500.0,0.5332692307692307
99340668.0,512950.0,0.1590983606557377
99340791.0,324997.5,0.0156171875
99342524.0,402450.0,0.1849113924050633
99356706.0,487500.0,0.2777777777777778
99358009.0,435000.0,0.22535211267605634
99358247.0,197500.0,0.9007537688442211
99358542.0,306350.0,0.2871848739495798
99401934.0,365000.0,0.22483221476510068
99442071.0,848950.0,0.06786163522012578
99550658.0,1817000.0,0.26288032454361054
99604526.0,1875000.0,0.5306633291614519
99646797.0,205450.0,0.027763881940970486
99672959.0,354950.0,0.40841568069280115
99687608.0,390995.0,0.07121917808219178
99688375.0,439950.0,0.11379746835443039
99698525.0,347450.0,0.16256929380573631
99711137.0,368000.0,0.031576398885260225
99719076.0,427500.0,0.0058823529411764705
99735503.0,687500.0,0.15546218487394958
99741491.0,367500.0,0.022606382978723406
99741792.0,705495.0,0.02690344827586207
99764222.0,397230.0,0.08830136986301369
99764899.0,365000.0,0.12048192771084337
101217704.0,324450.0,0.05956521739130435
101244321.0,617500.0,0.012295081967213115
101259897.0,337500.0,0.15625
101270026.0,610000.0,0.35789473684210527
101271162.0,340000.0,0.22727272727272727
101281307.0,359950.0,0.06506493506493506
101319103.0,456492.5,0.3833106060606061
101320376.0,387500.0,0.2941712204007286
101322637.0,372500.0,0.19021739130434784
101345961.0,193900.0,0.13822222222222222
101346592.0,1337500.0,0.21091445427728614
101400598.0,410000.0,0.3225806451612903
101439406.0,65000.0,0.4444444444444444
101445371.0,369000.0,0.4387832699619772
101448548.0,427450.0,0.2992565512832072
101459915.0,634500.0,0.025040387722132473
101477822.0,510000.0,0.11304347826086956
101490507.0,1235000.0,0.4959183673469388
101503853.0,312499.5,0.166668
101520366.0,647000.0,0.26057142857142856
102240963.0,417450.0,0.3252380952380952
102242208.0,390500.0,0.05540540540540541
102286839.0,557500.0,0.7153846153846154
102322555.0,299995.0,0.558181148748159
102350423.0,344934.5,0.21030073789732595
102479967.0,194950.0,0.06722488038277512
102481937.0,152500.0,0.17567567567567569
102486965.0,295781.0,0.3277689267475608
102496406.0,224950.0,0.7727777777777778
102517146.0,1712000.0,0.3862348178137652
102525850.0,212499.5,0.06302901450725362
102530282.0,213499.0,0.11042083333333333
102671522.0,665000.0,0.445371142618849
102955857.0,473000.0,0.22838499184339314
102968694.0,319950.0,0.20735849056603772
102972273.0,802500.0,0.3375
102972460.0,794500.0,0.5312684365781711
102985362.0,223000.0,0.0823045267489712
102990393.0,444700.0,6.412902150358393
103770383.0,392000.0,0.42080463936208773
103909142.0,3499999.5,0.2987011131725417
104316549.0,420000.0,0.10526315789473684
104316564.0,366000.0,0.12857142857142856
104316744.0,412499.0,0.06250014204577738
105920360.0,236000.0,0.2791327913279133
108265465.0,355000.0,0.19317998449996476
108266687.0,222090.0,0.08336585365853659
108587297.0,1735000.0,0.5772727272727273
108597146.0,425000.0,0.18088357877188108
108598801.0,437000.0,0.45715238412804265
108600179.0,377000.0,0.0053386951397074115
108711375.0,544450.0,0.15840425531914892
108712318.0,357400.0,0.116875
108712775.0,439500.0,0.2380281690140845
108712775.0,439500.0,0.2380281690140845
108714372.0,367200.0,0.049442697913689625
108714761.0,322500.0,0.007692307692307693
108714761.0,322500.0,0.007692307692307693
108720359.0,394900.0,0.08141428239125378
108720682.0,596200.0,0.17194444444444446
108720933.0,200000.0,0.3333333333333333
108721800.0,412500.0,0.65
108723626.0,332500.0,0.2222222222222222
108724490.0,1250000.0,0.456498108613418
108724490.0,1250000.0,0.456498108613418
108732670.0,399900.0,0.036153289949385395
108735578.0,332400.0,0.40536672629695886
108736688.0,1655450.0,0.053487707261292164
108737854.0,395000.0,0.2153846153846154
108737884.0,409500.0,0.5082872928176796
108738429.0,1199500.0,0.19765886287625417
108739201.0,357450.0,0.15306451612903227
108744247.0,344750.0,0.21629915889974993
108744478.0,1200000.0,0.058823529411764705
108746381.0,349900.0,0.041107152644560156
108746490.0,382250.0,0.007142857142857143
108748554.0,562000.0,0.1008
108760417.0,732500.0,0.04792560801144492
108760717.0,425000.0,0.0
108763695.0,315000.0,0.006309148264984227
108767623.0,725000.0,0.14173228346456693
108767717.0,442900.0,0.49382857142857145
108768175.0,612497.5,0.020999333222203702
108772176.0,667500.0,0.15291878172588833
108773746.0,639500.0,0.14733333333333334
108778005.0,180000.0,0.2603246352989521
108783878.0,399950.0,0.17536082474226805
108786274.0,1549999.0,0.1481474074074074
108786969.0,367250.0,0.18370749055345634
108788358.0,592450.0,0.039385964912280705
108789886.0,357400.0,0.021434695627322094
108790059.0,488490.0,0.39968481375358167
108862465.0,417500.0,0.12656903765690378
108871890.0,537500.0,0.2037037037037037
109688347.0,340000.0,0.24444444444444444
109688408.0,1210000.0,0.09701492537313433
109743695.0,220000.0,0.060240963855421686
109748405.0,287450.0,14.537837837837838
109748521.0,1827500.0,0.23854166666666668
109750388.0,372360.0,0.09517647058823529
109751093.0,327500.0,0.0234375
109751616.0,589950.0,0.9671557185728576
109754449.0,1089450.0,4.250361445783133
109756558.0,1549500.0,0.25212121212121213
109759058.0,400000.0,0.2698412698412698
109763399.0,375950.0,0.12223880597014926
109764273.0,195444.0,0.221525
109768032.0,198950.0,0.17104166666666668
109769066.0,342500.0,0.035211267605633804
109770343.0,335500.0,0.2617525385483264
109770681.0,411950.0,0.4254325259515571
109771493.0,344746.5,0.35465637156666274
109775305.0,355500.0,0.2927272727272727
109987066.0,382450.0,0.03364864864864865
110057439.0,328484.5,0.23590486159571994
110059402.0,68950.0,4.516
110061955.0,192450.0,0.03775
110065161.0,68950.0,4.516
110066802.0,92250.0,2.075
110076145.0,117400.0,1.471578947368421
110077625.0,209700.0,0.27090909090909093
110081866.0,212000.0,0.6145454545454545
110086351.0,449499.5,0.4085532894736842
110090549.0,449499.5,0.3800006896551724
110208803.0,1300000.0,0.3
110213213.0,350000.0,0.0
110219239.0,970000.0,0.1565217391304348
110221309.0,474826.0,0.05516888888888889
110222858.0,1242500.0,0.18333333333333332
110223748.0,337500.0,0.2961418143899896
110230628.0,396540.0,0.47128
110232315.0,1015000.0,0.041025641025641026
110284679.0,952500.0,0.20625
110539287.0,310000.0,inf
110555908.0,286950.0,0.31515513126491645
111022849.0,467500.0,0.005376344086021506
111023372.0,322450.0,0.1557347670250896
111038459.0,485000.0,0.6166666666666667
111109498.0,224400.0,0.04372578477109196
111435665.0,2477500.0,0.0824074074074074
111916534.0,977500.0,0.23333333333333334
111924582.0,730000.0,0.013888888888888888
111933779.0,665000.0,0.1677096370463079
111933998.0,537000.0,0.074
111942047.0,133000.0,0.21718658034137728
111942312.0,75000.0,0.29310344827586204
111958223.0,349499.5,0.0921859375
111972895.0,444450.0,0.06431578947368422
112109245.0,571999.0,0.16967779958425752
112109506.0,710000.0,0.19318181818181818
112111264.0,1375444.0,0.4268983333333333
112111443.0,769900.0,0.38408
112118272.0,85000.0,0.8578595317725752
112150410.0,411950.0,0.17703362953227236
112151199.0,329950.0,0.0678339104825399
112164234.0,422000.0,0.45517241379310347
112165166.0,349000.0,0.09350649350649351
112167995.0,376385.0,0.16340297843965326
112431659.0,425000.0,0.14982996599319864
112432138.0,547000.0,0.18950955697140318
112432777.0,167500.0,0.8592436974789915
112498529.0,726500.0,0.11402439024390244
112500909.0,746000.0,0.32181818181818184
112501605.0,222450.0,0.27114285714285713
112501680.0,236900.0,0.8420666666666666
112510869.0,1107500.0,0.3843767304709131
112512575.0,524500.0,4.245
112516861.0,746000.0,0.043356643356643354
112561568.0,439888.5,0.2750391304347826
112562145.0,393500.0,0.23007189746795872
112835826.0,287450.0,0.2627596819697358
112836530.0,220000.0,0.116751269035533
112838877.0,100000.0,0.42857142857142855
112838909.0,431995.0,0.5404308510638298
112840503.0,313750.0,0.20569620253164558
112841299.0,1199000.0,0.0
112842681.0,672500.0,0.13225806451612904
112844440.0,123950.0,11.395
112845422.0,590000.0,0.001697792869269949
112846830.0,152500.0,2.765432098765432
112848725.0,337813.0,0.12980936454849498
112852676.0,223000.0,0.2598727697992113
112853217.0,84500.0,0.6933867735470942
112854248.0,399000.0,0.3060869565217391
112854714.0,85000.0,0.15
112855548.0,109000.0,0.8166666666666667
112855551.0,312495.0,0.1622117962466488
112855772.0,109000.0,0.5571428571428572
112856389.0,77700.0,0.9185185185185185
112857585.0,85000.0,0.15
112859367.0,195000.0,0.02631578947368421
113376548.0,465000.0,0.3400576368876081
113377317.0,323000.0,0.15
113377345.0,390000.0,0.03917220990391722
113379228.0,586500.0,0.6757142857142857
113379503.0,533500.0,0.1231578947368421
113502390.0,454500.0,0.10880702610392778
113502406.0,427000.0,0.04044943820224719
113950906.0,354750.0,0.014583333333333334
113952215.0,337500.0,0.08536585365853659
113952840.0,440000.0,0.4915254237288136
113953770.0,603750.0,0.18080054274084126
113956372.0,319999.5,0.2698392857142857
113956616.0,424250.0,0.28951367781155013
113959647.0,649580.0,0.339340206185567
113963285.0,365000.0,0.09027800595620368
113965112.0,443000.0,0.07393939393939394
113973535.0,336000.0,0.033846153846153845
113978199.0,1285000.0,0.31794871794871793
114023095.0,209950.0,0.07721908671113391
114024148.0,189900.0,0.07365853658536585
114028776.0,195000.0,0.13043478260869565
114029011.0,184450.0,0.14209302325581397
114029084.0,183700.0,0.1455813953488372
114038299.0,227450.0,0.04832635983263598
114040849.0,197450.0,0.19408163265306122
114041486.0,332500.0,0.13636363636363635
114042993.0,524950.0,0.08704347826086957
114045098.0,392449.5,0.12128428571428572
114049889.0,523495.0,0.15836816720257235
114049984.0,224450.0,0.1018407362945178
114050137.0,437000.0,0.017094017094017096
114055854.0,100000.0,2.3444816053511706
114055866.0,100000.0,2.3444816053511706
114062648.0,482495.0,0.015778947368421052
114065586.0,686950.0,0.25735135135135134
114066247.0,317475.0,0.007887524648514527
114066541.0,743750.0,0.08576642335766424
114075426.0,524950.0,0.2104827793653181
114077128.0,599950.0,0.31434285714285715
114078938.0,2026575.0,0.03926923076923077
114080304.0,197000.0,0.04600484261501211
114081127.0,312500.0,0.0713224368499257
114085962.0,462500.0,0.2478451780777362
114087092.0,484950.0,0.039512774806892456
114087725.0,407250.0,0.2855263157894737
114088206.0,352500.0,0.09813084112149532
114093066.0,341700.0,0.050833333333333335
114093707.0,97500.0,5.5
114093973.0,343000.0,0.07221006564551423
114094112.0,220000.0,0.2114695340501792
114096636.0,332500.0,0.2998526005474837
114099921.0,317500.0,0.20625
114405332.0,734500.0,0.0006802721088435374
114407760.0,364500.0,0.13214285714285715
114411774.0,392000.0,0.24444444444444444
114412021.0,309000.0,0.09117647058823529
114432342.0,212450.0,0.03431818181818182
115876537.0,392000.0,0.12888695308211795
116085179.0,373950.0,0.2984375
116156431.0,1698000.0,0.19142857142857142
116157443.0,1698000.0,0.4144827586206897
116182740.0,464945.0,0.008011521228931087
116217787.0,440000.0,0.2
116219408.0,309500.0,0.047692307692307694
116219672.0,478500.0,0.05621301775147929
117451071.0,1051500.0,0.498090692124105
117505025.0,359950.0,0.24853862212943634
117505025.0,359950.0,0.24853862212943634
117672448.0,699500.0,0.13739837398373983
117677134.0,350000.0,0.014492753623188406
118001675.0,459500.0,0.03724604966139955
118195638.0,416400.0,0.1325
118196793.0,445000.0,0.1125
118197415.0,489975.0,0.05774038461538462
118214616.0,672500.0,0.09731543624161074
118215885.0,325950.0,0.012272727272727272
118216503.0,319950.0,0.03209677419354839
118266935.0,1074000.0,0.2839522634842323
118267737.0,505000.0,0.00980392156862745
118267942.0,214950.0,0.057745163793216814
118268231.0,530000.0,0.46464646464646464
118269469.0,447000.0,0.17222068929757278
118269964.0,449950.0,0.050738396624472576
118274830.0,339000.0,0.18313253012048192
118275386.0,1200000.0,0.058823529411764705
118288078.0,308499.5,0.09256579276345785
118288086.0,466200.0,0.33619948409286327
118313399.0,650000.0,0.23439340400471143
118324693.0,482500.0,0.34788484930396
118326360.0,1230000.0,0.03361344537815126
118335869.0,289950.0,4.2718181818181815
118336239.0,227000.0,0.6368
118336241.0,332000.0,0.14482758620689656
118337348.0,339950.0,0.21410714285714286
118340622.0,363000.0,0.05714285714285714
118341690.0,362450.0,0.1471764705882353
118343428.0,69450.0,0.29848484848484846
118345715.0,200000.0,0.5384615384615384
118346067.0,355000.0,0.08974358974358974
118346441.0,57450.0,0.4255
118346729.0,325000.0,0.3867924528301887
118349726.0,339500.0,0.2266514806378132
118349966.0,365000.0,0.30357142857142855
118350021.0,309875.0,0.40976190476190477
118354135.0,67500.0,0.5
118354607.0,320000.0,0.41712204007285975
118354893.0,67500.0,0.7307692307692307
118356250.0,1552500.0,0.45093457943925236
118356500.0,289950.0,1.41625
118357704.0,674500.0,0.0696551724137931
118361413.0,382995.0,0.3678392857142857
118363650.0,362500.0,0.22043010752688172
118364378.0,279950.0,2.737650200267023
118366457.0,59950.0,0.07769230769230769
118367107.0,152500.0,0.32222222222222224
118371740.0,385450.0,0.48599813308441125
118371780.0,167500.0,0.8711538461538462
118390227.0,316200.0,0.339874739039666
118391055.0,349900.0,0.2222716159146477
118394227.0,398500.0,0.03975903614457831
118394490.0,315000.0,0.21200461716044633
118395283.0,349999.5,0.2783515463917526
118404451.0,333950.0,0.2969473684210526
118405074.0,385000.0,0.27357119945659353
118453883.0,250000.0,0.4350282485875706
118455447.0,1272000.0,0.2926829268292683
118551811.0,662500.0,0.17177147143392923
118551813.0,417500.0,0.2610619469026549
118576930.0,694500.0,0.007715387912558937
119179678.0,343600.0,0.18523628837530182
119238716.0,260000.0,0.13304434811603869
119284930.0,953950.0,0.21059644670050762
119308088.0,1268250.0,0.6297080291970802
119314618.0,392000.0,0.017543859649122806
119344717.0,309450.0,0.12527272727272729
119346800.0,382450.0,0.12080459770114943
119381502.0,320000.0,0.15567282321899736
119407053.0,696250.0,0.22552836484983316
119532081.0,730000.0,0.08176100628930817
119532959.0,2047500.0,0.3663663663663664
119571951.0,745000.0,0.23979591836734693
119617928.0,447450.0,0.13116504854368932
119625087.0,0.0,
119632739.0,373500.0,0.24545454545454545
119679466.0,4147500.0,0.8235106382978723
119679976.0,794500.0,0.06419316843345112
119685439.0,825000.0,0.34
119692740.0,2405000.0,0.42326139088729015
119911506.0,724000.0,0.4409266409266409
119914224.0,1950000.0,0.18580375782881003
119918303.0,689000.0,0.13333333333333333
119918406.0,182000.0,0.08542713567839195
119919005.0,475000.0,0.1592920353982301
119979224.0,602450.0,0.20625823451910408
119980989.0,1467500.0,0.4675
119985618.0,414950.0,0.13534069597832882
120085214.0,475000.0,0.26666666666666666
120087749.0,740000.0,0.2542372881355932
120108046.0,1564000.0,0.30333333333333334
120289134.0,1497000.0,0.004697986577181208
120559633.0,1150000.0,0.3783783783783784
120738901.0,442500.0,0.10902255639097744
120749432.0,494950.0,0.12744874715261958
120771645.0,280000.0,inf
120809934.0,319900.0,0.3045500989151938
120864810.0,944000.0,0.5603305785123966
120895547.0,0.0,
120899999.0,462450.0,0.4229230769230769
120921212.0,541500.0,0.08220338983050847
121045024.0,100000.0,0.6960486322188449
121067840.0,398950.0,0.24710847139731165
121083643.0,482500.0,0.035
121083894.0,663750.0,0.078125
121084600.0,509000.0,0.08288288288288288
121087618.0,422450.0,0.19533333333333333
121106142.0,1197500.0,0.08863636363636364
121106253.0,2185000.0,0.04047619047619048
121109941.0,361950.0,0.619
121109963.0,699000.0,0.26413306663859354
121112023.0,322450.0,0.07486916230541019
121116048.0,397450.0,0.34728813559322036
121117461.0,494500.0,0.07502337007326246
121148785.0,182500.0,0.8098958333333334
121162430.0,1285000.0,0.22380952380952382
121162778.0,1442500.0,0.08644711842938568
121174250.0,722500.0,0.03653820509401254
121230603.0,725000.0,0.25889911442958846
121230837.0,335000.0,0.31618697693406816
121235722.0,331500.0,0.019230769230769232
121238502.0,447000.0,0.04660339127652768
121344026.0,714950.0,0.020616438356164384
121344389.0,829950.0,0.02462962962962963
121365885.0,264950.0,0.5181851245681033
121373601.0,149950.0,0.8659964253798034
121389547.0,707500.0,0.0561277802657113
121425855.0,322500.0,0.33505154639175255
121719068.0,401000.0,0.49875
122016630.0,572000.0,0.0052173913043478265
122025847.0,332500.0,0.45934959349593496
122032941.0,794449.5,0.20475525525525526
122061453.0,692250.0,0.16090909090909092
122063126.0,2497500.0,0.001
122075836.0,342450.0,0.018767908309455586
122142086.0,563956.5,0.30802883435582823
122142492.0,327500.0,0.09166666666666666
122142671.0,406000.0,0.055594324261456156
122143441.0,427500.0,0.24336283185840707
122145106.0,475000.0,0.07766990291262135
122181472.0,703950.0,0.2799090909090909
122189964.0,324997.5,1.7083125
122196241.0,750000.0,0.28205128205128205
122235234.0,784450.0,0.30741884569807615
122236827.0,539500.0,0.3719441210710128
122244860.0,654500.0,0.10952380952380952
122271813.0,2550000.0,0.2781954887218045
122271821.0,1995000.0,0.7375
122287139.0,387499.5,0.4090890909090909
122287151.0,357000.0,0.45076923076923076
122287630.0,1905000.0,0.005221932114882507
122287630.0,1905000.0,0.005221932114882507
122468006.0,404999.5,0.3238739565943239
122468194.0,620000.0,0.0782608695652174
122494046.0,344450.0,0.3111
122495587.0,327500.0,0.25142857142857145
122496851.0,345000.0,0.1896551724137931
122497316.0,312500.0,0.4212962962962963
122497942.0,337500.0,0.06249739582609952
122499168.0,367200.0,0.3136448598130841
122501113.0,336000.0,0.1203734578192731
122566689.0,524950.0,0.19238461538461538
122567761.0,1222500.0,0.11643835616438356
122567807.0,370000.0,0.2570281124497992
122716121.0,449250.0,0.19776785714285713
122725910.0,465000.0,0.17699115044247787
122726310.0,642450.0,0.2441764705882353
122842718.0,359950.0,0.5636969696969697
122845711.0,669900.0,0.24721878862793573
122846880.0,299250.0,0.08625954198473282
122976330.0,657500.0,0.1537111773995438
122989588.0,412499.0,0.12047121535181236
123110831.0,426000.0,0.1125
123111426.0,379000.0,0.2849056603773585
123111570.0,1737500.0,0.15833333333333333
123144224.0,440950.0,0.10265066266566641
123207425.0,399450.0,0.19303030303030302
123209728.0,34750.0,12.9
123210791.0,34750.0,12.9
123223908.0,421950.0,0.04102272727272727
123227717.0,1049999.0,0.08695739130434782
123228733.0,662500.0,0.12817475983682064
123229241.0,503250.0,0.13974358974358975
123229396.0,419450.0,0.2945987654320988
123233145.0,180325.0,0.21597826086956523
123235247.0,362500.0,0.3409090909090909
123236016.0,355000.0,0.26804123711340205
123236272.0,360000.0,0.2727272727272727
123462872.0,368492.5,0.31748008890535284
123463117.0,400500.0,0.011111111111111112
123463435.0,601070.0,0.14132857142857144
123464333.0,399950.0,0.038831168831168834
123478084.0,237450.0,0.7564615384615384
123479323.0,987542.5,0.33047966101694914
123485844.0,484999.5,0.030001
123485893.0,435000.0,0.05414220482713633
123487258.0,442500.0,0.037834311806914545
123487530.0,509439.0,0.018878
123487941.0,576495.0,0.20103125
123488093.0,451750.0,0.39
123488338.0,510000.0,0.02857142857142857
123488959.0,461995.0,0.04052927927927928
123489468.0,1206500.0,0.057421875
123489833.0,437499.5,0.30596865671641793
123499071.0,470000.0,0.39276485788113696
123500381.0,349900.0,0.22244444444444444
123501234.0,302500.0,0.22416004103616313
123502429.0,1275000.0,0.0633861551292744
123515133.0,1249500.0,0.042118432026688905
123515635.0,837500.0,0.14102564102564102
123544515.0,367500.0,0.08125
123551603.0,460000.0,0.1621129326047359
123561410.0,589900.0,0.262625
123561775.0,617500.0,0.2735294117647059
123578745.0,347450.0,0.034861111111111114
123578745.0,352500.0,0.020833333333333332
123578885.0,299989.0,0.24765007423458127
123600463.0,522250.0,0.024019607843137256
123600786.0,449950.0,0.1510377358490566
123601002.0,519949.5,0.36202515337423313
123601202.0,662782.5,0.07769512195121951
123602642.0,672750.0,0.035
123602890.0,667000.0,0.047142857142857146
123620141.0,314950.0,0.16648148148148148
123845323.0,1725000.0,0.015303119482048263
123848384.0,1199500.0,0.024796747967479674
123865054.0,1300000.0,0.27977839335180055
123869149.0,747500.0,0.045454545454545456
123948591.0,324500.0,0.08528428093645485
124152477.0,394950.0,0.0532
124225334.0,397500.0,0.05357142857142857
124232979.0,424950.0,0.34904761904761905
124248936.0,362500.0,0.34684684684684686
124395339.0,324950.0,0.08464788732394367
124397733.0,735000.0,0.36086956521739133
124436272.0,839950.0,0.32275590551181105
124718848.0,358500.0,0.195
124720204.0,1212500.0,0.6530758226037195
124720372.0,447000.0,0.18727272727272729
124722080.0,647449.5,0.0359192
124831818.0,739950.0,0.0421830985915493
124837372.0,1274500.0,0.6809762202753442
124862127.0,1555000.0,0.5063492063492063
124874821.0,349500.0,0.3278846153846154
124891706.0,296500.0,0.3230593607305936
124893506.0,1424499.5,0.16285673469387754
124893538.0,1288750.0,0.07946428571428571
124894541.0,397500.0,0.503125
124902058.0,383950.0,0.15615384615384614
124905531.0,144500.0,0.9137313432835821
124905704.0,1487499.5,0.25251281407035175
125094688.0,369900.0,0.32733224222585927
125115486.0,359750.0,0.025067750677506776
125119087.0,420316.0,0.0387987614399861
125120218.0,652500.0,0.02466367713004484
125132789.0,404000.0,0.20315581854043394
125134577.0,399450.0,0.0936668996124629
125144636.0,517000.0,0.10086956521739131
125241591.0,707500.0,0.012160228898426323
125243814.0,1500000.0,0.21052631578947367
125271607.0,587000.0,0.8061538461538461
125309290.0,654500.0,0.3911627906976744
125453551.0,512500.0,0.027054108216432865
125465317.0,428500.0,0.15148514851485148
125465778.0,437000.0,0.1981651376146789
125717172.0,175000.0,0.03550295857988166
125738041.0,1249500.0,0.0004
125797170.0,492450.0,0.17787979966611017
125804580.0,2999500.0,0.06118935837245697
125810539.0,622000.0,0.15832205683355885
125810940.0,702450.0,0.16375
125815139.0,1450000.0,0.4720812182741117
125825045.0,207500.0,0.8397683397683398
125832213.0,475500.0,0.1683046683046683
125832595.0,294950.0,0.34455555555555556
125832595.0,294950.0,0.34455555555555556
125889093.0,388500.0,0.036
125890229.0,344000.0,0.2711864406779661
125896346.0,372450.0,0.12364705882352942
125901130.0,392000.0,0.3066884448074135
125907514.0,442500.0,0.1650943396226415
125908641.0,353950.0,0.3258095238095238
125934550.0,1627500.0,0.132
125934946.0,400000.0,0.24528301886792453
125968507.0,722500.0,0.17804323094425484
125978578.0,397000.0,0.047961630695443645
125979677.0,480000.0,0.12727272727272726
125998570.0,732500.0,0.06159420289855073
126000439.0,344950.0,0.17869047619047618
126006755.0,680000.0,0.15254237288135594
126042205.0,444000.0,0.013333333333333334
126231465.0,619450.0,0.03414023372287145
126232700.0,5852499.5,0.4797778222222222
126237698.0,324500.0,0.31669825226363446
126247751.0,1645449.5,0.3671348076923077
126249457.0,394500.0,0.030712530712530713
126249861.0,486500.0,0.026805361072214443
126249971.0,2099500.0,0.2724242424242424
126251566.0,430000.0,0.13827655310621242
126260912.0,355000.0,0.014285714285714285
126261054.0,430000.0,0.08898305084745763
126272325.0,2500000.0,0.3333333333333333
126279589.0,671250.0,0.12249163879598662
126282601.0,677500.0,0.19068541300527242
126282798.0,352500.0,0.1896551724137931
126283144.0,327000.0,0.2625482625482625
126287581.0,461995.0,0.1600090909090909
126289108.0,5399999.5,0.46000005
126293571.0,342450.0,0.23883085130028894
126294465.0,427850.0,0.4027868852459016
126297502.0,399500.0,0.1846922136575789
126299429.0,501995.0,0.28286428571428573
126304346.0,432500.0,0.2345132743362832
126310234.0,298950.0,0.013389830508474577
126313344.0,430000.0,0.13827655310621242
126313492.0,383499.5,0.3014581056466302
126321713.0,1780000.0,0.2425531914893617
126325114.0,651384.5,0.07801203113941968
129685306.0,465000.0,0.33561937419631377
129895326.0,724950.0,0.03564285714285714
130135844.0,649990.0,0.26554802259887006
130145809.0,385000.0,0.09411764705882353
130232828.0,1133107.5,0.18187184115523466
130246196.0,687500.0,0.05172413793103448
130246882.0,452500.0,0.12984115995538634
130247244.0,476925.0,0.2718915761934859
130255559.0,640000.0,0.2808988764044944
130264217.0,1218495.0,0.5791036269430052
130274122.0,677500.0,0.13694267515923567
130281038.0,642000.0,0.19739967495936991
131229712.0,175000.0,0.35658914728682173
131239189.0,350000.0,1.3333333333333333
131243155.0,759995.0,0.26665833333333333
131243238.0,379450.0,0.34464594127806564
131245386.0,329999.5,0.340001
131251139.0,345000.0,0.3838185390248259
131255303.0,1749500.0,0.027515286270150083
131284894.0,303000.0,0.4941569282136895
131285978.0,337450.0,0.03585438815539473
131294172.0,22500.0,0.5
131664008.0,1499949.5,0.3660742258652095
131666422.0,1499949.5,0.03229064516129032
131807818.0,707450.0,0.08420711974110032
131808525.0,107500.0,0.075
131826896.0,222450.0,0.24273743016759777
131826900.0,189950.0,0.0611731843575419
131832385.0,126000.0,0.3
131835182.0,185000.0,0.4126984126984127
131837846.0,335000.0,0.0345821325648415
131838106.0,370000.0,0.22105263157894736
131838224.0,480450.0,0.6286440677966102
131844843.0,87500.0,13.583333333333334
131851306.0,99950.0,0.12707423580786026
131861760.0,315000.0,0.2839281654921573
131865345.0,198500.0,0.2643312101910828
131890513.0,217500.0,0.11764705882352941
132018495.0,104450.0,0.39266666666666666
132058481.0,370000.0,0.21276428247719675
132071825.0,2111575.0,1.0600731707317073
132860613.0,737450.0,0.3587391304347826
132881478.0,462500.0,0.15625
132888423.0,117000.0,0.2328767123287671
133189425.0,362450.0,0.30948752143265384
133694424.0,99999.5,0.16597581317764803
133718666.0,189950.0,0.05586436909394108
134086209.0,68950.0,0.3098098098098098
134187307.0,209950.0,0.06688888888888889
134192093.0,157450.0,0.12464285714285714
135335601.0,777000.0,0.2038934426229508
135703687.0,186000.0,0.12264150943396226
135750621.0,1900000.0,0.32021466905187834
135877125.0,1999500.0,0.35559322033898305
135915786.0,862000.0,0.14948659821309507
136694202.0,532500.0,0.08673469387755102
136702210.0,206950.0,0.17219668878675515
136702408.0,390000.0,2.25
136702408.0,390000.0,2.25
136702484.0,172625.0,0.14116915422885573
140014295.0,1084000.0,0.1316190018425058
140624132.0,973999.5,5.49333
140624461.0,210000.0,0.5
141304329.0,394250.0,0.0018987341772151898
141374344.0,677500.0,0.084
141512471.0,239950.0,0.9000208333333334
141527433.0,479450.0,0.09195075757575757
141562875.0,171900.0,0.045
141708529.0,522500.0,0.1
141709057.0,501500.0,0.11238938053097346
141709743.0,1205000.0,0.09546450422276566
141710281.0,632450.0,0.2425748502994012
141716647.0,328950.0,0.11508474576271187
141718360.0,366000.0,0.464
141718726.0,345749.5,0.09761746031746031
141722520.0,204000.0,0.004878048780487805
141738973.0,609499.0,0.29119781369926734
141739112.0,1649950.0,0.2584494382022472
141742081.0,432495.0,0.09896875
142801668.0,1359500.0,0.1503125
142839100.0,1565000.0,0.13055555555555556
142918307.0,974000.0,0.6369747899159663
142935601.0,1861999.5,0.035019177320733744
142972352.0,2199500.0,0.48848825313680305
143003113.0,1017500.0,0.186
143003113.0,1017500.0,0.186
143067262.0,467495.0,0.06313627254509017
143067262.0,444945.0,0.10832665330661323
143083817.0,1844500.0,0.762
143509476.0,375000.0,0.5059288537549407
143697730.0,687450.0,0.2568108108108108
143729726.0,365000.0,0.3813559322033898
143750861.0,695000.0,0.09968354430379747
143772837.0,637615.0,0.017542372881355933
143772837.0,637615.0,0.017542372881355933
144196422.0,69900.0,0.9177647058823529
144237854.0,596962.5,0.253796875
144264532.0,659000.0,0.051798561151079135
144955770.0,499500.0,1.9399646851088876
144992009.0,59950.0,0.9241139240506329
145602353.0,327500.0,0.45867768595041325
145612760.0,1195000.0,0.14636759768554897
145614423.0,384945.0,0.17216129032258065
145614864.0,669950.0,0.21182352941176472
145615224.0,522500.0,0.049827241316603016
145616592.0,1349950.0,0.12495927079939233
145616720.0,1203000.0,0.15673076923076923
145617456.0,665000.0,0.14853591894963367
145618705.0,459950.0,0.11377649325626205
145618879.0,665000.0,0.2763873775843308
145619078.0,580000.0,0.05454545454545454
145619950.0,1145000.0,0.23205850574011117
145640920.0,2349500.0,0.18278260869565216
145649513.0,1505000.0,0.22857142857142856
145650415.0,762500.0,0.015493867010974823
145652614.0,0.0,
145655024.0,399900.0,0.025410907971999283
145656854.0,429000.0,0.44285714285714284
145657449.0,462000.0,0.11153846153846154
154529102.0,320000.0,0.37254901960784315
154553743.0,246450.0,0.8550294117647059
154578075.0,398500.0,5.930434782608696
154582685.0,212450.0,0.1467871485943775
154602078.0,286950.0,0.06317154501667284
154602596.0,196500.0,0.16382978723404254
154619558.0,737500.0,0.25212224108658743
154619600.0,317450.0,0.2929844097995546
154626375.0,294450.0,0.13687258687258688
154628695.0,209900.0,0.04547521600727603
154628696.0,198950.0,0.09527057753524329
154636152.0,305500.0,0.23433583959899748
154636153.0,305500.0,0.23433583959899748
154637709.0,191500.0,0.21030927835051547
154637923.0,244997.5,0.19510975609756098
154644121.0,185000.0,0.05714285714285714
154668616.0,344950.0,0.14983333333333335
154696273.0,407000.0,0.1827309236947791
154736510.0,299950.0,0.08551829268292684
154741649.0,431500.0,0.32769230769230767
156369347.0,664450.0,0.1426451612903226
156369638.0,594950.0,0.1185925925925926
157731963.0,377000.0,0.49733333333333335
158437861.0,590000.0,0.313953488372093
158504811.0,684995.0,0.14356427378964942
158509514.0,60350.0,0.5168134507606085
158589482.0,377250.0,0.5272556390977443
158604665.0,1364500.0,0.7425471698113207
158678447.0,361950.0,0.34178941625750137
158700279.0,652000.0,0.27474972191323693
158704127.0,150000.0,29.0
158719255.0,57500.0,0.041666666666666664
158719805.0,65000.0,3.3333333333333335
158739705.0,121950.0,1.0495798319327732
158739706.0,121950.0,1.0495798319327732
158770740.0,617500.0,0.29428571428571426
158778065.0,1724450.0,0.7261761761761761
158779066.0,637500.0,0.08928571428571429
158843857.0,1157500.0,0.035416666666666666
158851867.0,392450.0,0.5638959884431604
159004285.0,617856.0,0.3355672652973438
159004595.0,652000.0,0.3129610115911486
159006781.0,147450.0,0.8659545454545454
159012925.0,52500.0,0.34375
159012926.0,52500.0,0.34375
159013647.0,151450.0,0.23894472361809047
159014731.0,344950.0,0.061711295783317945
159024916.0,65000.0,0.4444444444444444
159025775.0,187000.0,80.48148148148148
159038341.0,359900.0,10.996666666666666
159043992.0,348399.5,0.147124847001224
159062821.0,989825.0,0.876271875
159076023.0,197450.0,4.6414285714285715
159160047.0,229949.5,0.17922820512820511
159468961.0,372500.0,0.1534090909090909
160813671.0,437500.0,0.5350877192982456
161046933.0,389499.5,0.11604441260744985
161431636.0,1475000.0,0.05357142857142857
161432990.0,500000.0,0.4288977727013135
161433120.0,1199500.0,0.0037656903765690376
161435445.0,719000.0,0.11234567901234568
161440927.0,5547500.0,0.47161634441375366
161441128.0,314000.0,0.23137254901960785
161442461.0,644500.0,0.21878787878787878
161442737.0,319500.0,0.07391304347826087
162034117.0,349500.0,0.10384615384615385
162196619.0,399900.0,0.27290909090909093
162266530.0,267449.5,0.11437755990649962
162433092.0,0.0,
162445027.0,141000.0,0.20786516853932585
162814453.0,698500.0,0.17823529411764705
162815346.0,652500.0,0.11538461538461539
164224666.0,69900.0,0.0014285714285714286
164262791.0,1672500.0,0.010355029585798817
164540440.0,350000.0,0.2727272727272727
164588671.0,116150.0,0.786923076923077
165121534.0,385400.0,2.351304347826087
165125457.0,304500.0,0.218
165139723.0,207500.0,0.07777777777777778
165141628.0,292000.0,0.1536231884057971
165172760.0,382500.0,0.006493506493506494
165178722.0,440000.0,0.4817432273262662
165178722.0,440000.0,0.4817432273262662
165274798.0,284500.0,0.06721311475409836
165277112.0,157500.0,0.16666666666666666
165277972.0,349950.0,0.11606466279363475
165298600.0,199900.0,0.09095043201455207
165298600.0,199900.0,0.09095043201455207
165320310.0,349500.0,0.36454545454545456
165321356.0,349500.0,0.286734693877551
165350512.0,182499.5,0.23926844518549395
165400506.0,349950.0,0.22060133630289533
165406031.0,344000.0,0.075
165409640.0,157500.0,0.2125
165409640.0,137500.0,0.32926829268292684
165415697.0,232450.0,0.08116279069767442
165464751.0,479500.0,0.41524390243902437
165538473.0,387400.0,0.08825606024947047
165538473.0,387400.0,0.08825606024947047
165569092.0,297450.0,0.005183946488294315
165586585.0,324425.0,0.16600257069408741
165587830.0,79900.0,0.32857142857142857
165607761.0,674950.0,0.6447631578947368
165610134.0,424125.0,0.3373046875
166823794.0,452500.0,0.7403846153846154
166881480.0,385000.0,0.20618556701030927
167056609.0,294950.0,0.20283783783783785
167057625.0,286350.0,0.25592105263157894
167244655.0,161500.0,0.2819030680302357
167252225.0,314900.0,0.13726027397260274
167365261.0,351500.0,0.00860832137733142
168106558.0,315000.0,0.015625
168108454.0,672500.0,0.1614853195164076
168927082.0,294000.0,0.46055045871559636
169076596.0,374000.0,0.41132075471698115
169077659.0,357500.0,0.22113289760348584
169352532.0,376500.0,0.1765625
169389923.0,304450.0,0.44645454545454544
169397327.0,304500.0,0.1490566037735849
169404325.0,180000.0,0.13875598086124402
169465816.0,320000.0,0.015873015873015872
169466525.0,574500.0,0.009482758620689655
169467066.0,330000.0,0.2692307692307692
169467528.0,338995.0,0.3081734693877551
169468436.0,337500.0,0.16666666666666666
169468578.0,357500.0,0.26288659793814434
169468688.0,299000.0,0.19187005054190653
169468840.0,537500.0,0.36757265560654195
169470712.0,672500.0,0.13225806451612904
169471061.0,345000.0,0.15
169471579.0,364000.0,0.2571428571428571
171094239.0,377450.0,0.10130952380952381
171100471.0,625000.0,0.1258741258741259
171191500.0,300000.0,0.047619047619047616
171191500.0,389000.0,0.23492063492063492
171299133.0,2075000.0,0.9761904761904762
171299528.0,714950.0,0.0714935064935065
171308647.0,427450.0,0.17
171312993.0,381950.0,0.5058222279725708
171317541.0,367500.0,0.225
171428311.0,327450.0,0.007538461538461538
171448505.0,92500.0,1.318295739348371
171478121.0,350000.0,0.16705568522840947
171525099.0,1220000.0,0.3028571428571429
171602382.0,1612500.0,0.6125016125016125
171602630.0,1815000.0,0.8333333333333334
171602897.0,427500.0,0.38489208633093525
171603062.0,512450.0,0.5274217585692995
171603111.0,625000.0,0.08695652173913043
172438260.0,827000.0,0.18142857142857144
172439962.0,2850000.0,0.32558139534883723
177704663.0,678950.0,0.13347245409015024
177849560.0,629500.0,0.2505952380952381
177850679.0,670000.0,0.08093278463648834
177850844.0,614975.0,0.08892592592592592
184810317.0,1560000.0,9.46979865771812
184817674.0,780000.0,0.40458015267175573
185182385.0,430000.0,0.18095238095238095
190064010.0,1175000.0,0.08796296296296297
190072215.0,730000.0,0.1381345926800472
190919564.0,387500.0,0.09154929577464789
190920684.0,402450.0,0.018414634146341462
190922380.0,502500.0,0.6213262999246421
190922472.0,354500.0,0.394017094017094
199279458.0,2547500.0,0.21615384615384614
199282465.0,557495.0,0.651565625
199485036.0,394950.0,0.715863309352518
205774214.0,443500.0,0.012249443207126948
205775613.0,200000.0,0.14893617021276595
205801460.0,342000.0,0.1793103448275862
208648934.0,315000.0,0.6480446927374302
208662703.0,685000.0,0.0
215950378.0,220000.0,0.2571428571428571
215951418.0,177499.5,0.3148111111111111
215951424.0,152499.5,0.27033732057416265
215955669.0,369000.0,0.476
215956070.0,171900.0,0.2526086956521739
215956101.0,333500.0,0.3647619047619048
215956733.0,410000.0,0.22388059701492538
215956792.0,452000.0,0.04842105263157895
216108945.0,1718444.0,0.09316939313984168
216137686.0,314500.0,0.4749582637729549
216225734.0,192500.0,0.2038774233896185
217911600.0,220000.0,0.1111111111111111
217911623.0,511500.0,0.3460526315789474
219646103.0,4112500.0,0.7943235808952238
219646713.0,612000.0,0.22038216560509555
219674320.0,2344000.0,0.9162857142857143
219700632.0,485000.0,0.6782006920415224
219840328.0,344444.0,0.015874285714285716
219846219.0,209000.0,0.045662100456621
219854896.0,354250.0,0.01504297994269341
219854896.0,354250.0,0.01504297994269341
219863670.0,337500.0,0.3392857142857143
219867631.0,384000.0,0.16717325227963525
219873124.0,204450.0,0.148125
219879474.0,436500.0,0.3485074626865672
220209295.0,332500.0,0.33
237739176.0,389950.0,0.026454330086864965
237743342.0,425000.0,0.42145222248235725
237744226.0,422500.0,0.21060171919770773
237745451.0,425495.0,0.12267810026385224
237745551.0,639995.0,0.19900500625782228
237745646.0,484450.0,0.4290560471976401
237746858.0,397500.0,0.053346034770183376
237747382.0,762000.0,0.09012875536480687
237747635.0,347500.0,0.17796610169491525
237751021.0,335000.0,0.28160495196850693
238039151.0,137500.0,0.8690476190476191
238064818.0,354500.0,0.26607142857142857
238180806.0,456000.0,0.8612244897959184
238181619.0,1529500.0,0.2115979381443299
239884308.0,765000.0,0.17692307692307693
239885347.0,467500.0,0.11458333333333333
239885827.0,427000.0,0.10294117647058823
239892834.0,1349495.0,0.249863813229572
240068584.0,649900.0,0.24430232558139534
240155480.0,1374500.0,0.17940298507462688
240225382.0,520000.0,0.2582025677603424
240306698.0,327400.0,0.5982822085889571
240306740.0,677500.0,0.153125
240316584.0,409999.5,0.3166675
241586326.0,2000000.0,0.13043478260869565
241587281.0,2299750.0,0.17935897435897435
241739710.0,662500.0,0.3977272727272727
241742849.0,692250.0,0.23083333333333333
241755001.0,440000.0,0.5577889447236181
241933411.0,385000.0,0.22064777327935223
241934927.0,681999.5,0.220572
241938412.0,1137210.0,0.1847956989247312
241969300.0,174945.0,0.13674463937621834
241969986.0,333000.0,0.09264305177111716
241969986.0,333000.0,0.09264305177111716
243059442.0,174900.0,2.64375
243061043.0,103400.0,0.6704361873990307
243061348.0,413947.0,6.766360225140713
243061928.0,352500.0,13.102820564112822
243063581.0,334750.0,8.324512534818941
243065058.0,232500.0,0.6619013581129378
243065834.0,114900.0,0.06509357200976404
243065990.0,114900.0,0.0
243065990.0,114900.0,0.0
243066005.0,110900.0,0.09764035801464606
243066015.0,114900.0,0.041701417848206836
243066015.0,114900.0,0.041701417848206836
243066043.0,114900.0,0.04549590536851683
243066043.0,114900.0,0.04549590536851683
243066058.0,114900.0,0.041701417848206836
243066058.0,114900.0,0.041701417848206836
243066083.0,114900.0,0.0
243066083.0,114900.0,0.0
243066119.0,112400.0,0.17205422314911367
243066126.0,114900.0,0.0
243066126.0,114900.0,0.0
243066167.0,109900.0,0.145985401459854
243067702.0,1196230.5,7.67462291515591
243072571.0,559950.0,0.06675
243072577.0,2099500.0,0.39966666666666667
243072930.0,1145000.0,0.05371900826446281
243074935.0,617000.0,0.035922436288067
243074972.0,608500.0,0.01606331819396206
243078482.0,639999.5,0.14552803738317757
243079935.0,580000.0,0.008695652173913044
243440358.0,799000.0,0.14159165595085013
243953647.0,422500.0,0.0913978494623656
243978617.0,372499.5,0.12042621015348288
243978737.0,572250.0,0.030084745762711865
243978825.0,337500.0,0.07534246575342465
243978992.0,337500.0,0.07534246575342465
243979202.0,662500.0,0.17083854818523153
243979323.0,317000.0,0.24343675417661098
243979529.0,2150000.0,0.5358239874276735
243981575.0,434995.0,0.2614685908319185
243982667.0,582499.5,0.16785785714285714
244020310.0,539950.0,0.3926321709786277
244078634.0,596200.0,0.014545454545454545
244424622.0,267550.0,0.8216333333333333
244426851.0,187500.0,0.13636363636363635
244428167.0,462500.0,0.32521489971346706
244428778.0,4197500.0,25.234375
244430598.0,369000.0,0.476
244432198.0,187500.0,0.2755102040816326
244440276.0,244500.0,0.3730769230769231
244441415.0,8550000.0,49.294117647058826
244450826.0,452000.0,0.43492063492063493
244454750.0,387000.0,0.10888252148997135
244456385.0,295000.0,0.2435878040712925
244459666.0,152499.5,0.3619267782426778
244461960.0,179499.5,0.15806129032258065
244465522.0,182000.0,0.37358490566037733
244473049.0,182000.0,0.34814814814814815
244473714.0,257000.0,0.3526315789473684
244474728.0,387000.0,0.2524271844660194
244474870.0,358500.0,0.1203125
244594906.0,236750.0,0.18375
244595959.0,222500.0,0.06205250596658711
244596876.0,244000.0,0.36312849162011174
244628812.0,2797500.0,0.300625
244629763.0,365000.0,0.04286012245749274
244633112.0,752500.0,0.17762128325508608
244633112.0,752500.0,0.17762128325508608
244633684.0,332400.0,0.1466022766471197
244634268.0,749950.0,0.25012502083680616
244678518.0,1225000.0,0.11363636363636363
244680358.0,279000.0,0.2936708860759494
244680384.0,283750.0,0.05416666666666667
244680505.0,302500.0,0.024193548387096774
244685490.0,222500.0,0.05319148936170213
244692418.0,299000.0,0.26894865525672373
244698181.0,407000.0,0.22476190476190477
244701610.0,612000.0,0.15
244702928.0,393500.0,0.051807228915662654
244708653.0,2020000.0,0.06315789473684211
244715459.0,447000.0,0.15660377358490565
244718393.0,849500.0,0.7572857142857143
244718749.0,3497500.0,1.0634218289085546
244725238.0,407500.0,0.21634615384615385
244727383.0,2957500.0,0.8484375
244736319.0,760000.0,0.36401673640167365
244741345.0,486500.0,0.15833333333333333
244742551.0,699500.0,0.20057142857142857
244742576.0,470000.0,0.020833333333333332
244751517.0,702000.0,0.037037037037037035
244756105.0,934500.0,0.7923333333333333
244765471.0,401500.0,0.3813559322033898
244767415.0,775000.0,0.19270833333333334
244767512.0,1972500.0,0.12778730703259006
244775825.0,770000.0,0.16756756756756758
244781850.0,837500.0,0.5654205607476636
244784072.0,787000.0,0.0037974683544303796
244793471.0,1950000.0,0.18181818181818182
244797380.0,440000.0,0.4426229508196721
244797492.0,637000.0,0.4691666666666667
244801459.0,2095000.0,0.8324
244806619.0,532500.0,0.022935779816513763
244815868.0,467500.0,0.065
244817775.0,762000.0,0.12058823529411765
244842246.0,500000.0,0.2345679012345679
244848109.0,909500.0,0.8862414008755473
244850475.0,782500.0,0.4203703703703704
244852954.0,3425000.0,0.11038961038961038
244858508.0,857500.0,0.225
244858522.0,719500.0,0.16235864297253635
244859728.0,687000.0,0.18652849740932642
244863779.0,1820000.0,0.06666666666666667
244864461.0,745000.0,0.006666666666666667
244865730.0,377000.0,0.09156626506024096
244868025.0,434000.0,0.061124694376528114
244869086.0,420000.0,0.39568345323741005
244869621.0,1600000.0,0.0006253908692933083
244883875.0,84900.0,0.7735396105628167
244885148.0,680000.0,0.31931931931931934
244887167.0,4935000.0,0.4664864864864865
244888985.0,927500.0,0.2793103448275862
244888985.0,927500.0,0.2793103448275862
244889163.0,782500.0,0.374
244899590.0,466500.0,0.5073917634635692
244900505.0,577500.0,0.6041666666666666
244991080.0,539000.0,0.43733333333333335
244994136.0,442500.0,0.2679083094555874
245001464.0,359000.0,0.0
245009451.0,465000.0,0.7286245353159851
245009882.0,847000.0,0.2548148148148148
245014490.0,362000.0,0.13479623824451412
245014549.0,362000.0,0.095
245015778.0,387000.0,0.3269565217391304
245020233.0,887500.0,2.622448979591837
245020617.0,397500.0,0.3363939899833055
245024162.0,210000.0,0.08296943231441048
245026098.0,364000.0,0.2638888888888889
245029872.0,505000.0,0.3129251700680272
245030712.0,435000.0,0.03333333333333333
245032777.0,505000.0,0.17715617715617715
245033124.0,554000.0,0.8466666666666667
245033925.0,425000.0,0.5454545454545454
245035825.0,332000.0,0.2261072261072261
245037052.0,422500.0,0.3955650929899857
245049246.0,762000.0,1.6366782006920415
245052919.0,186450.0,0.11214285714285714
245059984.0,460000.0,0.010752688172043012
245061748.0,1575000.0,0.05
245120747.0,476925.0,0.07393203883495146
245122612.0,644950.0,0.00776923076923077
245127464.0,446500.0,0.31710914454277284
245288106.0,567000.0,0.4031578947368421
245294242.0,374900.0,0.31836363636363635
245295394.0,374999.5,0.3119275229357798
245297146.0,409000.0,0.09066666666666667
245361318.0,314000.0,0.6825075834175935
245366301.0,354500.0,0.18561872909698995
245368960.0,359500.0,0.14200477326968974
245369820.0,434000.0,0.18904109589041096
245369989.0,352000.0,0.8238341968911918
245375946.0,515000.0,0.6612903225806451
245378965.0,856250.0,3.28125
245380850.0,374500.0,0.25671140939597314
245384742.0,389500.0,0.1289855072463768
245385011.0,778500.0,0.11373390557939914
245386057.0,327500.0,0.06428571428571428
245391900.0,515000.0,1.06
245397138.0,192500.0,0.0375
245399463.0,199500.0,0.09318181818181819
245402275.0,8550000.0,24.52238805970149
245402799.0,199999.5,0.005022613065326633
245403492.0,369750.0,0.2957142857142857
245410132.0,434000.0,0.3605015673981191
245411314.0,349500.0,0.10154241645244216
245414215.0,469250.0,0.3426323319027182
245426079.0,837500.0,0.9522144522144522
245429476.0,859000.0,3.7748749305169538
245429856.0,185000.0,0.22916666666666666
245430002.0,764000.0,0.07840772014475271
245432590.0,540000.0,0.7142857142857143
245443039.0,435000.0,0.2926829268292683
245448775.0,327000.0,0.043859649122807015
245451633.0,336000.0,0.2537313432835821
245454964.0,1135000.0,0.5153538050734312
245455195.0,6447500.0,33.113756613756614
245456481.0,815950.0,0.9661445783132531
245462296.0,837500.0,1.8389830508474576
245469712.0,2647500.0,10.077405857740585
245470471.0,413500.0,0.12947368421052632
245475447.0,392000.0,0.1070615034168565
245475771.0,194499.5,0.022615577889447236
245482799.0,392000.0,0.08624708624708624
245528218.0,354000.0,0.416
245528277.0,447000.0,0.2956521739130435
245528277.0,447000.0,0.2956521739130435
245528436.0,324500.0,0.2836644591611479
245528978.0,349750.0,0.02901544038036059
245567296.0,617500.0,0.22812403515504395
245653540.0,317497.5,0.29445
245656038.0,337500.0,0.021739130434782608
245677067.0,349000.0,0.24687388352983208
245684970.0,197450.0,0.036829268292682925
245764338.0,699000.0,0.1776470588235294
245766777.0,229499.5,0.04370426854676067
245767270.0,350000.0,0.25
245767270.0,350000.0,0.25
245769595.0,235450.0,0.058162326493059725
245770495.0,1125000.0,0.03017241379310345
245770872.0,400495.0,0.040246753246753246
245780525.0,108250.0,5.185714285714286
245780624.0,108250.0,5.013888888888889
246279066.0,1287495.0,0.3205076923076923
246283072.0,1949000.0,0.5108527131782946
246522296.0,1379997.5,0.4981827272727273
246596737.0,1387500.0,0.0673076923076923
246596947.0,612500.0,0.029411764705882353
246995949.0,367450.0,0.286504854368932
247132100.0,807000.0,0.24153846153846154
247132862.0,647500.0,0.01893939393939394
247133075.0,477500.0,0.07281553398058252
247133425.0,705000.0,0.19428571428571428
247150620.0,380000.0,0.4794520547945205
247388308.0,709725.0,0.13556
247390594.0,676999.5,0.13781428571428572
247392313.0,1080511.5,0.06042478260869565
247447113.0,600000.0,0.5424164524421594
247449474.0,189950.0,0.05025
247450949.0,172450.0,0.14966666666666667
247455611.0,399500.0,0.21097302212791755
247455986.0,460000.0,0.26721763085399447
247457560.0,399495.0,0.14087096774193547
247458767.0,600000.0,0.3684210526315789
247458825.0,644950.0,0.2833092565840649
247458938.0,1385610.0,0.43586528497409327
247525292.0,539950.0,0.03856510867474514
247525623.0,647500.0,0.12608695652173912
247526756.0,534900.0,0.009245283018867925
247529005.0,460000.0,0.1102514506769826
247529428.0,547500.0,0.21223021582733814
247532860.0,649443.5,0.13407417876557168
247626875.0,322250.0,0.0927433028145134
247649217.0,344950.0,0.10402597402597402
247649225.0,727450.0,0.23505942275042443
247649716.0,1937500.0,0.2109375
247650073.0,1222500.0,0.3730769230769231
247650623.0,1610000.0,0.6512820512820513
247650626.0,741000.0,0.19456521739130433
247651933.0,727450.0,0.18720670391061453
247652085.0,764500.0,0.14962406015037594
247652478.0,1572241.0,0.029480864197530866
247679323.0,575000.0,0.3539325842696629
247680463.0,385450.0,0.3054954954954955
247680488.0,716000.0,0.09312977099236641
247769976.0,916200.0,0.13566037735849057
247817878.0,655000.0,0.0755336617405583
247992416.0,782000.0,0.18541666666666667
248233049.0,380000.0,0.20673229596697365
248234845.0,377450.0,0.10130952380952381
248235143.0,414000.0,0.16194162336361004
248397989.0,1227500.0,0.22756137806890345
248399166.0,625000.0,0.016260162601626018
248418376.0,488500.0,0.09369202226345083
248418502.0,657500.0,0.09297834184025383
248418948.0,662450.0,0.16239691173890156
248418948.0,662450.0,0.16239691173890156
248419323.0,349900.0,0.18627906976744185
248419328.0,374900.0,0.013517166801838334
248420329.0,362500.0,0.05844155844155844
248420476.0,434900.0,0.1444736842105263
248420529.0,660000.0,0.0958904109589041
248420661.0,470000.0,0.5586854460093896
248421597.0,1842000.0,0.0348314606741573
248580737.0,515000.0,0.45783766712285506
248703585.0,337500.0,0.16666666666666666
248828117.0,524000.0,0.12374581939799331
248829939.0,0.0,
248830439.0,332445.0,0.37860747663551403
248940904.0,172000.0,7.64321608040201
248941413.0,389950.0,0.2528262119179919
249018269.0,330000.0,0.05714285714285714
249019913.0,427625.0,0.18784722222222222
249020177.0,442500.0,0.10587997575267731
249021224.0,410000.0,0.35177865612648224
249021365.0,402499.5,0.21078529411764707
249112337.0,366499.5,0.18537563903089577
249117344.0,1570000.0,0.4185185185185185
249123170.0,462450.0,0.10203883495145631
249632433.0,484699.5,0.07734941098021783
249632850.0,442000.0,0.2633333333333333
249634325.0,1597450.0,0.18417346182357303
249665171.0,719000.0,0.550625
249665181.0,2017500.0,0.2794642857142857
249698424.0,1972500.0,0.01375
249764521.0,324900.0,0.058260869565217394
249798444.0,320000.0,0.17737789203084833
249894296.0,451000.0,0.04883720930232558
249894297.0,451000.0,0.04883720930232558
249894661.0,324900.0,0.4092727272727273
249894697.0,684500.0,0.09520175232280371
249894733.0,326450.0,0.1818295739348371
249913082.0,392500.0,0.21342685370741482
250088880.0,3047500.0,0.2199759807846277
250090981.0,445000.0,0.17592592592592593
250219159.0,49500.0,0.23846153846153847
250220301.0,499450.0,0.09190909090909091
250222324.0,366250.0,9.464285714285714
250222453.0,969500.0,6.181481481481481
250222766.0,179900.0,0.04814814814814815
250293455.0,387450.0,0.5194117647058824
250293710.0,410490.0,0.026225
250334055.0,1787000.0,0.060534124629080116
250334161.0,1787000.0,0.5157181571815718
250334921.0,1762500.0,0.03737492642731018
250334925.0,444500.0,0.016592920353982302
250337875.0,744500.0,0.4601160261058738
250337900.0,3912500.0,1.2357142857142858
250338041.0,1377500.0,0.6173611111111111
250343861.0,990000.0,0.10614525139664804
250346975.0,584000.0,0.1651179413867048
250349813.0,539500.0,0.4142236699239957
250350423.0,635000.0,0.5543859649122806
250987922.0,1597500.0,0.5084615384615384
250988609.0,322400.0,0.3283333333333333
250989625.0,344700.0,0.19895652173913045
250990001.0,307250.0,0.05984822352535357
250990780.0,322400.0,0.16150845253576074
250994231.0,318400.0,0.2508235294117647
250994839.0,381500.0,0.2869158878504673
250995337.0,720000.0,0.23076923076923078
250995378.0,209950.0,0.12520833333333334
251030841.0,392000.0,0.04533333333333334
251032657.0,375000.0,0.3392857142857143
251166752.0,512500.0,0.35937419921774905
251166752.0,457495.0,0.42813053516316896
251173557.0,350000.0,0.0
251269867.0,89900.0,0.77525
251274116.0,347500.0,0.21380090497737556
251274814.0,290000.0,0.1646586345381526
251274961.0,339450.0,0.18985680190930787
251522429.0,404950.0,0.18191919191919192
251842518.0,665250.0,0.18374233128834355
251842830.0,615000.0,0.008064516129032258
252228986.0,326000.0,0.2753945321182485
252230220.0,391000.0,0.14327485380116958
252258028.0,325000.0,0.07116318948270935
252258109.0,595000.0,0.125
252258358.0,306350.0,0.34837147887323944
252991385.0,364950.0,0.3363338788870704
252991579.0,397500.0,0.2772727272727273
252991579.0,373450.0,0.321
253421280.0,1417500.0,0.134
253421532.0,352388.5,0.060297333333333335
276567029.0,609975.0,0.40583514639722695
276567311.0,548975.0,0.0368859649122807
283676478.0,1374950.0,0.38185929648241207
283676478.0,1672500.0,0.4543478260869565
283676537.0,1662500.0,0.38553212767730644
283677695.0,1218500.0,0.2197197197197197
284848651.0,299900.0,0.48293103448275865
284854898.0,410250.0,0.03860759493670886
284863092.0,514950.0,0.12705543312425835
284864612.0,474900.0,0.02883435582822086
284889872.0,305000.0,0.44646098003629764
284889931.0,377449.5,0.528188125
284928537.0,577500.0,0.08962264150943396
294842559.0,174500.0,1.18125
294885028.0,320000.0,0.06666666666666667
294885634.0,357000.0,0.09846153846153846
294886159.0,575000.0,7.455882352941177
294888237.0,312450.0,0.2498
294890225.0,500000.0,0.08256880733944955
294891559.0,524999.0,0.3965494054563532
294891705.0,1584500.0,0.11978798586572438
294891899.0,417500.0,0.006024096385542169
294892985.0,434900.0,0.03794749403341289
294893392.0,630000.0,0.0306200953992922
294894588.0,442500.0,0.0056157429567257455
294973261.0,192950.0,0.21244897959183673
294975682.0,83300.0,7.33
294975775.0,104250.0,0.6207711895234631
295324693.0,1890000.0,0.27307692307692305
295325386.0,1100000.0,0.15319476520400307
295349335.0,1748500.0,0.07973684210526316
295349759.0,1767500.0,0.1403225806451613
295349961.0,2025000.0,0.10655737704918032
295351847.0,1649000.0,0.18567901234567902
295352025.0,1849000.0,0.05179487179487179
295354745.0,1799000.0,0.34795215657847045
295356541.0,739000.0,0.29619047619047617
295359544.0,1387500.0,0.30625
295393478.0,362500.0,0.41583137267541176
295537398.0,489975.0,0.0926388888888889
295537661.0,739975.0,0.24365546218487394
295537730.0,492249.5,0.12876194690265486
295537849.0,630000.0,0.07692307692307693
295538000.0,1363110.0,0.15030379746835443
295538304.0,604999.5,0.06923153846153846
295538304.0,665000.0,0.040525739320920046
295540364.0,698805.0,0.0776190916170589
295540364.0,698805.0,0.07782601810551876
295823627.0,360000.0,0.058823529411764705
295829089.0,479999.5,0.22762020460358057
296360757.0,344950.0,0.08984168865435356
296370387.0,376999.0,0.4200015384615385
296377550.0,446500.0,0.53
296611175.0,1487499.5,0.15000028571428572
296611202.0,427450.0,0.46386986301369865
296611366.0,622447.5,0.2668462897526502
296611834.0,380000.0,0.3153153153153153
296612734.0,604995.0,0.010008347245409015
296612883.0,288400.0,0.42308461692338467
296612883.0,288400.0,0.42308461692338467
296613168.0,387312.5,0.04367283950617284
296613445.0,700000.0,0.21760306140198296
296614346.0,394950.0,0.012378094523630907
296614346.0,394950.0,0.012378094523630907
296614814.0,604995.0,0.1767655463328344
296620292.0,404750.0,0.10055555555555555
296620769.0,417495.0,0.5486540540540541
296620951.0,520000.0,0.23641703377386197
296625368.0,332500.0,0.14721723518850988
296627177.0,417495.0,0.44334
296631041.0,519495.0,0.01029719946656506
299247790.0,459990.0,0.1797640420620672
299402145.0,644950.0,0.15126990393472825
299590399.0,283000.0,0.6226666666666667
299600643.0,1225000.0,0.020833333333333332
299722352.0,379450.0,0.2690635451505017
299768893.0,393450.0,2.9345
299899944.0,385000.0,0.24193548387096775
299902517.0,424500.0,14.436363636363636
299903454.0,712500.0,0.22972972972972974
299908544.0,427500.0,0.08458244111349036
299909248.0,245750.0,0.8291177748804868
299909942.0,747500.0,0.02287581699346405
299909942.0,747500.0,0.02287581699346405
299910758.0,667450.0,0.1497452229299363
299910963.0,650000.0,0.056910569105691054
299925419.0,427450.0,0.10947731141106544
299996371.0,420000.0,0.034482758620689655
300075606.0,820000.0,0.27111111111111114
300078650.0,507000.0,0.22
300106866.0,689500.0,0.007913669064748202
300110833.0,401000.0,0.030229746070133012
300196136.0,2500000.0,0.5370370370370371
300201602.0,3097500.0,0.06994818652849741
300272159.0,414750.0,0.5650943396226416
302015180.0,704450.0,0.18560693641618498
302015180.0,704450.0,0.18560693641618498
302016416.0,9625000.0,0.65625
302795882.0,840000.0,0.3142857142857143
302797626.0,1796500.0,0.35144404332129964
302798470.0,1819500.0,0.5274025974025974
302804991.0,674950.0,0.038544391444837664
303786389.0,184500.0,14.375
303786760.0,198750.0,0.16911764705882354
303787922.0,65000.0,0.3434343434343434
303806513.0,717500.0,0.1303030303030303
303806914.0,1597000.0,0.19949874686716793
303877149.0,772500.0,0.19109947643979058
303877239.0,1338497.5,0.564007328990228
303981518.0,336950.0,0.49323206497217625
303983103.0,327450.0,0.23147799924783755
303983424.0,207400.0,0.8702939337085679
303984568.0,1775000.0,0.112056028014007
304755013.0,387000.0,0.17272727272727273
304917228.0,1145000.0,0.11923009171545516
305156656.0,1937500.0,0.25766283524904215
305255099.0,398500.0,0.07325581395348837
305255123.0,1375000.0,0.375001375001375
305255241.0,398500.0,0.07325581395348837
305255533.0,1437000.0,0.30636363636363634
305255856.0,430000.0,0.14
305281419.0,415000.0,0.03689951264794616
305285801.0,378500.0,0.32410714285714287
305286174.0,664900.0,0.13078231292517006
305339350.0,434750.0,0.380202546112575
305342157.0,329900.0,0.1541025641025641
305342447.0,339900.0,0.21862068965517242
305344641.0,719000.0,0.12519561815336464
305345990.0,342000.0,0.14
305349956.0,514950.0,0.10443478260869565
305428102.0,372850.0,0.03598221728257849
305431000.0,0.0,
305433236.0,462450.0,0.32507163323782234
305434052.0,369450.0,0.2611
305487634.0,884200.0,0.4736666666666667
305490050.0,667500.0,0.29736842105263156
305507811.0,224000.0,0.8506666666666667
306328263.0,617500.0,0.04263565891472868
306328803.0,349000.0,0.26526315789473687
306328803.0,359000.0,0.15529411764705883
306330496.0,409950.0,0.37792109256449163
306333185.0,329950.0,0.37152380952380953
306364946.0,1300000.0,0.5185185185185185
306365445.0,532500.0,0.38439306358381503
306365843.0,382500.0,0.5864864864864865
306365845.0,1165000.0,0.1618705035971223
306370329.0,432400.0,0.22633964276193017
306390972.0,1572241.0,0.2577928
306392778.0,696250.0,0.1285982478097622
306393228.0,766000.0,0.1936842105263158
306394972.0,732500.0,0.07720588235294118
306397472.0,1711480.0,0.2558782608695652
306404714.0,696250.0,0.05784844384303112
306558927.0,182500.0,0.17045454545454544
306645038.0,1247210.0,0.25347738693467337
306760191.0,642500.0,0.04592904978988165
307238684.0,679500.0,0.029285714285714286
307238684.0,679500.0,0.029285714285714286
307878340.0,899000.0,0.15256410256410258
307880322.0,687450.0,0.1459409901650275
307880889.0,1125000.0,0.13394919168591224
307901186.0,326900.0,0.066
307901306.0,372500.0,0.14367816091954022
307901306.0,372500.0,0.14367816091954022
308907441.0,716000.0,0.1737704918032787
308917983.0,692499.5,0.15435822637106184
308918795.0,366450.0,0.1854856634807735
308918840.0,575050.0,0.13526315789473684
308924355.0,344950.0,0.4079591836734694
308924690.0,307450.0,0.03891841200375117
308924756.0,320000.0,0.2289156626506024
308924794.0,341500.0,0.1013157894736842
309909295.0,1157500.0,0.12378640776699029
309909418.0,325000.0,0.09243697478991597
310727412.0,327500.0,0.08748955140707718
310728400.0,579995.0,5.705144508670521
315140841.0,637000.0,0.2505000588304506
315199590.0,407250.0,0.14245104232469993
316318563.0,96950.0,5.463333333333333
316646875.0,407500.0,0.18336673346693386
316676210.0,692500.0,0.0036231884057971015
316821545.0,427500.0,0.35714285714285715
316821639.0,584500.0,0.02561852956659063
316821891.0,426950.0,0.23753623188405798
316823142.0,175000.0,0.16666666666666666
316823294.0,394450.0,0.17822916666666666
316864441.0,717450.0,0.2159016393442623
316879782.0,664450.0,0.1358119658119658
316882667.0,410000.0,0.5751295336787565
316884185.0,664450.0,0.26172222222222224
316884244.0,402500.0,0.2937357431128268
316884374.0,662950.0,0.10491666666666667
317106501.0,385450.0,0.29790528233151187
317349350.0,693500.0,0.1774193548387097
318217090.0,1497500.0,0.24791666666666667
318226197.0,719000.0,0.7432142857142857
318226457.0,641125.0,0.06854166666666667
318294664.0,1655000.0,0.3104166666666667
318347897.0,589975.0,0.11281954887218044
318351289.0,627450.0,0.04903000909366475
318352387.0,424000.0,0.07341772151898734
318397467.0,514750.0,0.25855745721271395
318398627.0,456000.0,0.163302752293578
321901220.0,2672499.5,0.709352963567156
321905089.0,210000.0,0.9363636363636364
321910840.0,927500.0,0.36597938144329895
323071487.0,687444.0,0.05760615384615385
325645980.0,1912500.0,0.2029589497812044
325646474.0,775000.0,0.2922374429223744
325720244.0,425000.0,0.19047619047619047
325792423.0,712550.0,0.4518846153846154
325797516.0,489750.0,0.6082
325799459.0,861750.0,0.10699481865284974
325799509.0,699450.0,0.4072457627118644
327853054.0,761500.0,0.22256253190403266
327853430.0,415000.0,0.024691358024691357
329224180.0,337065.0,0.38659690627843496
329224206.0,387450.0,0.29541734860883795
329224240.0,346250.0,0.010714285714285714
329224551.0,414500.0,0.2598214285714286
329225113.0,405350.0,0.16420957133136765
329225180.0,400000.0,0.058823529411764705
331357711.0,229900.0,0.054587155963302755
331358117.0,302500.0,0.11003236245954692
331434878.0,504500.0,0.12111360247467216
331533317.0,336000.0,0.22181818181818183
331561625.0,2497500.0,0.2645569620253165
331570374.0,336000.0,0.11578947368421053
331571262.0,359245.0,0.12379268292682927
331626792.0,627250.0,0.16355514068542473
331628834.0,643500.0,1.2190420359322736
331640234.0,1597500.0,0.3855769230769231
331673135.0,399500.0,0.4527272727272727
331673304.0,380000.0,0.2
331673967.0,474450.0,0.020542052054205204
331673970.0,607500.0,0.1
331674082.0,657500.0,0.025925925925925925
331675050.0,302400.0,0.008
331679426.0,627500.0,0.10572687224669604
331679577.0,384700.0,0.09914285714285714
331696209.0,689000.0,0.48582089552238805
331699938.0,707500.0,0.16272189349112426
331700425.0,794000.0,0.019255455712451863
331700473.0,714950.0,0.04033557046979866
331719987.0,470000.0,0.06842464196408275
331719987.0,470000.0,0.11904761904761904
332843789.0,379450.0,0.2648333333333333
332849922.0,1599500.0,0.0021929824561403508
332851858.0,2725000.0,0.16145718738893156
332852702.0,1724450.0,0.1356140350877193
332853558.0,495000.0,0.7531172069825436
332855005.0,1076250.0,0.475
332857468.0,1674000.0,0.1579476861167002
332859830.0,524000.0,0.5969230769230769
332860322.0,0.0,
332862973.0,1673000.0,0.02638036809815951
332927272.0,547500.0,0.5989010989010989
332930113.0,65000.0,3.3333333333333335
333015660.0,1249000.0,0.13545454545454547
333079182.0,347500.0,0.1587195731910637
333079556.0,320000.0,0.12280701754385964
333079624.0,333450.0,0.1118706235411804
333081241.0,309000.0,0.4
333081348.0,345000.0,0.1686746987951807
333136392.0,331499.5,0.4371825127334465
333139044.0,0.0,
333139637.0,0.0,
333139786.0,151000.0,0.025806451612903226
333139922.0,330000.0,0.29772291977016385
333140187.0,0.0,
333140301.0,387500.0,0.07517899761336516
333192173.0,399999.5,0.11109246872152714
333210137.0,632000.0,0.07058823529411765
333211363.0,1872500.0,0.4571984435797665
333211591.0,1397500.0,0.1238244514106583
333211976.0,652500.0,0.44468085106382976
333212481.0,617475.0,0.0351953125
333419096.0,435000.0,0.5857142857142857
333449288.0,777500.0,0.15489130434782608
333532090.0,226250.0,0.2639664804469274
333532838.0,574500.0,0.040901502504173626
333533331.0,223500.0,0.036637931034482756
333535163.0,223500.0,0.02826086956521739
333535716.0,274999.5,0.6820815028901734
333535935.0,288000.0,0.21095890410958903
333537175.0,328500.0,0.004545454545454545
333537953.0,352500.0,0.0472972972972973
333541395.0,316499.5,0.010935971674911484
333544762.0,342500.0,0.19030732860520094
333606055.0,1497000.0,0.37494780793319415
333606055.0,1497000.0,0.37494780793319415
333606108.0,1233750.0,0.27383755150088285
333705038.0,374950.0,0.07189822755860492
333708364.0,1537499.5,0.6657609782608696
333709961.0,1812500.0,0.07051282051282051
333749349.0,419000.0,0.1047008547008547
334260653.0,612500.0,0.0040650406504065045
334260693.0,420000.0,0.4473684210526316
335654716.0,2520450.0,0.3269826435246996
335695634.0,640000.0,0.06666666666666667
335695852.0,620000.0,0.023622047244094488
336016930.0,349750.0,0.35825688073394496
336767176.0,339500.0,0.19166666666666668
336768833.0,289900.0,0.17147756501857675
336773169.0,512500.0,0.1598360655737705
336773421.0,330000.0,0.23595505617977527
336774306.0,234525.0,0.022608876849343613
336775125.0,282450.0,0.11684460260972716
336775489.0,242495.0,0.10225
336776354.0,304000.0,0.1760154738878143
336884258.0,0.0,
336885207.0,606555.0,0.13225321888412017
336887142.0,339950.0,0.14585427135678392
336887642.0,332000.0,0.38404452690166974
336887978.0,355000.0,0.3425925925925926
336916616.0,850000.0,0.4166666666666667
336916646.0,445500.0,0.15142857142857144
336916799.0,397000.0,0.1676470588235294
336917179.0,367500.0,0.3181818181818182
336917586.0,380000.0,0.17391304347826086
336919300.0,384950.0,0.054657534246575344
337059165.0,0.0,
337059167.0,0.0,
337059168.0,0.0,
337059178.0,0.0,
337059577.0,352450.0,0.259199714183637
337059577.0,352450.0,0.259199714183637
337059587.0,274700.0,0.015412186379928316
337060438.0,400000.0,0.29449838187702265
337060846.0,2625000.0,0.3225806451612903
337061325.0,357400.0,0.046679114430514805
337061325.0,357400.0,0.046679114430514805
337061453.0,386000.0,0.043243243243243246
337092368.0,429450.0,0.22700350572430206
337096278.0,329900.0,0.24160919540229886
337097219.0,349500.0,0.09197194076383476
337097708.0,404500.0,0.39530872714729215
337097764.0,212500.0,0.07608695652173914
337098339.0,400000.0,0.1111111111111111
337099395.0,374900.0,0.013517166801838334
337099663.0,321900.0,0.024249772658381328
337099739.0,374900.0,0.013517166801838334
337099901.0,1247000.0,0.0024
337100396.0,347500.0,0.38495575221238937
337100686.0,312490.0,0.11974647887323944
337102743.0,177950.0,0.2853413654618474
337141098.0,439950.0,0.0862962962962963
337142959.0,620000.0,0.046153846153846156
337145894.0,754900.0,0.03834394904458599
337146010.0,1125000.0,0.0425531914893617
337200889.0,486000.0,0.39851485148514854
337200913.0,837000.0,0.35615384615384615
337202299.0,3245000.0,0.4546218487394958
337341652.0,737500.0,0.03146853146853147
337341652.0,737500.0,0.03146853146853147
337444497.0,354950.0,0.014027777777777778
337501025.0,555000.0,0.18859649122807018
337513539.0,655000.0,0.1391304347826087
337524314.0,474900.0,0.09542857142857143
337583517.0,657000.0,0.17875
337608622.0,649999.5,0.21202630621893562
337609031.0,1437500.0,0.25622651402604213
337609494.0,1477500.0,0.17916666666666667
337609558.0,1195000.0,0.195001195001195
337612004.0,448500.0,0.1865079365079365
337612330.0,1600000.0,0.4666666666666667
337612333.0,1872499.5,0.1674079590929302
337612403.0,644900.0,0.030225563909774437
337614622.0,642450.0,0.3230242360379347
337615850.0,1800000.0,0.19964428634948866
337616068.0,691999.5,0.17619107142857143
337616898.0,597500.0,0.3194760820045558
337618912.0,392500.0,0.317984361424848
337618914.0,399950.0,0.2381904761904762
337619506.0,439950.0,0.22132743362831858
337619695.0,445000.0,0.19090909090909092
337619917.0,1400000.0,0.388646288209607
337619973.0,461995.0,0.1600090909090909
337663885.0,430250.0,0.2184377838328792
337674745.0,374500.0,0.09759036144578313
337778257.0,997450.0,0.23273076923076924
337808670.0,505000.0,0.09821428571428571
337831895.0,346000.0,0.002898550724637681
337832537.0,293750.0,0.12313432835820895
337833331.0,293750.0,0.06746031746031746
337854809.0,782500.0,0.06006006006006006
337854818.0,849475.0,0.08164864864864865
337888056.0,2250000.0,0.7567567567567568
337889408.0,389950.0,0.18166666666666667
337895923.0,364450.0,0.2989998076553183
337896253.0,582500.0,0.29393939393939394
337911809.0,364500.0,0.04078947368421053
337912362.0,687500.0,0.2205215419501134
337912743.0,422500.0,0.19523809523809524
337913127.0,525060.5,0.286356296874193
337913265.0,612900.0,0.019344309508952145
337913317.0,649990.0,0.0
337913325.0,464990.0,0.3357171837231495
337913325.0,464990.0,0.33571908170116715
337967081.0,727500.0,0.17338709677419356
337967850.0,1161250.0,0.660453216374269
337967896.0,190000.0,0.1377245508982036
338003683.0,321995.0,0.35588117623524707
338005382.0,352400.0,0.0843076923076923
338006264.0,198950.0,0.1566341670199237
338006290.0,198950.0,0.11965131200495598
338007065.0,347500.0,0.10317460317460317
338007208.0,387500.0,0.10817031070195628
338007484.0,625200.0,0.026092374795544826
338007713.0,334450.0,0.30322916666666666
338008026.0,652500.0,0.12694300518134716
338008223.0,372000.0,0.0782608695652174
338008350.0,317497.5,0.0583285277617592
338048731.0,395350.0,0.21646153846153846
338048970.0,402500.0,0.61
338053300.0,352450.0,0.17070588235294118
338054419.0,385350.0,0.42722750825003053
338057872.0,309500.0,0.12545454545454546
338058165.0,494500.0,0.109009009009009
338061074.0,292000.0,0.24136139256949857
338182998.0,207194.0,0.1330794979079498
338213427.0,584758.0,0.31953453191365566
338213431.0,386990.0,0.34408474576271186
338214030.0,356500.0,0.20777777777777778
338214280.0,204949.5,0.24211818181818182
338228110.0,209500.0,0.39667597783985226
338246211.0,224999.5,0.15201808416406823
338340969.0,799500.0,0.12718340611353712
338361008.0,297400.0,0.13167883211678832
338362338.0,434900.0,0.08422825858075385
338425159.0,700000.0,0.0967741935483871
338425742.0,425000.0,0.1038961038961039
338426134.0,944000.0,0.656140350877193
338426546.0,650000.0,0.026531901452937462
338426663.0,502495.0,0.46928362573099414
338427217.0,407500.0,0.15979381443298968
338427635.0,685000.0,0.1810344827586207
338428668.0,689900.0,0.0532824427480916
338431026.0,790000.0,6.181818181818182
338431027.0,790000.0,6.181818181818182
338431534.0,367500.0,0.265
338431617.0,349500.0,0.10952380952380952
338435569.0,852500.0,0.24222222222222223
338435751.0,797000.0,0.2747952684258417
338520798.0,359950.0,0.027162162162162162
338551899.0,382000.0,0.20400083350698062
338551965.0,696000.0,0.2672912938204021
338552067.0,643500.0,0.07939914163090128
338552203.0,447450.0,0.5162702702702703
338552429.0,232000.0,0.884
338552540.0,384067.0,0.16507173913043477
338552573.0,660000.0,0.2
338552990.0,1995000.0,0.5556792873051225
338553144.0,844990.0,0.24889777777777777
338553543.0,359950.0,0.14269841269841269
338553686.0,948500.0,0.5176
338553686.0,948500.0,0.5176
338553778.0,384067.0,0.16507173913043477
338554685.0,372500.0,0.1829152111781518
338593834.0,7372500.0,0.1427325581395349
338593958.0,852500.0,0.38624910007199426
338594352.0,4465000.0,0.7448571428571429
338594473.0,642950.0,0.8686516853932584
338595603.0,4212500.0,0.7945121951219513
338639491.0,1325000.0,0.03636363636363636
338644306.0,495377.0,0.417134957053771
338675239.0,1447500.0,0.1488095238095238
338676307.0,1476000.0,0.27111111111111114
338711224.0,447450.0,0.38282758620689655
338712402.0,2162500.0,0.2543103448275862
338712580.0,404000.0,0.026271390696553387
338714045.0,347949.5,0.15237637028014617
338717429.0,411950.0,0.03245614035087719
338717515.0,345000.0,0.11538461538461539
338719089.0,392500.0,0.09164545244156445
338720618.0,398000.0,0.0776361529548088
338740895.0,3050000.0,0.8474618654663666
338740940.0,1500000.0,0.3997599039615846
338742097.0,1582241.0,0.011099375
338742376.0,1980000.0,0.7656804733727811
338810470.0,200000.0,0.5917534190651154
338821228.0,639250.0,0.08347457627118644
338824025.0,521075.0,0.1728968253968254
338880223.0,945000.0,0.005263157894736842
338881416.0,796500.0,1.4890625
338906644.0,745000.0,0.2133051742344245
339131010.0,772500.0,0.382
339153711.0,732000.0,0.1619047619047619
339154371.0,450000.0,0.3274336283185841
339154555.0,351992.5,0.03537270485064401
339376219.0,1337500.0,0.46392785571142287
339377765.0,387450.0,0.2251
339418546.0,337500.0,0.21493370551290997
339418630.0,411697.5,0.07483707865168539
339419373.0,309995.0,0.1599051490514905
339419383.0,287880.0,0.07135483870967742
339419728.0,362500.0,0.24479166666666666
339420037.0,625000.0,0.09668362870679066
339420159.0,450490.0,0.021542438604049977
339422181.0,292945.0,0.023191063687895964
339422641.0,354900.0,0.07905138339920949
339422770.0,244695.0,0.017485134517027736
339422904.0,361950.0,0.019864750633981403
339422905.0,389760.0,0.09822485207100591
339423139.0,231750.0,0.07790697674418605
339423310.0,266230.0,0.04444880345233425
339423770.0,195000.0,0.1095890410958904
339423770.0,182000.0,0.1689497716894977
339423777.0,318990.0,0.2989230769230769
339424008.0,370000.0,0.03064066852367688
339448125.0,1572500.0,0.43029961252296667
339460467.0,423950.0,0.9718604651162791
339461320.0,489450.0,0.09344323022781997
339461732.0,717500.0,0.043333333333333335
339484514.0,422400.0,0.1118715451434588
339484950.0,695000.0,0.07947019867549669
339487111.0,587500.0,0.16071428571428573
339487320.0,658992.5,0.04408500922562752
339488283.0,430400.0,0.18938363775392972
339488312.0,545599.5,0.029547628886989308
339488471.0,667999.5,0.07350328365661343
339488645.0,477990.0,0.15067787274116456
339489038.0,494945.0,0.18409027837586964
339489388.0,600000.0,0.32972277333905303
339489576.0,607561.0,0.06360321342228774
339490481.0,610000.0,0.07017543859649122
339490482.0,598061.0,0.17441870096022705
339779693.0,5700000.0,0.78125
339853351.0,279000.0,0.03333333333333333
339853621.0,363490.0,0.11846518354410905
339853679.0,292500.0,0.06364023141902334
339853809.0,420000.0,0.4
339853848.0,277999.0,0.33809761904761904
339854187.0,220000.0,0.08333333333333333
339855318.0,339450.0,0.15031289111389237
339856093.0,313950.0,0.01890625
339856172.0,321950.0,0.1460212201591512
339858473.0,219999.5,0.4499998749996875
339858677.0,302500.0,0.12037037037037036
339859081.0,369995.0,0.12215497258476657
339859082.0,361995.0,0.10575020442042178
339859083.0,370990.0,0.07963025443575597
339859089.0,329490.0,0.13164136622390893
339859094.0,383990.0,0.0663833325634037
339859098.0,329500.0,0.1997746254483812
339859481.0,338710.0,0.26206971677559915
339859759.0,299950.0,0.15365384615384614
339864075.0,165000.0,0.32
339865368.0,372450.0,0.05708860759493671
339865469.0,391450.0,0.03142629036975361
339865976.0,314500.0,0.046940816388375405
339866385.0,412500.0,0.08012568735271014
339866396.0,354711.5,0.07119272060748887
339867000.0,396351.0,0.2792307692307692
339867226.0,352392.5,0.03427651411345574
339867229.0,372400.0,0.15917814405057576
339867236.0,435000.0,0.18206521739130435
339867304.0,650000.0,0.08164202406097897
339867608.0,727500.0,0.1549452294014923
339868417.0,1137850.0,0.644421875
339889529.0,689000.0,0.3075376884422111
339889547.0,725000.0,0.15204678362573099
339901699.0,717497.0,0.34773
339916797.0,317500.0,0.27
339920880.0,738900.0,0.07056603773584906
339922795.0,551249.5,0.35070730270906947
339924361.0,577500.0,0.19072164948453607
339941795.0,379990.0,0.22187208591916138
339941810.0,277490.0,0.0755843249738362
339967822.0,432742.0,0.1856270034795474
339968640.0,877925.0,0.33940933032355153
339977688.0,313900.0,0.10732059675006683
339979439.0,652500.0,0.24127906976744187
339994627.0,694450.0,0.021887632220172114
339994678.0,695000.0,0.0859544680385631
340029269.0,270000.0,0.22411563550676744
340029270.0,284945.0,0.22567189325796896
340047123.0,687950.0,0.11686927945159759
340053632.0,1450000.0,0.37196812196812196
340057745.0,323740.0,0.14803021132135055
340066714.0,574995.0,0.21233453744457184
340067115.0,507650.0,0.027471790647330407
340426866.0,448231.5,0.3398652430044183
340426869.0,588245.0,0.3307792946530148
340709464.0,390425.0,0.2050340283029059
340734378.0,837000.0,0.16216216216216217
340739692.0,439625.0,0.08599970893365766
340740562.0,659990.0,0.04761980348894427
340740562.0,659990.0,0.04761980348894427
340780670.0,659990.0,0.0
340780670.0,659990.0,0.0
341531318.0,554950.0,0.20602332069532872
341772391.0,440401.0,0.19912529550827424
341783377.0,226449.5,0.02769643623872907
341796581.0,435425.0,0.2095474874302064
341796584.0,523584.0,0.5176787732977768
341868952.0,352246.5,0.11473939048704072
341949058.0,678000.0,0.5890909090909091
342372700.0,625000.0,0.0
342372701.0,625000.0,0.0
342372702.0,625000.0,0.0
342372703.0,625000.0,0.0
342373481.0,625000.0,0.0
342373482.0,625000.0,0.0
342376820.0,847000.0,0.21935483870967742
342376821.0,847000.0,0.19333333333333333
342378409.0,1567450.0,0.20582352488652975
342395468.0,1362500.0,0.4549781991279651
342395580.0,1627500.0,0.1567357512953368
342413054.0,412447.5,0.07716766779838077
342637267.0,419900.0,0.04546487838145033
342774241.0,0.0,
342789914.0,193500.0,0.04032258064516129
342803424.0,1449449.5,0.223267364334543
342839563.0,614200.0,0.06263159624843642
342869249.0,504500.0,0.016569200779727095
342978783.0,737475.0,0.17996943975551805
343003473.0,1425000.0,0.07736056490137146
343003507.0,572000.0,0.13201820940819423
343006899.0,596445.0,0.24491074819597417
343010641.0,596445.0,0.20990197377136044
343016320.0,344444.0,0.09386194456441656
343052434.0,387000.0,0.2696735233062842
343052447.0,343490.0,0.11526348258060326
343052449.0,300992.5,0.10663075848376778
343058116.0,326900.0,0.02479701558042572
343058125.0,372490.0,0.20161940707764767
343058126.0,298490.0,0.13498612114529068
343161489.0,473490.0,0.06823571084195094
343442372.0,373400.0,0.037842044554386646
343443761.0,744310.0,0.7476906701378648
343572098.0,229945.0,0.110850777056894
343574707.0,398000.0,0.2070133492727635
343575514.0,592450.0,0.24464285714285713
343600648.0,341867.0,0.21665183814370617
343600676.0,593700.0,0.08787832232293748
343600729.0,640945.0,0.20171254203512268
343800398.0,322745.0,0.13247833257307273
343811167.0,341002.0,0.028456651186643495
343869114.0,714500.0,0.008006207456001129
343927340.0,273499.0,0.043676352320011186
343927356.0,361900.0,0.26101954771943275
343971111.0,500000.0,0.5274057410750574
343976557.0,450445.0,0.13706201268223528
343976853.0,329000.0,0.2727272727272727
343983218.0,337450.0,0.021316705336426916
343990325.0,393990.0,0.2468432545333713
343990337.0,383990.0,0.23473423582751857
344025366.0,341950.0,0.050138888888888886
344069644.0,326992.5,0.0762793259791805
344069722.0,694055.0,0.1606464991053362
344084332.0,405525.0,0.002038547071905115
344084333.0,367345.0,0.0384897264755922
344091028.0,214999.0,0.2647074394555262
344092522.0,336000.0,0.3
344471283.0,429965.0,0.1683301417822395
344511393.0,229400.0,0.10821791409620336
344511987.0,228497.0,0.14249071245356226
344545204.0,377000.0,0.3709090909090909
344550710.0,428847.5,0.05393831408208405
344551417.0,576490.0,0.5195916666666667
344597670.0,1199500.0,0.09045454545454545
344604026.0,214950.0,3.776666666666667
344617283.0,226449.5,0.04451284604576391
344617432.0,298490.0,0.12638160898720371
344621222.0,209999.5,0.6153931953322718
344623029.0,229199.5,0.15757907868221557
344627154.0,209999.5,0.6535393700787402
344647477.0,528750.0,0.3705357142857143
344704955.0,194949.5,0.11386188119036905
344713080.0,1749500.0,0.591901728844404
344724005.0,215700.0,0.7674228031320827
344724024.0,0.0,1.0
344725782.0,1954500.0,15.776824034334764
344735387.0,372194.5,0.13823917573512387
344791534.0,386207.0,1.3420679199514858
344791540.0,227499.0,0.46868302130406714
344791604.0,403990.0,4.056195244055069
344791614.0,425945.0,1.1854540790148795
344791639.0,209499.0,1.097087087087087
344974994.0,293500.0,0.16142857142857142
345029208.0,317388.0,0.6007698113207547
345061475.0,352250.0,0.0064285714285714285
345113471.0,303750.0,0.10582867235796291
345123005.0,442445.0,0.3346591678070347
345363531.0,370000.0,0.17672581632085443
345364870.0,371500.0,0.06158022574653522
345407849.0,360385.0,0.16290738948047756
345426561.0,352990.0,0.0809682130964438
345435208.0,386990.0,0.22857868503762024
345435213.0,343990.0,0.13531799729364005
345446933.0,575000.0,0.28125
345453555.0,3260000.0,0.4280701754385965
345457692.0,771995.0,0.31493921377229567
345457728.0,1056900.0,0.02310749607172567
345463845.0,982000.0,0.22616233254531126
345576123.0,361950.0,0.44229583975346687
345613833.0,65400.0,0.37714285714285717
345640249.0,483450.0,0.09321444179560234
345677435.0,667500.0,0.17105468606085275
345987823.0,1725000.0,0.56875
345996916.0,299499.5,0.45535642844153484
346134786.0,535471.5,0.352542308663804
346176275.0,658150.0,0.09203406993331144
346176317.0,663050.0,0.11550287806732609
346210084.0,764499.5,0.14961123470522802
346215156.0,371450.0,0.03790366863169673
346215168.0,412500.0,0.036282503562834384
346215169.0,384450.0,0.10478519035976248
346215186.0,371450.0,0.03497422787546244
346220351.0,669500.0,0.029710144927536233
346229964.0,383945.0,0.11644373364350102
346271359.0,2212500.0,0.14903846153846154
346388057.0,488490.0,0.05074209507420951
346409706.0,1285000.0,0.07301871275843662
346546779.0,178450.0,0.05591715976331361
346658812.0,314500.0,0.08448275862068966
346682967.0,524900.0,0.09186851211072665
346732278.0,367000.0,0.11550151975683891
346780097.0,917000.0,0.253257328990228
346877762.0,338995.0,0.5156522360337191
346923506.0,371000.0,0.1566265060240964
346924299.0,602497.5,0.24304604560587978
346952092.0,408000.0,0.2
347039788.0,409996.5,0.4027727603787327
347048504.0,2230000.0,0.20540540540540542
347051870.0,245195.0,0.09242593005123635
347111063.0,612450.0,0.02075
347111624.0,388928.0,0.29642666666666667
347128492.0,443944.5,0.11292178490849837
347138891.0,362450.0,0.050579710144927535
347144564.0,669679.0,0.2796052065404475
347233378.0,2287500.0,0.2620967741935484
347242880.0,437869.0,0.0682337155403757
347246818.0,426495.0,0.09638817480719794
347246818.0,426495.0,0.09638817480719794
347248043.0,1975000.0,0.26851851851851855
347332170.0,477490.0,0.2277142695525627
347363425.0,352246.5,0.2568325667749694
347363428.0,352246.5,0.2174908363878707
347363432.0,385566.0,0.11969223041621954
347363446.0,399225.0,0.14511017366538898
347363452.0,394097.0,0.38803863414028167
347366561.0,710300.0,0.05118751836712885
347393498.0,434750.0,0.20810564663023678
347400584.0,339037.0,0.13533027288956898
347400585.0,339037.0,0.11420770738079686
347400586.0,339037.0,0.1278790996784566
347418771.0,797000.0,0.10949720670391061
347500752.0,600000.0,0.01654337945198519
347568624.0,4047500.0,0.0006172839506172839
347570736.0,852500.0,0.21788990825688073
347656341.0,317450.0,0.2441486702064335
347764269.0,737475.0,0.06642825495284511
347767841.0,646425.0,0.1743198365053008
347767901.0,321500.0,0.20412436001632964
347767904.0,293945.0,0.14822714151227154
347768004.0,228199.5,0.045186381532977125
347768005.0,214499.0,0.04126233622493313
347768006.0,292500.0,0.5314216304797408
347768007.0,214999.0,0.06435675424135763
347768964.0,322000.0,0.4134790528233151
347770644.0,1275000.0,0.1206896551724138
347775025.0,350495.0,0.21057906709610577
347775051.0,343490.0,0.24836429681174643
347775059.0,281990.0,0.14024817829811884
347775076.0,319000.0,0.00634089403451213
347775120.0,331240.0,0.2967154292023185
347775125.0,352250.0,0.02150059723881219
347775143.0,303795.0,0.07376749291136925
347775191.0,317494.5,0.07433307093501268
347876784.0,678770.5,0.110386699781781
347932846.0,289997.5,0.033309443648121606
347932862.0,274948.0,0.018363643097892516
347944011.0,182400.0,0.11024390243902439
347951258.0,744500.0,0.06931683230201888
347955805.0,297445.0,2.7180625
348008892.0,695000.0,0.06074734779376985
348018041.0,507650.0,0.1403048264182896
348065052.0,389999.5,0.3220322033898305
348140246.0,324740.0,0.08976811302392698
348167616.0,519000.0,0.20153846153846153
348173979.0,1474000.0,0.025776602775941838
348173989.0,1474000.0,0.027704485488126648
348183505.0,313900.0,0.16734845667534398
348243182.0,1196230.5,0.6481675
348244934.0,715005.0,0.11546982012199879
348331138.0,389742.0,0.02240818467995803
348390210.0,1974999.5,0.41172230164403145
348394622.0,324900.0,0.29705776677711687
348395412.0,245195.0,0.06611157006826383
348429268.0,324900.0,0.2716740381228228
348454537.0,296490.0,0.13602053718533277
348467904.0,337138.5,0.18761807228915664
348480674.0,380995.0,0.3135225225225225
348499972.0,334228.5,0.17657427937915743
348499978.0,334228.5,0.1462873563218391
348499983.0,421987.5,0.09921203438395415
348516662.0,1397250.0,0.17658402018276315
348547812.0,336655.5,0.14159206510681588
348583904.0,425844.0,0.048902682332077146
348586723.0,435000.0,0.22535211267605634
348588545.0,373456.0,0.001222520107238606
348601152.0,373400.0,0.01710976572782311
348614835.0,295000.0,0.03278688524590164
348706590.0,307300.0,0.3460310704405193
348724663.0,393700.0,0.009746088740702744
348745465.0,134800.0,0.13032258064516128
348767865.0,494500.0,5.18125
348774978.0,342400.0,inf
348824523.0,531596.0,0.1756923554039386
348874389.0,296994.5,0.020634729715797794
348874397.0,370490.0,0.1435229482391432
348907163.0,734347.5,0.21869613788700926
348908669.0,1237500.0,0.22525965603619838
348934176.0,375000.0,0.2892679459843639
348939329.0,414990.0,3.6161290322580646
348967292.0,284945.0,0.13978
348979696.0,1200000.0,0.24953095684803
348997403.0,199950.0,0.225
349003427.0,414990.0,0.24547135540246437
349008280.0,721500.0,0.1945562012616103
349014369.0,352246.5,0.2758090049342105
349016835.0,347210.0,0.019153083420435604
349016837.0,277500.0,0.07187531355563731
349027609.0,297945.0,0.016911839994539064
349027667.0,326995.0,0.0410422593037919
349029556.0,519295.0,0.14133277654453943
349031689.0,1059214.0,5.833859156746992
349042863.0,1285000.0,0.2862862862862863
349043825.0,188950.0,0.15984882169853268
349050684.0,473745.0,0.04868571658065423
349050686.0,686901.5,0.1662362688670436
349062666.0,0.0,
349154801.0,355000.0,0.28857715430861725
349170096.0,503490.0,0.06759211761721072
349173994.0,586494.5,0.007605048486520054
349179180.0,632400.0,0.09036550693202802
349314739.0,202000.0,0.08181818181818182
349357787.0,413405.0,0.2065010844737903
349358843.0,282494.5,0.05807146335068729
349382870.0,347000.0,0.2601279317697228
349463974.0,1424500.0,0.4063579820317899
349464016.0,614990.0,0.301861732319219
349473366.0,372210.0,0.03319566741993298
349493890.0,364950.0,0.2699539907981596
349494259.0,425000.0,0.09555224515854437
349549717.0,479195.0,0.15034841043280908
349549764.0,541982.0,0.05740621576027409
349552379.0,319492.5,0.5214653078718035
349552382.0,236450.0,0.4244834026146153
349560275.0,499790.0,0.05221162550790543
349582449.0,814990.0,0.4053974823245387
349591842.0,616445.5,0.01289751801441153
349601060.0,326992.5,0.3588382352941176
349601069.0,370990.0,0.27256862745098037
349602256.0,421495.0,0.37747965619791496
349602258.0,312767.0,0.003895028504092487
349602497.0,385498.0,0.05762338963991493
349605796.0,622500.0,0.12323943661971831
349649990.0,394950.0,0.07048717345257707
349651243.0,369900.0,0.2983958720909825
349667001.0,767000.0,0.19862478512267542
349745174.0,75000.0,0.37499479162326355
349749799.0,311490.0,0.2172332942555686
349777010.0,472515.0,inf
349778150.0,385000.0,6.7
349785602.0,983500.0,0.18636911942098913
349791843.0,334990.0,0.13919724534895672
349866852.0,425000.0,0.009872993619978851
349894217.0,1848750.0,0.11964285714285715
349937245.0,604500.0,0.4231870229007634
349956970.0,414700.0,0.2100877151210964
349965914.0,228900.0,1.7745454545454546
349965923.0,232449.5,1.4519989451476794
349970002.0,411950.0,0.10445652173913043
349970004.0,413445.0,0.0248938679245283
350073430.0,308995.0,0.14165671268646352
350100592.0,414530.0,0.40566293658867414
350101749.0,671695.0,0.0638266735424884
350101753.0,546445.0,0.2650271019112564
350101765.0,538495.0,0.2928403524668742
350101771.0,674195.0,0.12949812134436856
350101774.0,685195.0,0.0076684673203087665
350101781.0,605445.0,0.1538036869837454
350101814.0,473114.5,0.35585984833013384
350105002.0,377992.0,0.24020181310177088
350105006.0,356490.0,0.2975428087252951
350105022.0,387490.0,0.0388750368642591
350131188.0,156449.5,1.6118447412353922
350131193.0,408000.0,0.1333648156893247
350135641.0,357500.0,0.15359793481768313
350183011.0,399445.0,0.22422800543794913
350225682.0,519500.0,0.25679542203147354
350240217.0,327000.0,0.00909090909090909
350274587.0,657500.0,8.392857142857142
350274587.0,657500.0,6.305555555555555
350278726.0,155949.5,1.5607471264367816
350280343.0,450445.0,0.18569360357988945
350304633.0,633475.0,0.2358564535585042
350307767.0,359450.0,0.35073182646600154
350313634.0,408775.0,0.13209409966241323
350392428.0,117450.0,0.468125
350407383.0,385750.0,0.1980185720053418
350452040.0,295000.0,0.2804878048780488
350453092.0,374950.0,0.08321657109015008
350453218.0,665000.0,0.1065812463599301
350456759.0,225500.0,0.5033333333333333
350480351.0,290490.0,0.22432576769025367
350487227.0,610000.0,0.7836879432624113
350490485.0,734160.0,0.17417322834645668
350490491.0,646490.0,0.2201568154402895
350519883.0,426172.5,0.07497162315550511
350520884.0,382500.0,0.04335777668844226
350742154.0,957945.0,0.060964669398604496
350742156.0,539450.0,0.47823774059386787
350742160.0,462240.0,0.5667447745805605
350859714.0,308500.0,0.10178571428571428
350922153.0,277500.0,0.03276402927849425
350923470.0,316620.0,0.11525184924269109
350926177.0,303900.0,0.03402517863218782
350926726.0,432495.0,0.05
350926727.0,316620.0,0.10359010108051586
350934890.0,669679.0,0.14757681214025137
350935161.0,318900.0,0.25600630169358013
350937566.0,514945.0,0.38623957091775923
350942658.0,472624.0,0.0034692880952886473
351154260.0,771995.0,0.2974838474838475
351161074.0,1535000.0,0.2182588026142961
351180403.0,355000.0,0.3073170731707317
351229975.0,638975.0,0.20123132695793486
351326887.0,672500.0,0.10333333333333333
351336993.0,641250.0,0.15172961174680866
351337241.0,1080000.0,0.5404255319148936
351355392.0,359892.5,0.11192473781616286
351360973.0,313000.0,0.3028953229398664
351369003.0,589999.5,0.015025876460767947
351372587.0,4762500.0,22.345588235294116
351376642.0,501500.0,0.02787093072393085
351376645.0,509439.0,0.10482930024159513
351386138.0,339950.0,0.13354451483827942
351391057.0,120000.0,0.09090909090909091
351431120.0,378500.0,0.1395771766310525
351475251.0,699475.0,0.22736444990349183
351484545.0,474731.5,0.19309248554913294
351484957.0,424445.0,0.1027409716809561
351489047.0,329900.0,0.10003334444814939
351542563.0,387495.0,0.006742010911925176
351558630.0,459450.0,0.40253576072821845
351569687.0,427425.0,0.4656519564945618
351571944.0,326240.0,0.07315548737180033
351629470.0,416450.0,0.08478770513154467
351630503.0,296995.0,0.3199777777777778
351637452.0,620000.0,0.3088071348940914
351645347.0,200450.0,0.14379457917261054
351673339.0,232500.0,0.04709209393827616
351675657.0,662500.0,0.24285714285714285
351786870.0,642445.0,0.09514151508109212
351797224.0,212000.0,0.46206896551724136
351798178.0,639470.0,0.06991140818324033
351798181.0,615362.5,0.16377898720588135
351798488.0,749500.0,0.1384562331168458
351857732.0,297900.0,0.06317808736123777
351857734.0,347350.0,0.1540250506661351
351858464.0,442500.0,0.1346153846153846
351878351.0,692000.0,0.10709677419354839
351901715.0,409700.0,0.12585875240450672
351902474.0,442450.0,0.22902777777777777
351902695.0,418445.0,0.11585333333333334
351904373.0,684999.5,0.12295
351904460.0,432500.0,0.20349907918968693
351905289.0,497450.0,0.11955752212389381
351905343.0,590288.5,0.32992347833588936
351905352.0,739975.0,0.24365546218487394
351905588.0,442497.5,0.19545909090909092
351907020.0,658992.5,0.05857541839584569
351910188.0,432495.0,0.2345221238938053
351918708.0,462500.0,0.06556217799777755
351919081.0,612500.0,0.07456140350877193
351919235.0,594066.5,0.1649801810412684
351919706.0,739975.0,0.22320026448466815
351920036.0,523584.0,0.06832437395570314
351920044.0,424445.0,0.24204896516009214
351920405.0,408000.0,0.07368421052631578
351921842.0,632400.0,0.07188257428092001
351922003.0,652500.0,0.06115107913669065
351922388.0,649900.0,0.08497495826377295
351922554.0,407500.0,0.2712582464059172
351922578.0,602475.0,0.060714097079173926
351923052.0,644444.0,0.17378868434446712
351923354.0,605475.0,0.06223684210526316
351925950.0,488990.0,0.3040081068828502
351927432.0,327000.0,0.06303724928366762
351929412.0,299995.0,0.13769761425697039
351938223.0,1533750.0,0.0225
351952276.0,620000.0,0.03651903651903652
351958785.0,602500.0,inf
352002659.0,450332.0,0.1819737532808399
352007625.0,490000.0,0.3950617283950617
352019950.0,515000.0,0.4927536231884058
352050105.0,329495.0,0.013830769230769232
352058426.0,407445.0,0.12358571735857174
352136284.0,475990.0,0.43266984505363526
352156372.0,1157500.0,0.24036095159967186
352167421.0,332400.0,0.21788235294117647
352169428.0,429832.5,0.25352143482064743
352173968.0,420500.0,0.11399072903497683
352216792.0,340000.0,0.23636363636363636
352232466.0,460445.0,0.207427489456924
352232467.0,572030.5,0.0758049923257129
352272195.0,359975.0,0.07696351188492012
352272214.0,298490.0,0.18665358729120685
352276246.0,507500.0,0.2690672668167042
352276247.0,329500.0,0.05830237210631609
352289288.0,824990.0,0.011976191331632715
352290081.0,814990.0,0.06857221225385433
352290326.0,378990.0,0.010444136922635057
352290346.0,404492.5,0.011256531413285331
352290469.0,311490.0,0.1889385091034009
352290560.0,359990.0,0.16883665054060196
352290612.0,357710.0,0.07423646355746419
352325328.0,397500.0,0.3639949119592957
352337219.0,321992.5,0.10911518136291952
352358769.0,663769.0,0.1434133436572461
352362764.0,159499.5,0.20210355177588796
352363712.0,400000.0,0.36507936507936506
352370209.0,288495.0,0.022017695515102208
352370225.0,312492.5,0.023430419700615643
352408127.0,322900.0,0.38495238095238093
352412598.0,371500.0,0.3267857142857143
352427167.0,680265.0,0.0750605671263921
352427429.0,651384.5,0.07405135626131876
352431638.0,344842.5,0.2918318102474587
352441878.0,669679.0,0.06468095930810261
352441879.0,669679.0,0.03187081564572917
352450638.0,270000.0,0.0753107983150108
352450647.0,385750.0,0.33205566490555616
352453437.0,439425.0,0.06918659821406847
352458429.0,344444.0,0.20984896382156656
352459391.0,673975.0,0.13035483870967743
352481909.0,379990.0,0.24590970195744122
352574238.0,850000.0,0.1643835616438356
352578191.0,396332.5,0.09817816569686894
352579528.0,324900.0,0.25444015444015444
352628477.0,598750.0,0.11551001397298556
352628482.0,662000.0,0.08524590163934426
352635090.0,458124.5,0.12738190476190475
352635325.0,347990.0,0.3442119387008993
352642730.0,514445.0,0.1634904632595652
352642853.0,503240.0,0.33344812514073036
352642873.0,725495.0,0.029085518943531116
352642955.0,373000.0,0.10863642881040003
352643178.0,646490.0,0.0775012916881948
352643528.0,224500.0,0.8574603174603175
352643551.0,1124995.0,0.16667037037037036
352643893.0,397500.0,0.4190125405595019
352664099.0,1362500.0,0.24664777556863152
353305303.0,427347.5,0.013031478787038961
353305305.0,552900.0,0.2948781001897
353449645.0,430842.5,0.12961111111111112
353478285.0,397200.0,0.04553829955251382
353491431.0,390425.0,0.2228415028614083
353501529.0,685000.0,0.19557306347707554
353517757.0,270000.0,0.2553572906037122
353534367.0,417500.0,0.28936170212765955
353558842.0,343490.0,0.0870280705085604
353558845.0,312415.5,0.03795973288149108
353688196.0,737475.0,0.1380787037037037
353689296.0,245000.0,0.751269035532995
353703812.0,599990.0,0.17878543782785516
353725894.0,291490.0,0.005172592158350288
353741407.0,785008.0,0.15590537634408602
353753849.0,352850.0,0.11765441360340086
353758303.0,307500.0,0.008064516129032258
353919916.0,355495.0,0.0013904884968678896
353919917.0,351992.5,0.03561056467300474
353922728.0,616745.0,0.009244979919678716
359217608.0,1200000.0,0.12727272727272726
363829968.0,430445.0,0.17222115384615386
364459975.0,1500963.0,0.17722588235294118
364675873.0,530000.0,0.4021164021164021
364815175.0,343490.0,0.522864286706487
364873030.0,662000.0,0.43659574468085105
365364128.0,464990.0,0.02105307480157477
365364128.0,464990.0,0.02105307480157477
366570952.0,372000.0,0.05583756345177665
366575637.0,554450.0,0.7684968684759916
366575698.0,462240.0,0.32106316090311515
366575703.0,454990.0,0.24688955878322827
366575703.0,454990.0,0.23003514463368477
366596190.0,1675250.0,0.6392039061047564
366596192.0,686901.5,0.30050051426185603
369779525.0,580000.0,0.09375
369781987.0,1362500.0,0.00909090909090909
369781987.0,1362500.0,0.00909090909090909
370609931.0,469445.0,0.32241753288825037
370655059.0,837500.0,0.2647058823529412
370679964.0,685000.0,0.041824031333053575
370798621.0,2137250.0,0.09053191489361702
374970015.0,425710.0,0.1274646443943431
374970127.0,414990.0,0.05231788079470199
375603312.0,559950.0,0.120124024804961
376393152.0,667500.0,0.03335119401039781
376990823.0,1233453.5,0.2083096919127086
376990830.0,479023.5,0.18533418367346938
376995851.0,340389.0,0.36707899915659264
377046584.0,380995.0,0.1545652898572684
377046828.0,415000.0,0.18574816423326382
377090870.0,449945.0,0.19645504062862756
377090870.0,449945.0,0.19645504062862756
377549644.0,411950.0,0.14462350652959155
379928053.0,734347.5,0.22692125486893358
380366719.0,363142.0,0.04984677652500723
380500814.0,2275000.0,0.052083333333333336
380842140.0,341944.0,0.06894913219626869
380843185.0,367495.0,0.22502416747224907
380844950.0,429500.0,0.20985915492957746
381454576.0,642450.0,0.04463414634146341
381963678.0,312500.0,0.034802476903208715
382077686.0,1299000.0,0.2371440353752718
382150125.0,793062.0,0.05741740988987985
384522282.0,314950.0,0.025899107163215515
384806578.0,814990.0,0.04678417291430309
384981109.0,790000.0,0.10217070121604728
385749704.0,195000.0,0.21875
387562957.0,245195.0,0.033531444950261335
387648722.0,238865.0,0.002609712305315462
387754076.0,374000.0,0.09879518072289156
390138830.0,359000.0,0.2867383512544803
391204403.0,739945.0,0.06923986465238556
391506723.0,512445.0,14.161094674556214
391782434.0,605000.0,0.0546875
396958655.0,597500.0,0.0391304347826087
399148785.0,381490.0,inf
400172788.0,395000.0,0.30578512396694213
400334222.0,352450.0,0.104858934169279
400665586.0,313900.0,0.09014492753623188
400836139.0,623950.0,0.026447183647995007
401152286.0,439094.5,0.02353030303030303
401376712.0,587450.0,0.004320346305671704
401687172.0,375990.0,0.14985167742132788
401690735.0,480551.0,0.017278118609406954
401691476.0,257490.0,inf
401700833.0,386000.0,0.06987951807228916
401712510.0,495000.0,0.37341772151898733
401713552.0,391450.0,0.03797001720324404
401717492.0,694055.0,0.22796996662958843
401753576.0,246450.0,0.5403125
401757535.0,295781.0,0.3569838474749451
401786222.0,349450.0,0.5764242424242424
401786391.0,1562000.0,0.12706544483728985
401872140.0,614000.0,0.023418618218184847
401905459.0,1195000.0,0.2082912032355915
401919065.0,230000.0,0.27778487658264767
402050142.0,180000.0,0.24999687498697912
402055134.0,384067.0,0.1650535881214809
402072132.0,303750.0,0.2852941176470588
402072142.0,427512.5,0.04012820368894327
402097593.0,693700.0,0.10478771454381211
402097595.0,692550.0,0.011913254387216436
402138402.0,2499000.0,0.07441016333938294
402141310.0,877500.0,0.06363636363636363
402142668.0,638516.5,0.1312700680272109
402142669.0,844990.0,0.14964625850340135
402144201.0,2497500.0,0.8216071428571429
402144333.0,1745000.0,0.651
402160984.0,494240.0,0.06404874163060562
402201297.0,602475.0,0.059463130205365575
402219976.0,1412500.0,0.38506463961843795
402247627.0,550000.0,0.6193771626297578
402247627.0,550000.0,0.6193771626297578
402291717.0,587450.0,0.21933554817275747
402293881.0,880000.0,0.022222222222222223
402293990.0,371000.0,0.303809345092888
402316347.0,442490.0,0.20113738942047302
402320656.0,321250.0,0.14732142857142858
402322337.0,620000.0,0.44465394327050456
402322375.0,344000.0,8.82857142857143
402358475.0,357990.0,0.037953029863728616
402433503.0,640345.0,0.22382424242424243
402451748.0,636495.0,0.08417985611510792
402451810.0,507650.0,0.035619300911854106
402451812.0,1595000.0,0.375
402451831.0,1125000.0,0.004424778761061947
402451839.0,676780.0,0.14533762057877814
402451877.0,397400.0,0.4758016646660775
402451898.0,419945.0,0.5449723697041933
402461152.0,395332.5,0.0893703499586663
402482762.0,296945.0,0.10617111948860843
402486470.0,177450.0,0.10975609756097561
402575380.0,574500.0,0.16618287373004353
402578300.0,437500.0,0.22151639708891618
402579311.0,486500.0,0.055321462552670925
402582756.0,674990.0,0.6085478184771647
402582774.0,465000.0,0.13970588235294118
402657236.0,1668500.0,0.046565980377030726
402660347.0,203000.0,0.26875
402660692.0,360445.0,0.1988330740164481
402712232.0,672445.0,0.13975660604417023
402712233.0,622745.0,0.011500182542580041
402723034.0,0.0,
402724948.0,519500.0,0.4572887840030254
402735133.0,519495.0,0.05529187124931806
402735134.0,729757.5,0.1677988478156505
402767072.0,385000.0,0.056241426611796985
402779130.0,793950.0,0.20525525525525526
402823814.0,336450.0,0.1028
402829935.0,324900.0,0.14004000140355802
402833713.0,345000.0,0.04164004555682102
402836287.0,369950.0,0.20440860215053763
403351810.0,352850.0,0.27842535787321065
403472818.0,586500.0,0.15
404334504.0,374400.0,0.06397659941498537
404911027.0,519500.0,0.4804994804994805
405582187.0,473490.0,0.6044030411897402
405582223.0,539450.0,0.5095463223929448
408692174.0,415250.0,0.06894618834080718
409043041.0,432749.5,0.042795007108605024
413504918.0,2750000.0,1.7500275002750028
413638132.0,456450.0,0.6027415143603133
413968262.0,362500.0,0.23684210526315788
414052912.0,414000.0,0.03759398496240601
415368505.0,308949.5,0.05986106346483705
415533278.0,325050.0,0.11322305558409534
415832043.0,793062.0,0.06588692579505301
415875700.0,589975.0,0.130694560274889
416165287.0,336000.0,0.05329153605015674
416173472.0,371950.0,0.2915238095238095
416545470.0,765000.0,0.03164556962025317
416551828.0,391990.0,0.027295962678974665
416554726.0,424716.5,0.14549855705693557
416555848.0,407579.0,0.18156827309236948
418189031.0,0.0,
419118002.0,3005000.0,0.0893939393939394
420595263.0,496950.0,0.2637777777777778
420653442.0,225999.0,0.042373060902800436
420774704.0,179000.0,0.052941176470588235
420796993.0,369900.0,0.0512952038984355
420826357.0,369900.0,0.0864410965670536
422134295.0,199950.0,0.8667
423092978.0,231855.0,0.05711671411142741
423110515.0,0.0,
423612251.0,364500.0,0.10790273556231003
423637687.0,1474000.0,0.2007168458781362
424065418.0,450332.0,0.09679242066294844
424434442.0,179500.0,0.1025
426138377.0,201500.0,0.11944444444444445
426806032.0,627500.0,0.06373961688421767
429286582.0,351999.5,0.35999974545408264
431173644.0,369900.0,0.026322716504343247
431180814.0,374900.0,0.07421203438395416
431548159.0,421950.0,0.38344262295081966
431786019.0,474990.0,0.04811623246492986
431922248.0,384900.0,0.1171449385991136
431922408.0,384900.0,0.02554495050507608
431922409.0,384900.0,0.04046149021982418
431951623.0,562495.0,0.15655270655270656
432612367.0,310000.0,0.24
432890041.0,404492.5,0.26407856495515486
433450431.0,587500.0,0.6185064935064936
433702503.0,223000.0,0.030434782608695653
433738026.0,172450.0,0.23355555555555554
434136966.0,297000.0,0.10081541882876205
434331279.0,552400.0,inf
434445809.0,670282.5,361.3148648648649
435065173.0,856500.0,0.3815884476534296
435669857.0,312490.0,0.07407626892648671
435853341.0,314990.0,0.016129552566211812
436356608.0,615500.0,0.08814814814814814
436356612.0,1097500.0,0.5897196261682243
438412379.0,403490.0,inf
438653832.0,354000.0,0.09428129829984544
438676185.0,459949.5,0.14987662469156174
438953711.0,337350.0,0.12113659022931206
439149538.0,347990.0,0.17497501418114042
439149543.0,288454.0,0.02349404524127098
439154573.0,522445.0,1.0488039215686276
439157947.0,423500.0,0.31972577126830787
439176637.0,109950.0,0.04391304347826087
439177350.0,729950.0,0.43806774441878366
439178417.0,474425.0,inf
439193206.0,465000.0,0.4908624559153575
439203810.0,454990.0,0.27364999696682346
439203810.0,454990.0,0.2721441026379357
439208194.0,369900.0,0.0512952038984355
439210406.0,92500.0,91.5
439236810.0,358995.0,0.00830110497237569
439246023.0,676999.5,0.6157505966587112
439247198.0,159499.5,0.35943975903614456
439248575.0,392500.0,0.11505681818181818
439249869.0,448510.0,0.0742827657378741
439249904.0,414530.0,0.19493105457370363
439250060.0,399900.0,0.200999000999001
439250065.0,454610.0,0.12658981748318923
439255386.0,383990.0,0.15418841824709795
439258663.0,630000.0,0.07701512949824771
439262602.0,314990.0,0.12293256111822687
439275114.0,400492.5,1.012535238870547
439275291.0,569010.5,0.2366875534074095
439275432.0,487500.0,0.22985781990521326
439283371.0,151000.0,0.1796875
439288122.0,1059000.0,0.2298181818181818
439303752.0,284945.0,0.08761784800946601
439318094.0,117500.0,0.4779874213836478
439388012.0,174888.5,0.23596113074204947
439417241.0,442299.5,0.2616035058430718
439437247.0,644900.0,0.007693491306354824
439456013.0,774500.0,0.2910485080846808
439457753.0,1674500.0,0.3497084853236836
439458855.0,639500.0,0.038345864661654135
439482909.0,467642.5,0.36342896294352606
439482912.0,385945.0,0.032695055013910124
439483026.0,2365000.0,0.05580357142857143
439489198.0,0.0,
439496767.0,383850.0,0.3100682593856655
439498027.0,420000.0,0.38797091870456046
439498045.0,410945.0,0.011825913104283723
439585002.0,386000.0,0.3045045045045045
439594551.0,417500.0,0.16498329966599332
439604938.0,386000.0,0.44651562948092915
439638900.0,284925.0,0.10679018151039217
439643072.0,351000.0,0.404
439643072.0,387500.0,0.55
439645384.0,636990.0,0.1838693145419603
439655155.0,2584495.0,0.3066236264500163
439657736.0,565000.0,0.548
439657991.0,416450.0,0.16002785515320334
439679547.0,207500.0,0.12162162162162163
439682950.0,424000.0,0.346031746031746
439707733.0,352246.5,0.17419413980466014
439707861.0,407579.0,0.02514051998373556
439708070.0,425495.0,0.13468359156244167
439709954.0,460875.0,0.07432574185878459
439709960.0,452832.5,0.02685435043878546
439713239.0,337392.5,0.022711427705365262
439716522.0,0.0,
439725671.0,2899999.5,0.6184211184210526
439725674.0,436697.0,inf
439725675.0,2187425.0,0.5793413461538461
439735740.0,678163.0,0.16276172839506173
439762698.0,425844.0,0.3349760180569924
439768365.0,625000.0,0.0234375
439777609.0,1510000.0,0.05624941015588135
439806109.0,381000.0,0.27680965147453085
439809978.0,352813.0,0.10288527664895279
439817869.0,349400.0,0.12746047111971603
439820048.0,1837000.0,0.5401752190237797
439854295.0,387635.0,0.1383974216492554
439876588.0,615500.0,0.002254855395847889
439927164.0,969500.0,0.250975812747179
439932799.0,2710495.0,0.4810463335247942
439954784.0,657400.0,0.15717948717948718
439965126.0,162000.0,0.11801242236024845
439969247.0,428533.0,0.07135928398209955
439969916.0,797500.0,0.13783783783783785
439970849.0,194000.0,0.49230769230769234
439971304.0,294000.0,0.019673224408136045
439971880.0,317388.0,0.139869918699187
439979333.0,296490.0,0.17701468836840015
439979335.0,207997.0,0.12200506542845083
439979339.0,207997.0,0.12569567044976881
440004133.0,307500.0,0.008064516129032258
440006191.0,307500.0,0.15289256198347106
440006383.0,642990.0,0.0593090495724806
440010227.0,600000.0,0.09090909090909091
440013457.0,72500.0,0.6375
440016749.0,773750.0,0.2235135989879823
440016897.0,2024500.0,0.7604347826086957
440018509.0,277500.0,0.04277337012763022
440019389.0,370000.0,0.31608133086876156
440019628.0,316620.0,0.06641966992253284
440036950.0,363995.0,0.32366631513873234
440036951.0,277490.0,0.028098671389298495
440036984.0,333445.0,0.25899464432542946
440036998.0,368870.0,0.16146851557172084
440042764.0,3005000.0,0.4728070175438597
440042956.0,206749.0,0.09280824923211935
440043843.0,382187.0,0.04737462318443409
440046164.0,512482.0,0.005063737987840753
440046179.0,552482.0,0.00469539916348427
440048335.0,712500.0,0.3522727272727273
440052824.0,54950.0,0.215
440052962.0,57450.0,0.0425
440053036.0,54950.0,0.15461538461538463
440053299.0,54950.0,0.2955128205128205
440053373.0,451000.0,0.13345061573259612
440053874.0,54950.0,0.2673333333333333
440065758.0,357450.0,0.14892857142857144
440085667.0,343140.0,0.040035643816434346
440114835.0,390250.0,0.44537037037037036
440114899.0,474425.0,0.00855654761904762
440116342.0,316495.0,0.17437847866419295
440116416.0,307490.0,0.1409647495361781
440150974.0,654000.0,0.4768
440156081.0,999950.0,0.3198743416797561
440156081.0,999950.0,0.31122067636144296
440156180.0,717926.0,0.13597683507650438
440156216.0,535850.0,0.04989450167556162
440181305.0,392497.5,0.20772177605464784
440186031.0,101400.0,0.015015015015015015
440187320.0,422094.5,0.09711247630985638
440191797.0,328450.0,3.902604671990447
440196239.0,453000.0,0.1117472891625326
440197108.0,904500.0,0.08531317494600432
440199984.0,389450.0,0.20357873210633948
440212133.0,295781.0,0.05639844280152863
440212158.0,284925.0,0.32775339750849375
440212937.0,61100.0,0.2895348837209302
440214377.0,662500.0,0.019230769230769232
440230064.0,174450.0,0.2550359712230216
440233022.0,348420.0,0.5160497256753941
440238640.0,709257.5,0.05559979163566007
440242813.0,639500.0,0.059420503015149284
440244712.0,353500.0,0.2715827338129496
440261383.0,688888.0,0.04980965517241379
440263350.0,561331.5,0.1018696
440270288.0,501500.0,0.08247816883499426
440270306.0,1387000.0,0.10458360232408005
440274095.0,662000.0,0.06629055007052186
440276638.0,291750.0,0.12211538461538461
440278360.0,320950.0,0.05575169167402177
440280076.0,307500.0,0.20588708191012514
440280828.0,320000.0,0.3402061855670103
440285622.0,382500.0,0.18599702064268994
440285650.0,322400.0,0.25850965961361544
440286197.0,311950.0,0.05466832328252371
440286231.0,327000.0,0.17632241813602015
440292837.0,206749.0,0.09280824923211935
440299036.0,52500.0,0.25
440330570.0,916200.0,0.0838
440334031.0,520472.0,0.19651486241063013
440336403.0,204950.0,0.10891304347826088
440344724.0,482000.0,0.30144927536231886
440355940.0,317295.0,0.27871107069788587
440356195.0,290490.0,0.26530767090720553
440358645.0,3325000.0,0.5506756756756757
440359886.0,337495.0,0.016551204819277108
440378942.0,523500.0,0.1702638961851856
440379272.0,335313.0,0.11950896080877044
440392379.0,62500.0,0.25
440402711.0,2455000.0,0.327027027027027
440405599.0,387450.0,0.1843140722401521
440407758.0,659500.0,0.13706896551724138
440416144.0,660000.0,0.015384615384615385
440417229.0,589499.5,0.26220337922403003
440422371.0,344444.0,0.19723322905804658
440451834.0,204000.0,0.13333333333333333
440460738.0,312490.0,0.09649461384609986
440460773.0,427000.0,0.19860516008190368
440460781.0,314990.0,0.05000166672222407
440461043.0,307990.0,0.006451821026484725
440481894.0,912500.0,0.00273224043715847
440499727.0,586274.5,0.5657225925925926
440500645.0,487500.0,0.4428565061217213
440508344.0,450000.0,0.15572232645403378
440508869.0,649950.0,0.40913636363636363
440510993.0,984900.0,0.5717639897386843
440512610.0,326750.0,0.1401315789473684
440530361.0,458740.0,0.10542422708980939
440530376.0,297945.0,0.027431980413117694
440530380.0,321645.0,0.3434476423759951
440530388.0,363142.0,0.2353295430616972
440530437.0,342490.0,0.09391782851398185
440532837.0,304195.0,0.005636549968594003
440532839.0,341900.0,0.14160739924538382
440532840.0,317900.0,0.026310147324573496
440532843.0,333900.0,0.07118417758491195
440534871.0,439950.0,0.040070921985815605
440538573.0,322900.0,0.19072681704260652
440544517.0,361245.0,0.07545400416790711
440549985.0,730000.0,0.5290322580645161
440552148.0,719000.0,0.2802802802802803
440573212.0,691000.0,0.23349972268441485
440576815.0,554718.0,0.14072611740028995
440576975.0,712450.0,0.10083133188530724
440578507.0,742000.0,0.1006060606060606
440580165.0,659500.0,1.5365384615384616
440582041.0,382490.0,0.22594913380022116
440582434.0,1484950.0,0.35118289353958143
440582478.0,712475.0,0.22975675675675675
440609383.0,197250.0,0.21068427370948378
440609692.0,309995.0,0.11109717239129889
440613028.0,770000.0,0.0064516129032258064
440620180.0,787500.0,0.022727272727272728
440622986.0,402000.0,0.24150943396226415
440624968.0,406320.5,0.03692699691870111
440628792.0,90000.0,0.8
440661671.0,598500.0,0.2957995058242146
440665065.0,212499.0,0.12190133017078583
440665091.0,233449.5,0.05157906116694219
440665188.0,233910.0,0.2782037060311805
440667660.0,852500.0,0.20459455678691887
440685822.0,554718.0,0.7723186044282565
440704926.0,392125.0,0.0600838064341714
440705144.0,72500.0,0.3955814922884535
440706794.0,512000.0,0.14524207011686144
440715133.0,741250.0,0.023386034255599472
440719097.0,144000.0,1.6181818181818182
440721888.0,396000.0,0.314878892733564
440738449.0,397497.5,0.07145071295722256
440752027.0,320000.0,0.2648221343873518
440752591.0,421347.5,0.06346410313402978
440777098.0,418750.0,0.0739933316234932
440780902.0,290000.0,0.16
440781946.0,4000000.0,0.058823529411764705
440786949.0,916200.0,0.24653061224489795
440787984.0,2824500.0,0.22804347826086957
440789575.0,381500.0,0.2774621212121212
440796434.0,419997.5,0.3000041666666667
440803509.0,285995.0,0.06718534273666928
440803522.0,323495.0,0.04356592148133811
440803670.0,363142.0,0.2432965201083559
440808125.0,597450.0,0.00425
440810131.0,676353.5,0.5030466568699485
440810340.0,432495.0,0.08126453161329034
440811211.0,192388.5,0.28259
440814551.0,302450.0,0.1655105973025048
440871232.0,425950.0,0.002258876679451281
440871305.0,384000.0,0.1457174638487208
440875896.0,173000.0,0.73
440903914.0,1497450.0,0.3694681881342372
440904460.0,489250.0,0.23860759493670886
440907081.0,207500.0,0.04377880184331797
440909092.0,344746.5,0.3759114771904417
440909984.0,409944.5,0.1796598128970934
440912182.0,197500.0,0.12857142857142856
440923862.0,474490.0,0.09619230842492238
440924114.0,422500.0,0.6927272727272727
440946412.0,1275000.0,0.23786407766990292
440946795.0,194000.0,0.04864864864864865
440947075.0,425495.0,0.06376409410235256
440952135.0,344746.5,0.2554071274298056
440960374.0,581750.0,0.2817901234567901
440974720.0,314990.0,0.03278796026099216
440974721.0,318990.0,0.012698815835423347
440977600.0,194393.5,0.12691884057971015
440983925.0,432450.0,0.039
440984694.0,297200.0,0.10483271375464684
440986043.0,1567450.0,0.4686610169491525
440993406.0,624500.0,0.03923076923076923
440993558.0,461950.0,0.23008333333333333
441001916.0,460000.0,0.36551724137931035
441008510.0,772495.0,0.3341882556131261
441010674.0,352450.0,0.370625
441012966.0,399900.0,0.11113580795732385
441016204.0,299900.0,0.45373406193078325
441044982.0,107500.0,0.19444444444444445
441077229.0,456950.0,0.390652086944926
441078053.0,322000.0,0.355998711997424
441080896.0,347000.0,0.15705235078359453
441087997.0,342450.0,0.40854922279792744
441092125.0,352500.0,0.05223880597014925
441093491.0,369450.0,0.07614403600900226
441095834.0,349750.0,0.07960526315789473
441098150.0,71000.0,0.8155844155844156
441098952.0,176250.0,0.8272058823529411
441100676.0,357500.0,0.08309823031546551
441107662.0,372500.0,0.0959105619299794
441112179.0,387450.0,0.1740909090909091
441115991.0,97500.0,0.025
441119546.0,44250.0,0.6281512605042017
441120092.0,191950.0,0.16507177033492823
441125431.0,453000.0,0.19213663517460985
441134470.0,425000.0,4.3125
441140681.0,1500000.0,0.15385059173304513
441141270.0,1652500.0,0.45819672131147543
441145121.0,344746.5,0.021979097516553473
441152911.0,284945.0,0.09636398614851865
441156078.0,636945.0,0.14577639135134554
441156323.0,232545.0,0.05974041727316837
441165030.0,588195.0,0.15827245472563484
441168736.0,825000.0,0.18025751072961374
441175789.0,2050000.0,0.06493506493506493
441176302.0,178500.0,0.2404255319148936
441179229.0,780000.0,0.04
441179288.0,654000.0,0.1383399209486166
441179634.0,241500.0,0.27440633245382584
441180684.0,1837500.0,0.475
441180991.0,326750.0,0.15782826655669677
441201116.0,659990.0,0.0
441201116.0,659990.0,0.0
441201399.0,659990.0,0.015384852074647301
441201399.0,659990.0,0.015384852074647301
441201977.0,659990.0,0.015384852074647301
441201977.0,659990.0,0.015384852074647301
441201978.0,659990.0,0.0
441201978.0,659990.0,0.0
441202835.0,204249.0,0.2530690372333573
441202867.0,320494.5,0.17874146696459686
441202960.0,659990.0,0.0
441202960.0,659990.0,0.0
441203095.0,659990.0,0.0
441203095.0,659990.0,0.0
441203334.0,659990.0,0.0
441203386.0,659990.0,0.015384852074647301
441213907.0,1147500.0,0.006578947368421052
441227927.0,150000.0,0.25
441236168.0,54750.0,0.10606060606060606
441247234.0,485995.0,0.047049942155728545
441261125.0,486995.0,0.04132955373137266
441266231.0,198700.0,0.0065
441271076.0,174700.0,0.1221105527638191
441298074.0,324500.0,2.245
441311095.0,406750.0,0.2671039117821943
441434967.0,540250.0,0.35401002506265666
441495700.0,569495.0,0.168499050956344
441531429.0,420000.0,0.2988313856427379
441533368.0,311450.0,0.00467741935483871
441553258.0,485995.0,0.05630206411774986
441554407.0,485995.0,0.059952803729279094
441554462.0,317388.0,0.4010417059822608
441578992.0,659990.0,0.0
441579002.0,659990.0,0.015384852074647301
441579039.0,659990.0,0.0
441581444.0,341250.0,0.05
441582363.0,109950.0,2.9747668281396864
441584531.0,579450.0,0.1838732394366197
441590283.0,322450.0,0.5552413793103448
441593340.0,410000.0,0.5335608646188851
441614250.0,719999.0,0.06784782594623287
441615385.0,412933.5,0.007508734775140537
441616288.0,409923.0,0.014316733072519038
441616775.0,409923.0,0.05196222863103071
441617162.0,542500.0,0.2762980611458103
441618460.0,1149500.0,0.1920749570925608
441618565.0,599950.0,0.3280882517639153
441618572.0,409923.0,0.03941932535823501
441621311.0,432742.0,0.16196056108091852
441621315.0,432742.0,0.08188204705117628
441621340.0,416000.0,0.09476565172767705
441623344.0,286495.0,0.20194155826067578
441623345.0,313400.0,0.26944684025268656
441623348.0,310990.0,0.18373185647917267
441623409.0,369490.0,0.1730213657576431
441655697.0,774250.0,0.16297297297297297
441662854.0,359000.0,0.14523809523809525
441681141.0,401730.0,0.5771263157894737
441683579.0,202140.0,0.15775
441690121.0,350000.0,0.018922852983988356
441695725.0,202140.0,0.03742857142857143
441697510.0,330000.0,0.11047616480450692
441723473.0,765000.0,0.2097107438016529
441728221.0,192388.5,0.14494
441730900.0,355957.5,0.32286534444778403
441738890.0,317388.0,0.4880838709677419
441743092.0,572500.0,0.42463236772072005
441743132.0,291490.0,0.025084450984982774
441746918.0,192500.0,0.1
441760074.0,372490.0,0.4056756858749387
441761366.0,529579.5,0.34074153776044963
441765045.0,546449.5,0.31002979835603983
441765048.0,646900.0,0.1883210579806522
441766637.0,581513.5,0.002626769427059087
441773687.0,353485.0,0.12041750397788864
441776094.0,399000.0,0.16875
441781120.0,429500.0,0.01264367816091954
441781372.0,202500.0,0.13829787234042554
441784357.0,1812500.0,0.1693548387096774
441786695.0,194000.0,0.552
441787601.0,310000.0,0.008130081300813009
441789359.0,417500.0,0.11170212765957446
441798909.0,326900.0,0.12728025104313942
441802351.0,222999.0,0.17989513172027366
441802859.0,1760000.0,0.7961016430247985
441803918.0,218250.0,0.6788461538461539
441808665.0,1277497.5,0.20465218252284365
441808685.0,544445.0,0.19209823415937083
441814066.0,167500.0,0.2420814479638009
441814140.0,217450.0,0.78255
441822900.0,550000.0,0.4472361809045226
441824904.0,514445.0,0.12059180498811946
441825024.0,352246.5,0.04371188821134598
441825566.0,1137500.0,0.43125
441827636.0,174450.0,0.1637758505670447
441829642.0,659762.5,0.015278381012508974
441829648.0,548990.0,0.06792711023278478
441841804.0,499500.0,0.04651007416032756
441844323.0,1199500.0,0.21601307189542485
441847578.0,225999.0,0.004444464197618656
441847581.0,677445.0,0.25799296815956363
441847591.0,352250.0,0.314370576009612
441854179.0,385000.0,0.14925373134328357
441854318.0,730000.0,0.46014601460146015
441856322.0,296000.0,0.10574018126888217
441861728.0,883463.0,0.4225732026143791
441862166.0,1675000.0,0.3245967741935484
441862392.0,444500.0,0.16031471668886307
441863226.0,479195.0,0.04141828365673134
441863778.0,434970.0,0.09566991611879393
441863803.0,479195.0,0.06021768974308688
441866880.0,372400.0,0.2537074148296593
441869214.0,231499.0,0.028889017284521264
441875497.0,417450.0,0.04388597149287322
441877485.0,649444.0,0.2576934506800777
441877486.0,688888.0,0.14941597728114583
441883600.0,344500.0,0.32450980392156864
441885004.0,431995.0,0.18489971508896394
441897439.0,725000.0,0.16
441910544.0,463995.0,0.07908323449382544
441943989.0,745000.0,5.208333333333333
441945915.0,170000.0,0.2765957446808511
441962634.0,191500.0,0.19762351469668543
441974471.0,1237500.0,0.03133594466205517
441978605.0,659990.0,0.0
441984273.0,763500.0,0.33608695652173914
441985945.0,797990.0,0.39755512355733025
441989941.0,381915.0,0.007691292875989446
441990478.0,390000.0,0.2909090909090909
442001065.0,2670450.0,0.15915173651563336
442001739.0,478500.0,0.5839130434782609
442003986.0,665000.0,0.029197080291970802
442006333.0,432000.0,0.13714135298762833
442009964.0,359990.0,0.2387608373863396
442011278.0,343140.0,0.20181437543614794
442011380.0,396332.5,0.1724107329296304
442019936.0,209950.0,2.1831344663947725
442023418.0,1209997.5,0.02803962633656048
442023977.0,296490.0,0.07036101083032491
442023980.0,289151.0,0.016493197278911565
442023989.0,377990.0,0.15947852760736198
442023990.0,318900.0,0.16813186813186815
442026878.0,305494.5,0.014935265565666331
442030235.0,716500.0,0.2254054054054054
442030236.0,716500.0,0.2254054054054054
442031721.0,75000.0,0.15384615384615385
442037358.0,340000.0,0.48484848484848486
442068505.0,361900.0,0.2181896737956362
442068506.0,396332.5,0.2779513572599745
442069269.0,103000.0,0.035175879396984924
442071778.0,308999.0,0.0032467637881941173
442078408.0,337500.0,0.18674698795180722
442079848.0,356945.0,0.03240715641095148
442080203.0,346945.0,0.10788120339418873
442082757.0,610000.0,0.2708333333333333
442097615.0,696000.0,0.20020693222969477
442098064.0,305490.0,0.23625590639765995
442098168.0,285995.0,0.23117556923573215
442098177.0,403490.0,0.003703795155435937
442098186.0,331240.0,0.16980375448006216
442100982.0,323495.0,0.036846271943179305
442118512.0,540250.0,0.24965277777777778
442120404.0,1397241.0,0.5181927586206897
442124760.0,400000.0,0.05265928050738177
442124761.0,417500.0,0.1438669552590482
442126964.0,821700.0,0.17747747747747747
442128394.0,499950.0,0.49954954954954955
442140995.0,286995.0,0.014446392466808998
442146042.0,301695.0,0.040819116534301536
442146265.0,665000.0,0.09016393442622951
442149098.0,1170000.0,0.025
442153426.0,762500.0,0.030405405405405407
442154379.0,899500.0,0.05824774409110695
442154773.0,1674499.5,0.04314314285714286
442155333.0,3850000.0,0.29936305732484075
442158925.0,587000.0,0.6082191780821918
442160789.0,708500.0,0.00909090909090909
442161161.0,1217500.0,0.026
442163047.0,199500.0,0.05
442164490.0,449000.0,0.05473684210526316
442165707.0,2047500.0,0.454
442166348.0,596550.0,0.24295685279187818
442166348.0,596550.0,0.24295685279187818
442166763.0,1527000.0,0.018
442168298.0,389000.0,0.3715670436187399
442171301.0,862000.0,0.21636363636363637
442172842.0,358500.0,0.20333333333333334
442179515.0,699381.0,0.0812706589529602
442179639.0,383945.0,0.27143778819332437
442202375.0,183000.0,0.045714285714285714
442202384.0,357000.0,0.2468354430379747
442243337.0,340000.0,0.25461254612546125
442246823.0,504330.0,0.21186122831692453
442247717.0,504330.0,0.21186122831692453
442248497.0,504330.0,0.1929428708593375
442248544.0,504330.0,0.1929428708593375
442250118.0,388928.0,0.17892694755986663
442277664.0,285995.0,0.13946770787680784
442277669.0,351990.0,0.3696641892680649
442277683.0,337245.0,0.16316169519031065
442277695.0,337245.0,0.15051423303333258
442291067.0,359990.0,0.22399223970683338
442291352.0,479950.0,0.012766406414855455
442295456.0,202449.5,0.06704869607694044
442295576.0,222999.0,0.08515856524849269
442295762.0,455000.0,0.1666965819636401
442296399.0,231497.5,0.06274418510496164
442302892.0,383500.0,0.4336448598130841
442306644.0,406999.5,0.03668757396449704
442312663.0,363990.0,0.25952455102252675
442314187.0,210000.0,0.7789473684210526
442320129.0,334228.5,0.04773824451410658
442320130.0,372170.0,0.11934193509579236
442320131.0,361245.0,0.011208737066841846
442320132.0,372170.0,0.08349588052053918
442320135.0,381495.0,0.004357097725358045
442320157.0,379420.0,0.011901351597697857
442327087.0,429000.0,0.08721462158769336
442341869.0,440401.0,0.021113580795732386
442341870.0,444901.0,0.009074620095259696
442341871.0,399659.0,0.09353821728283057
442343407.0,387500.0,0.1388888888888889
442343470.0,387500.0,0.1388888888888889
442344974.0,167512.0,0.2713701609395389
442347386.0,2525000.0,0.5144230769230769
442348687.0,206500.0,0.2668711656441718
442349667.0,178500.0,0.08181818181818182
442361801.0,612445.0,612444.0
442365313.0,2241500.0,0.887925
442365606.0,588195.0,0.15581405361961076
442365933.0,465000.0,0.07919880394855394
442366232.0,479445.0,0.3164895323225627
442366384.0,588195.0,0.1513684696512819
442373577.0,182500.0,0.08749543747718738
442395633.0,363950.0,0.12330246913580246
442397475.0,92250.0,0.845
442398277.0,206500.0,0.2515151515151515
442398433.0,213500.0,0.29393939393939394
442407949.0,233260.0,0.00275126816266873
442421721.0,352495.0,0.13711732636536664
442421723.0,400997.0,0.24537097425385881
442422701.0,307490.0,0.1998865493302247
442424411.0,379000.0,0.08285714285714285
442427386.0,405000.0,0.2241304993342848
442429938.0,87500.0,0.0951188986232791
442433683.0,306995.0,0.2208248730964467
442433706.0,429000.0,0.2355244142138999
442448341.0,218449.5,0.09022968161089479
442448776.0,230900.0,0.02213368747233289
442449827.0,352250.0,inf
442450739.0,1849500.0,0.4505882352941176
442453476.0,352990.0,0.07954231356944307
442455165.0,399900.0,0.0959166895039737
442455170.0,631000.0,212.89830508474577
442457420.0,417500.0,0.18135649718621935
442465512.0,666275.0,0.21736612617522824
442468965.0,401947.0,0.05646244131455399
442468967.0,401947.0,0.06306060606060607
442469775.0,324900.0,0.03142857142857143
442477858.0,398500.0,0.1635036496350365
442483512.0,307490.0,0.02159540184059271
442494866.0,1362500.0,0.1932857692649279
442496409.0,302950.0,0.19502189262750977
442496436.0,297900.0,0.19096640587207606
442496437.0,302950.0,0.21133969091745136
442497751.0,362500.0,0.1366992140985949
442498814.0,317388.0,0.153632
442499421.0,369900.0,0.09780487804878049
442499507.0,317450.0,0.2348758737045071
442507024.0,114900.0,0.9181969949916527
442508195.0,372170.0,0.04828056299626228
442515561.0,350000.0,0.1828320378506252
442517512.0,420014.5,0.06602935540445534
442517522.0,287499.0,0.10576963757552914
442519252.0,140950.0,0.7084848484848485
442529730.0,75000.0,0.2857142857142857
442532575.0,532000.0,0.1674491392801252
442532691.0,568485.5,0.7324774117647059
442532703.0,1160353.5,0.4407934939759036
442532809.0,427500.0,0.1701446180724061
442532813.0,430995.0,0.1689259544928654
442539635.0,624900.0,0.0415
442539913.0,381151.0,0.2705033333333333
442540585.0,233335.0,0.08725129304319464
442547867.0,410450.0,0.1727142857142857
442550862.0,720000.0,0.24945770065075923
442554079.0,165000.0,0.06451612903225806
442554334.0,427500.0,0.1843284208598228
442554396.0,360184.5,0.08114792573355714
442557533.0,916200.0,0.09733990147783252
442565763.0,233335.0,0.09965125594985626
442565819.0,449945.0,0.07591372497473856
442577602.0,369500.0,0.9202288428324698
442577636.0,487000.0,0.26690946930280957
442579887.0,368995.0,0.06344069646437726
442580258.0,545947.5,0.2720602941372552
442580428.0,433395.5,0.017241535695092278
442580458.0,214499.0,0.12449030404205731
442583181.0,719950.0,0.2727777777777778
442585983.0,225000.0,0.3644633110976349
442587428.0,547500.0,0.3860759493670886
442595947.0,629762.5,0.08581613476094416
442595948.0,383490.0,0.30146268602342485
442596047.0,362495.0,0.012584150395262438
442596072.0,445490.0,0.11255204286937986
442596078.0,353642.0,0.2523266876678154
442596092.0,277500.0,0.2716344261004226
442596098.0,383945.0,0.26586550412053767
442596128.0,392490.0,0.09028028556348787
442600820.0,730000.0,0.46014601460146015
442603873.0,742795.0,0.06274762657029945
442615142.0,649990.0,0.23530588235294117
442628116.0,1111990.0,0.11646703280153416
442628129.0,1111990.0,0.130082622790882
442628137.0,646900.0,0.27557979372669344
442628138.0,1108714.0,0.006101688763055926
442628141.0,1077669.0,0.08593881203402913
442628142.0,1098714.0,0.09196439639997024
442628144.0,605445.0,0.36734448635826916
442634529.0,465240.0,0.042842060668823005
442634530.0,465240.0,0.17957871464357067
442634531.0,465240.0,0.094607662065412
442634532.0,465240.0,0.05314626427805017
442637000.0,434937.5,0.00012069242971102784
442653227.0,1912500.0,0.47959183673469385
442654015.0,1890000.0,0.45496535796766746
442654819.0,307499.0,0.0299685487966839
442654824.0,314499.0,0.20038244420780232
442654854.0,494240.0,0.0744581403943564
442655751.0,359950.0,0.024525745257452575
442656991.0,794500.0,0.05651595744680851
442657713.0,741000.0,0.04263565891472868
442658449.0,731000.0,0.0013698630136986301
442659239.0,289900.0,0.0737037037037037
442659340.0,369000.0,0.31666666666666665
442659699.0,674656.0,0.08706901217861976
442660268.0,329995.0,0.3414430894308943
442660273.0,337495.0,0.30812015503875967
442660461.0,109900.0,0.02806361085126286
442661706.0,472499.5,0.005318085106382979
442668167.0,292250.0,0.16946778711484595
442676133.0,712500.0,0.16176470588235295
442683065.0,1111990.0,0.08699987292153394
442683067.0,1098714.0,0.020745282934785517
442684355.0,230900.0,0.02213368747233289
442684762.0,494240.0,0.08388341849601964
442684813.0,379420.0,0.04426767155171111
442684834.0,219499.0,0.04357317461078262
442684840.0,282494.5,0.034782178689299226
442692986.0,232450.0,0.22342105263157894
442693648.0,417500.0,0.22795923469462787
442693700.0,227499.0,0.17875740288809785
442693741.0,433014.0,0.08525084022766974
442693744.0,433014.0,0.04340722891566265
442694827.0,705000.0,0.13709677419354838
442694827.0,705000.0,0.13709677419354838
442695922.0,364500.0,0.13214285714285715
442698696.0,644950.0,0.2411460171784916
442698908.0,282000.0,0.06
442702326.0,149775.0,0.11897058823529412
442702335.0,467499.5,0.007410985371239304
442702525.0,449500.0,0.11017234348337339
442702745.0,755995.0,0.28134745762711866
442703227.0,266230.0,0.05017553548183504
442703677.0,172499.5,0.14999666666666667
442703693.0,325000.0,0.3229166666666667
442703741.0,302950.0,0.08250553848352747
442703742.0,372999.0,0.5258703211290653
442703762.0,233335.0,0.02724392379205403
442703764.0,233335.0,0.03154288240495137
442703765.0,302950.0,0.13409201512372254
442703769.0,2302495.0,0.3012154779969651
442703892.0,382490.0,0.5500117647058823
442704244.0,344500.0,0.18941176470588236
442704334.0,89950.0,0.7811881188118812
442704352.0,1125000.0,0.1
442704637.0,347500.0,0.24107142857142858
442705938.0,396499.0,0.6395463636363636
442706458.0,749000.0,0.09650180940892641
442706461.0,774499.5,0.3464139240506329
442706583.0,322450.0,0.15160714285714286
442707738.0,696000.0,0.3370797218782741
442707792.0,822000.0,0.49454545454545457
442707809.0,201749.0,0.006157665801309366
442707820.0,208249.0,0.11662260923651065
442707828.0,204249.0,0.08068825760982862
442707859.0,200499.0,0.04750616392476924
442707867.0,200499.0,0.12061456409896534
442707868.0,212499.0,0.034063426099397075
442707890.0,204249.0,0.03156581598896964
442707906.0,219499.0,0.04028455111161664
442707911.0,206749.0,0.054847218608258204
442707916.0,204249.0,0.24542832578247428
442707924.0,208249.0,0.13179419453366595
442707980.0,286495.0,0.12350980392156863
442707981.0,212499.0,0.1145875
442713008.0,316495.0,0.2551306189691692
442716119.0,709950.0,0.1269047619047619
442716183.0,696000.0,0.04657011819242845
442716195.0,451499.0,0.5246878618801979
442716736.0,444500.0,0.5931899641577061
442716989.0,465995.0,inf
442717169.0,384900.0,0.2736365351953199
442717349.0,512490.0,0.11410869565217391
442717425.0,100500.0,0.1475826972010178
442717584.0,326000.0,0.18295739348370926
442717634.0,314495.0,0.16112296612429983
442717698.0,376500.0,0.2982758620689655
442717799.0,339445.0,0.06975883803781859
442717903.0,292945.0,0.2080427142470938
442717933.0,577995.0,0.1424406528189911
442718015.0,435700.0,0.21461957628753178
442718045.0,526150.0,0.13542087741265474
442718046.0,561331.5,0.015416902727666583
442718083.0,100000.0,1.0040080160320641
442718225.0,373950.0,0.4958
442718340.0,1497235.0,0.7549533551554828
442718400.0,1524999.5,0.046874716796697996
442718402.0,288495.0,0.29626783754116354
442719216.0,332000.0,0.10246012435793457
442719475.0,449945.0,0.06259505406362632
442719661.0,179450.0,0.2522916666666667
442719842.0,406999.5,0.06457422210132038
442719948.0,359450.0,0.21847457627118644
442719964.0,1395000.0,0.3881578947368421
442720087.0,177500.0,0.375968992248062
442720570.0,1699500.0,0.14982491245622812
442720661.0,2129995.0,0.6812652932354566
442720758.0,460949.0,0.2562485521564352
442720811.0,2129995.0,0.4670397410289965
442720814.0,1780945.0,0.1447641012488663
442720817.0,2129995.0,0.541352485708083
442720818.0,705495.0,0.2160295588398711
442720886.0,655245.0,0.08281154721358776
442720892.0,406999.5,0.09316782698382002
442721167.0,561450.0,0.37616666666666665
442721360.0,682950.0,0.1877391304347826
442721587.0,682950.0,0.1877391304347826
442721635.0,239475.0,0.8817407407407407
442721636.0,359450.0,0.21847457627118644
442721637.0,829000.0,0.1357720235648719
442721645.0,753950.0,0.16227777777777777
442721646.0,786950.0,0.7650894821162633
442721654.0,721500.0,0.4714285714285714
442721659.0,973975.0,0.7048560606060607
442721660.0,1812000.0,0.1360501567398119
442721663.0,975445.0,0.23494509803921568
442721664.0,1997500.0,0.04880952380952381
442721710.0,209999.5,0.312496875
442721792.0,469499.5,0.04974969200601902
442721801.0,236250.0,0.05835868167706733
442721941.0,454558.5,0.090883
442721942.0,454558.5,0.0627369918657278
442721972.0,456808.5,0.013351260286399274
442721973.0,454558.5,0.027661554257845087
442721974.0,454558.5,0.04601718836899378
442722011.0,1416900.0,0.353013698630137
442722045.0,638516.5,0.08521991404011461
442722072.0,364500.0,6.59375
442722169.0,638516.5,0.07994740634005763
442722208.0,286495.0,0.30114648127820465
442722309.0,288495.0,0.29626783754116354
442722490.0,643500.0,0.1191304347826087
442722562.0,93000.0,1.3846153846153846
442722767.0,520000.0,0.7333333333333333
442723627.0,1787500.0,0.9270408163265306
442723690.0,839445.0,0.4713965949704562
442723737.0,362500.0,0.1569767441860465
442723737.0,352500.0,0.18023255813953487
442723758.0,727450.0,0.058879184861717615
442723904.0,392450.0,0.4472535211267606
442724065.0,2695447.5,0.5352676724137931
442724072.0,639000.0,0.11862068965517242
442724072.0,659000.0,0.0910344827586207
442724108.0,404950.0,0.012317073170731708
442724154.0,682450.0,0.22005714285714287
442724207.0,1617000.0,0.6171617161716172
442724284.0,774475.0,0.21691102123356926
442724290.0,235400.0,0.9410763454317898
442724384.0,174900.0,0.2861224489795918
442724401.0,572495.0,0.11922491115247927
442724401.0,572495.0,0.11922491115247927
442724452.0,600000.0,0.1111111111111111
442724663.0,116450.0,0.37
442724675.0,805000.0,0.25682078984551254
442724823.0,569495.0,0.06638633420220004
442725117.0,307445.0,0.14574881911642124
442725227.0,194500.0,0.556
442725266.0,314495.0,0.20360850848316028
442725278.0,311990.0,0.17460779385698033
442725407.0,374900.0,0.07144898542440697
442725699.0,203250.0,0.09864864864864865
442725756.0,370490.0,0.11151346555073263
442725777.0,1074394.0,0.20990315315315317
442726100.0,312990.0,0.07546294792002056
442726462.0,1146500.0,0.05870279146141215
442726475.0,449945.0,0.16899194595998962
442726545.0,174900.0,0.3992
442726549.0,1748500.0,0.10333333333333333
442726713.0,429000.0,0.08607594936708861
442726837.0,419000.0,0.578894472361809
442726864.0,642950.0,0.8163
442726885.0,643500.0,0.202803738317757
442726950.0,440000.0,0.3230769230769231
442727038.0,410990.0,0.2155077468108946
442727170.0,325997.5,inf
442727185.0,849450.0,0.38121951219512196
442727470.0,414000.0,0.1896551724137931
442727692.0,634245.0,0.07956595744680851
442727723.0,971500.0,0.2228
442727731.0,425000.0,0.392856275508965
442728007.0,73150.0,0.2677677677677678
442728661.0,622000.0,0.043076923076923075
442728948.0,474500.0,0.13711583924349882
442728996.0,369900.0,0.03897116134060795
442729051.0,317450.0,0.16438536456962358
442729052.0,317450.0,0.09274078308088025
442729261.0,449499.5,88.8999
442729736.0,517523.5,0.12135229202037351
442729847.0,328601.5,5.2830114722753345
442729856.0,682900.0,37.36516853932584
442729873.0,217500.0,0.686046511627907
442730258.0,877000.0,0.09631851990749422
442730317.0,340000.0,3.3037974683544302
442730356.0,186950.0,0.2061290322580645
442730678.0,225000.0,0.8548387096774194
442732772.0,317450.0,0.03773870869960594
442732807.0,1474500.0,0.427378640776699
442733290.0,409000.0,0.09111111111111111
442733340.0,165000.0,0.1
442733411.0,200450.0,0.4848148148148148
442733415.0,465000.0,0.010638297872340425
442733440.0,454000.0,1.27
442733455.0,322450.0,0.007971241012816505
442733468.0,267400.0,1.5466666666666666
442733623.0,201987.0,0.03583076923076923
442733657.0,227000.0,0.07346938775510205
442733678.0,387450.0,0.24983870967741936
442733697.0,49500.0,0.34
442735930.0,307500.0,0.16891891891891891
442736089.0,372490.0,0.05216417720552686
442736090.0,378490.0,0.01203240728361721
442736092.0,285940.0,0.27827557485045057
442736104.0,372490.0,0.04929716330037466
442736107.0,372490.0,0.0424175428674259
442736110.0,372490.0,0.03994948323410397
442736123.0,454990.0,0.11539059765913598
442736123.0,454990.0,0.11539059765913598
442736140.0,372490.0,0.03497499935231483
442736141.0,364490.0,0.017520687889161432
442736146.0,372490.0,0.03994948323410397
442736147.0,362990.0,0.0401157626293017
442736213.0,89000.0,0.011111111111111112
442736213.0,93450.0,0.03833333333333333
442736290.0,93450.0,1.67
442736290.0,93450.0,1.67
442736456.0,480000.0,0.09262759924385633
442736457.0,480000.0,0.12568306010928962
442736484.0,189450.0,0.049899699097291875
442737109.0,699749.5,0.02805819848600597
442737109.0,699749.5,0.02805819848600597
442737110.0,709974.5,0.014974267333809865
442737110.0,709974.5,0.014974267333809865
442737111.0,699749.5,0.03469513036280866
442737111.0,699749.5,0.03469513036280866
442737302.0,430000.0,0.06501413350728419
442737558.0,331100.0,0.2494811124948111
442737561.0,331100.0,0.26863098202996283
442737566.0,331100.0,0.2784277385227229
442737568.0,331100.0,0.1829647361463432
442737783.0,327400.0,0.0823498297464379
442738567.0,349900.0,0.2959739249601837
442738598.0,424000.0,0.15030060120240482
442738606.0,1870000.0,0.4417910447761194
442738621.0,650000.0,0.27697441601779754
442738631.0,189150.0,0.39183222958057395
442738794.0,49250.0,0.005050505050505051
442738919.0,289950.0,0.0778810408921933
442738998.0,739500.0,0.02
442739110.0,458124.5,0.06227714665847917
442739529.0,65400.0,0.1890909090909091
442739652.0,130000.0,0.43231441048034935
442739788.0,295490.0,0.055698463737048946
442740166.0,892000.0,4.406060606060606
442740299.0,284945.0,0.018024294390853877
442740346.0,389450.0,0.40084615384615385
442740546.0,626997.5,0.20376214362816686
442740919.0,385228.0,0.011505932586114875
442740970.0,461950.0,0.5449832775919733
442740998.0,650000.0,0.05660377358490566
442741006.0,49500.0,0.012269938650306749
442741022.0,324900.0,0.2400763358778626
442741046.0,202499.5,0.6889032527105922
442741090.0,314499.0,0.24801685720975084
442741106.0,331763.5,0.09703578505018834
442741109.0,462240.0,0.12783260061510596
442741118.0,462240.0,0.04592458048669735
442741134.0,598061.0,0.025833619210977703
442741160.0,1312403.5,0.061831796411466154
442741168.0,575490.0,0.49865841972297237
442741241.0,201999.0,0.12222290123834022
442741248.0,462240.0,0.082838945217167
442741250.0,474490.0,0.07864230373405309
442741252.0,474490.0,0.12454104319267884
442741272.0,1247057.5,0.021579566073981232
442741336.0,586994.5,0.1853125889120976
442741394.0,356203.0,0.03708070935490163
442741424.0,572500.0,0.004347826086956522
442741443.0,2100000.0,0.16666666666666666
442741445.0,585495.0,0.5116805671392828
442741509.0,240220.0,0.038789343534175756
442741572.0,394500.0,0.19545454545454546
442741717.0,1414997.5,0.056668333333333334
442742092.0,214950.0,0.30272727272727273
442742135.0,924950.0,0.28740369799691834
442742290.0,279000.0,0.14153846153846153
442742431.0,549625.0,0.8952586206896552
442742444.0,396351.0,inf
442742469.0,422500.0,0.2806911185207639
442742546.0,648000.0,0.4996138996138996
442742553.0,2045000.0,0.30677966101694915
442742619.0,470000.0,0.3037037037037037
442742758.0,652500.0,0.14705882352941177
442742884.0,549625.0,0.6165441176470589
442742900.0,634950.0,0.20581613508442775
442742938.0,322745.0,0.648226664341457
442743035.0,1122500.0,0.47790697674418603
442743092.0,483449.0,0.33185211713821317
442743102.0,107000.0,0.33125
442743213.0,521995.0,0.12999383323055383
442743335.0,1212500.0,0.24358974358974358
442743343.0,379000.0,2.158333333333333
442743369.0,507500.0,0.275
442743386.0,119950.0,0.39153132250580047
442743565.0,687450.0,0.1276015228426396
442743691.0,427200.0,0.3219047619047619
442743738.0,539450.0,0.15007089963762407
442743739.0,62250.0,2.1125
442743852.0,2697500.0,0.06982758620689655
442744635.0,180000.0,0.38461538461538464
442744718.0,194499.5,0.18619456066945606
442744730.0,715450.0,0.03695919994202478
442745221.0,347228.5,0.1283360683705136
442745288.0,2944950.0,0.39279381443298966
442745302.0,217000.0,0.0
442745319.0,682950.0,0.3763013698630137
442745365.0,325601.0,0.12280078623400807
442745816.0,334228.5,0.11043057908900628
442745817.0,618200.0,0.1281107420649192
442745828.0,512500.0,0.06648451730418943
442746710.0,620725.0,0.2826559267776866
442747080.0,614925.0,0.02572977481234362
442747081.0,620725.0,0.05583432556557238
442747099.0,801950.0,0.020130386388933056
442747210.0,452450.0,0.3759310344827586
442747252.0,1137000.0,0.7447481087053263
442747272.0,343140.0,0.20404224709638935
442747344.0,1674500.0,0.36705037145889463
442747373.0,309500.0,0.7204002223457476
442747430.0,408500.0,0.1813627254509018
442747565.0,89950.0,0.7298076923076923
442747700.0,294950.0,0.5712936046511627
442747748.0,1295000.0,0.352176088044022
442748111.0,321950.0,0.00609375
442748207.0,1612500.0,0.2986080904741192
442748332.0,2847500.0,0.016964285714285713
442748497.0,414950.0,0.09197368421052632
442748591.0,303900.0,0.23809953594019118
442748702.0,332900.0,0.3325433726509196
442748822.0,1699444.0,0.36173397435897436
442748864.0,1749500.0,0.6111358079573238
442748865.0,1612500.0,0.25
442748926.0,49500.0,0.4176470588235294
442749111.0,347228.5,0.06842825933105634
442749279.0,475904.0,0.3542892104551728
442749306.0,307500.0,0.27647058823529413
442749314.0,487000.0,0.023069207622868605
442749404.0,3935000.0,4.246666666666667
442749426.0,664950.0,0.1084347391231872
442749582.0,645000.0,0.2751994606135521
442749582.0,645000.0,0.2751994606135521
442749999.0,716500.0,0.055994729907773384
442750755.0,1506000.0,0.17748240813135263
442751205.0,336400.0,0.035395506309633736
442751210.0,694935.0,0.17735306275963486
442751219.0,284945.0,0.0287194483555363
442751224.0,454990.0,0.7433234989846355
442751224.0,454990.0,0.7433234989846355
442751225.0,284945.0,0.11747519510569042
442751432.0,494240.0,0.2506389331713859
442751509.0,1506000.0,0.039337474120082816
442751642.0,196950.0,0.014757378689344673
442751683.0,471500.0,0.5112179487179487
442751710.0,284500.0,0.47314814814814815
442751865.0,87250.0,0.24130434782608695
442751908.0,648445.0,0.15235947712418302
442752015.0,2147500.0,0.2900826446280992
442752063.0,2147500.0,0.08617021276595745
442752141.0,719950.0,0.13377952755905512
442754033.0,672000.0,0.28120654615466895
442754050.0,374500.0,0.06140350877192982
442754602.0,235445.0,0.04688750555802579
442755693.0,412405.0,412404.0
442755978.0,444360.0,0.19852966374535336
442755979.0,441717.5,0.16738765739274675
442756095.0,299400.0,0.33466666666666667
442756135.0,477400.0,0.13937947494033412
442756419.0,722425.0,0.046994271006189865
442756420.0,709725.0,0.040910866095765
442756537.0,377400.0,0.19616613418530351
442756592.0,67500.0,1.7
442756834.0,368870.0,0.039376025417328576
442756835.0,311992.5,0.0006614370962110705
442757744.0,1950000.0,10.470588235294118
442758796.0,329950.0,0.13171052631578947
442758910.0,274700.0,0.21491854815661618
442758926.0,64950.0,0.32551020408163267
442758973.0,369900.0,0.285982478097622
442759093.0,371000.0,0.37458317895516857
442759275.0,812449.5,0.042939024390243906
442759297.0,711912.5,0.28016936299292217
442759348.0,309900.0,0.16243243243243244
442759469.0,667500.0,0.11706349206349206
442759490.0,687950.0,0.12410130718954249
442759503.0,64950.0,0.32551020408163267
442759577.0,387470.0,0.07218360525092422
442759580.0,724499.5,0.11633204930662558
442759585.0,764499.5,0.39253096539162113
442759594.0,462450.0,0.34825072886297376
442759595.0,228400.0,0.010827197921177999
442759927.0,213500.0,0.31790123456790126
442759930.0,1237000.0,0.7630268199233716
442759935.0,317450.0,0.093
442759948.0,812449.5,0.27143896713615023
442759992.0,384495.0,0.10965367965367966
442760005.0,2200000.0,0.06382978723404255
442760081.0,1045000.0,0.836555360281195
442760109.0,536950.0,0.30716129032258066
442760169.0,1201000.0,0.02910266774454325
442760218.0,364950.0,0.01941340782122905
442760241.0,165000.0,5.600264010560422
442761287.0,309500.0,0.4104761904761905
442761312.0,156449.5,inf
442761608.0,716500.0,0.23368983957219253
442761609.0,716500.0,0.23368983957219253
442761749.0,309000.0,0.03
442761844.0,232545.0,0.006430249946592609
442761874.0,1237500.0,0.03125
442761875.0,1237500.0,0.03125
442761912.0,276900.0,0.043606075453209214
442761929.0,336655.5,0.03664081726091684
442762181.0,232545.0,0.017055541465888918
442762205.0,197499.5,0.059526190476190476
442762247.0,474490.0,0.046307526075547424
442762290.0,824999.5,0.08697018406039606
442762372.0,233335.0,0.0037209102249752654
442762404.0,209499.0,0.17039201336320314
442762406.0,203949.5,0.09650858337948054
442762555.0,285940.0,0.11756429297271946
442762925.0,117500.0,1.1402550091074681
442762980.0,117500.0,1.1402550091074681
442763117.0,2424950.0,0.46081413302056207
442763120.0,716500.0,0.1032540675844806
442763352.0,459375.0,0.20891339245769625
442763515.0,312497.5,1.8408863636363637
442763557.0,630000.0,0.24550898203592814
442763692.0,497500.0,0.4214691848338524
442763785.0,664950.0,0.057154213036565975
442763794.0,425000.0,0.2687703376421769
442764034.0,467450.0,0.01619786129969848
442764107.0,2847500.0,0.25555555555555554
442764157.0,315460.5,0.08130788048226455
442764431.0,399900.0,0.0
442764431.0,399900.0,0.0
442764449.0,467650.0,0.16941735433858465
442764449.0,467650.0,0.16941735433858465
442764671.0,179500.0,0.029204975662520283
442764714.0,1474500.0,0.07236363636363637
442764725.0,322185.0,0.10307341109657303
442764737.0,689000.0,2.4450172250861253
442765011.0,457990.0,0.18579555555555555
442765020.0,1975000.0,0.12222222222222222
442765145.0,1989950.0,0.07444186046511628
442765204.0,342388.5,0.18065
442765253.0,349100.0,0.0873202614379085
442765400.0,305400.0,0.08238687578871462
442765538.0,294450.0,0.13397058823529412
442765610.0,232545.0,0.010446808510638297
442765667.0,363142.0,0.023680602231482727
442765862.0,348950.0,0.0694641852378273
442766119.0,392000.0,0.12
442766123.0,396332.5,0.1302012465434754
442766168.0,299400.0,0.1976
442766186.0,714950.0,0.2037532019155808
442766350.0,764499.5,0.0732216026184992
442766351.0,305400.0,0.1273532668881506
442766392.0,305400.0,0.11500547645125958
442766396.0,373500.0,0.2791095890410959
442766422.0,305400.0,0.004935834155972359
442766501.0,305400.0,0.004935834155972359
442766502.0,361900.0,0.15791188207508755
442766503.0,303900.0,0.009775171065493646
442766562.0,303900.0,0.05001562988433886
442766624.0,1328950.0,0.32896328963289634
442766758.0,712500.0,0.017929852132295164
442766779.0,667999.5,0.13694597510319834
442766981.0,411242.5,0.02813195329883247
442767017.0,1775000.0,0.017501017501017502
442767070.0,354000.0,inf
442767148.0,454990.0,0.0
442767148.0,454990.0,0.0
442767219.0,454990.0,0.0
442767219.0,454990.0,0.0
442767257.0,1387000.0,0.6301333333333333
442767638.0,303500.0,0.23934837092731828
442767740.0,1649000.0,0.17343358395989975
442767790.0,1849500.0,0.07217391304347825
442767791.0,1787500.0,0.1206896551724138
442767941.0,535471.5,0.36952735364075806
442768087.0,535471.5,0.4317802615043183
442768091.0,239495.0,0.002062585941080878
442768122.0,307990.0,0.2833451393808075
442768308.0,180000.0,3.235294117647059
442768315.0,305400.0,0.09698275862068965
442768693.0,430675.0,inf
442768698.0,351992.5,0.17565193971826368
442768724.0,373992.5,0.17440037969514013
442768725.0,373992.5,0.1441721301159052
442768747.0,2072500.0,0.39197844297220474
442768747.0,2072500.0,0.39197844297220474
442769042.0,716245.0,0.3226997635933806
442769073.0,356500.0,0.2797979797979798
442769398.0,1724500.0,0.2774074074074074
442769399.0,1424500.0,0.2694871794871795
442769400.0,1974999.5,0.43571442857142856
442769401.0,1650000.0,0.10073382254836558
442769402.0,1724500.0,0.13774956887478443
442769535.0,2300000.0,0.22666666666666666
442769639.0,949500.0,0.266
442769641.0,874000.0,0.34668721109399075
442769642.0,1569500.0,0.5387254901960784
442769643.0,713500.0,0.20713412601400155
442769644.0,1597000.0,0.09759450171821306
442769647.0,787000.0,0.20904522613065327
442769648.0,787000.0,0.41048689138576777
442769838.0,1237500.0,0.0826538176426983
442769863.0,185000.0,0.036458333333333336
442769904.0,489500.0,0.958
442769918.0,776500.0,0.11087267525035766
442769933.0,297000.0,0.1
442769939.0,884450.0,0.36092680584962333
442769940.0,753950.0,0.005266666666666667
442769950.0,2400000.0,0.19678714859437751
442769967.0,193900.0,0.9989690721649485
442769989.0,649900.0,0.10152542372881355
442770031.0,368425.0,0.14104829760050733
442770143.0,292945.0,0.24866632469864067
442770159.0,207450.0,0.1320083682008368
442770188.0,187500.0,0.2469879518072289
442770214.0,380000.0,0.2709030100334448
442770242.0,2287500.0,0.046875
442770310.0,837000.0,0.04755944931163955
442770631.0,62500.0,0.3888888888888889
442770661.0,749475.0,0.27015775635407535
442770718.0,383950.0,0.21888888888888888
442770767.0,412000.0,0.5639750238120436
442770972.0,417500.0,0.16481291809365298
442771445.0,1724450.0,0.1125483870967742
442771480.0,1100995.0,0.05466889219741969
442771482.0,1111990.0,0.015109937760055795
442771484.0,1098714.0,0.20661131959934634
442771505.0,849000.0,0.3464203233256351
442771514.0,2015000.0,0.5521226939319849
442771515.0,802500.0,0.009433962264150943
442771520.0,774500.0,0.1933744221879815
442771523.0,909000.0,0.10181818181818182
442771524.0,2925000.0,0.3197672836668102
442771535.0,1789000.0,0.0050561797752808986
442771540.0,562500.0,0.20967741935483872
442771541.0,560000.0,0.5971223021582733
442771552.0,900000.0,0.3071593533487298
442771554.0,1739500.0,0.19093023255813954
442771555.0,2072500.0,0.42931034482758623
442771561.0,1147000.0,0.043369474562135114
442771566.0,2725000.0,0.6894586894586895
442771567.0,762000.0,2.048
442771573.0,1212000.0,0.8484052532833021
442771583.0,712000.0,0.01859799713876967
442771603.0,411950.0,0.03522330733740837
442771621.0,287000.0,0.34022988505747126
442771628.0,4022500.0,0.16594202898550725
442771637.0,1199000.0,0.09497716894977169
442771642.0,1568944.0,0.2852191343963554
442771645.0,1780000.0,0.010011123470522803
442771646.0,542500.0,0.2109375
442771647.0,786000.0,0.0993006993006993
442771661.0,2249995.0,0.653846923076923
442771939.0,229199.5,0.005702062308029838
442771965.0,362450.0,0.71004
442772409.0,54750.0,0.4525
442773674.0,144499.0,0.03956115107913669
442773687.0,917000.0,0.253257328990228
442774606.0,637245.0,0.0909992168766645
442774661.0,982000.0,0.22980392156862745
442774662.0,1147000.0,0.043369474562135114
442775001.0,972500.0,0.4197080291970803
442775347.0,649990.0,0.05194682069121433
442775646.0,360184.5,0.16192296525694377
442775795.0,328000.0,0.10112359550561797
442775962.0,220000.0,0.11999647998591995
442775971.0,429500.0,0.3421875
442775987.0,390492.0,2.2172623461367342
442776373.0,217450.0,0.08779389694847424
442776411.0,465450.0,0.12998373801379465
442776412.0,465450.0,0.10488663243523914
442776598.0,453490.0,0.13375334383359583
442776599.0,399445.0,0.10042976390534175
442776710.0,526995.0,0.4166913089061534
442776711.0,526995.0,0.42050998679209683
442776728.0,318750.0,0.0625
442776987.0,419500.0,0.06775706126802818
442777036.0,57500.0,4.133928571428571
442777186.0,824500.0,0.3398718975180144
442777202.0,387400.0,0.3018561903045594
442777252.0,462450.0,0.2822325736150391
442777316.0,1382995.0,0.2997493670886076
442777405.0,1350000.0,0.2281303602058319
442777459.0,581650.0,0.1382962962962963
442777494.0,625000.0,0.3047830923248053
442777511.0,1017500.0,0.2734668335419274
442777518.0,284950.0,0.3924307036247335
442777569.0,411950.0,0.03013253313328332
442777570.0,399900.0,0.2308136180034622
442777573.0,1362500.0,0.04807692307692308
442777573.0,1362500.0,0.04807692307692308
442777585.0,411950.0,0.03013253313328332
442777655.0,3145000.0,0.14363636363636365
442777655.0,3145000.0,0.14363636363636365
442777718.0,1798000.0,0.16074887023886378
442777723.0,1407500.0,0.32976190476190476
442777792.0,1172500.0,0.5490384615384616
442777828.0,500000.0,0.2
442777852.0,244490.0,0.04038297872340425
442777926.0,760000.0,0.23618090452261306
442777927.0,877000.0,0.12212212212212212
442777941.0,992000.0,0.2363356428021555
442777949.0,681797.5,0.11673964581363112
442778217.0,429495.0,0.07400600150037509
442778347.0,202887.5,0.014944972486243121
442778364.0,416450.0,0.04853836575697689
442778628.0,669450.0,0.042274678111587985
442778964.0,1675250.0,0.11683333333333333
442779058.0,378450.0,0.03684931506849315
442779086.0,680000.0,0.1724137931034483
442779156.0,313900.0,0.21505376344086022
442779174.0,1437499.5,0.06481444444444444
442779190.0,639500.0,0.11426592797783934
442779231.0,393490.0,0.0675371454299865
442779266.0,1702500.0,0.25164835164835164
442779587.0,1587500.0,0.2909781152300134
442779656.0,1702500.0,0.14661654135338345
442779736.0,326400.0,0.007902735562310031
442779798.0,629500.0,0.16055474063208428
442779819.0,102950.0,0.0295
442779895.0,645970.0,0.13859181224163222
442779977.0,329900.0,0.18542204224743516
442780082.0,379420.0,0.11514089888433007
442780097.0,403400.0,0.05900465365819522
442780155.0,400997.0,0.1329607126640576
442780253.0,222999.0,0.07211573132563137
442780254.0,203949.5,0.019468843600209618
442780285.0,949975.0,0.4179789536532577
442780286.0,1212500.0,0.029961198447937917
442780303.0,112500.0,3.500180007200288
442780350.0,563000.0,0.22022160664819945
442780364.0,456195.0,0.012543561548951277
442780408.0,483601.5,0.1640706239168111
442780450.0,99950.0,0.6651591289782245
442780560.0,554950.0,0.23322222222222222
442780603.0,624000.0,0.07964601769911504
442780614.0,387490.0,0.03333422224592656
442780639.0,2057500.0,0.41214285714285714
442780919.0,394000.0,0.14202898550724638
442781147.0,393990.0,0.05678580833592684
442781158.0,299740.0,0.09000327284628531
442781220.0,291490.0,0.0
442781325.0,1041230.0,0.06981127861529872
442781371.0,313990.0,0.18940111367854842
442781513.0,208999.5,0.05856081081081081
442781536.0,462180.0,0.21658331139773623
442781537.0,313990.0,0.1586774419720285
442781609.0,231949.5,0.00851993564937606
442781649.0,379420.0,0.1969651560799407
442781652.0,4250000.0,0.2916666666666667
442781740.0,207500.0,0.04377880184331797
442781741.0,452180.0,0.190260594893393
442781775.0,1382500.0,0.5345117845117845
442781848.0,404990.0,0.13850781513549984
442781899.0,734990.0,0.014230150214592275
442781902.0,79900.0,0.175
442781914.0,349500.0,0.24676724137931033
442781924.0,449499.5,6.504165275459099
442782004.0,65000.0,0.34999349993499934
442782120.0,1212475.0,0.03002
442782160.0,1425000.0,0.1875
442782199.0,504950.0,0.0819090909090909
442782306.0,138999.5,0.28718205128205126
442782350.0,3300000.0,0.17861352191149685
442782368.0,393990.0,0.28046045746748394
442782369.0,734498.0,0.3292255707762557
442782417.0,856255.0,0.21803196347031964
442782743.0,793000.0,0.27579908675799086
442782991.0,69000.0,0.15
442783566.0,222500.0,0.5146358066712049
442783748.0,452180.0,0.03771015109597787
442783841.0,102499.5,0.1087
442784185.0,69000.0,0.15
442784186.0,69000.0,0.15
442784193.0,404990.0,0.13296592625748335
442784194.0,389490.0,0.003836415253587048
442784545.0,737795.0,0.002966256300760821
442784817.0,404490.0,0.2557589379959517
442784841.0,799475.0,0.142188727766269
442784922.0,222450.0,0.9053404255319148
442785473.0,462180.0,0.027294954434318737
442785482.0,627499.5,0.09130347826086957
442786683.0,65000.0,0.057971014492753624
442788859.0,577994.5,0.37843370254866115
442789480.0,781700.0,0.18698372206025268
442790318.0,396490.0,0.0037975644953036785
442790319.0,789475.0,0.1689736842105263
442791022.0,1610000.0,0.5046153846153846
442791066.0,302490.0,0.011147433801896044
442791120.0,494500.0,0.7051724137931035
442791683.0,485995.0,0.10084874952715116
442791869.0,839000.0,0.3319574535640578
442792181.0,529945.0,0.610775075987842
442792259.0,458990.0,0.14747786869467175
442792273.0,646495.0,0.09501185636856369
442792376.0,354400.0,0.024573576178086153
442792515.0,800000.0,0.13513513513513514
442792526.0,390492.0,0.19510581328958027
442792533.0,387490.0,0.19839797117585203
442792574.0,575490.0,0.08637879028417209
442792626.0,350810.0,0.0059223576083876454
442792682.0,283240.0,0.1400422024198078
442792769.0,2500000.0,0.25
442792774.0,648947.5,0.09085140359724324
442792776.0,647500.0,0.13616423934023514
442792828.0,1652995.0,0.5027227272727273
442792838.0,467500.0,0.31690140845070425
442792855.0,392990.0,0.03342274113810876
442792856.0,894500.0,0.25396163469557964
442792947.0,349400.0,0.01826355717898286
442792963.0,763932.0,0.046496527349689724
442792964.0,439450.0,0.1580015283670189
442793007.0,389900.0,0.004896907216494845
442793038.0,452180.0,0.04802206362239205
442793042.0,454990.0,0.01068461504287174
442793042.0,454990.0,0.01068461504287174
442793047.0,472445.0,0.039574439994719005
442793084.0,467500.0,0.31690140845070425
442793112.0,397497.5,0.2045378787878788
442793147.0,361245.0,0.3894572868187238
442793154.0,734990.0,0.08947126573084506
442793155.0,779950.0,0.18406737106391882
442793206.0,392990.0,0.022388616632254534
442793207.0,349400.0,0.01826355717898286
442793279.0,221000.0,0.105
442793280.0,2925000.0,0.33507615367128896
442793282.0,900000.0,0.0625
442793286.0,424000.0,0.37662337662337664
442793300.0,652000.0,1.608
442793303.0,3122500.0,0.249
442793305.0,1780000.0,0.08717948717948718
442793355.0,384950.0,0.22994598919783957
442793412.0,674900.0,0.206
442793446.0,393490.0,0.030788935688071135
442793505.0,636495.0,0.11100541106650376
442793722.0,534500.0,0.0768566493955095
442793726.0,444450.0,0.3591743119266055
442793788.0,391945.0,0.06677539941427177
442793890.0,711950.0,0.3619948024016489
442794131.0,561257.0,0.10104669693839144
442794245.0,364492.5,0.08874596864921623
442794364.0,133999.5,0.055114173228346455
442794388.0,407250.0,0.27265625
442794695.0,398490.0,0.011166530186853272
442794716.0,417000.0,0.018315018315018316
442795099.0,734990.0,0.006849408896012274
442795101.0,104450.0,0.39266666666666666
442795227.0,789475.0,0.013094568410525658
442795331.0,398490.0,0.06455550599779337
442795343.0,313900.0,0.08653513326410522
442795424.0,321900.0,0.02548582351067219
442795445.0,208999.5,0.6089260969976905
442795468.0,306900.0,0.022300095571838166
442795473.0,149000.0,0.25210084033613445
442795511.0,359990.0,0.14489655336231264
442795629.0,313900.0,0.048499545316762656
442795666.0,340769.0,0.0260960274364104
442795761.0,392990.0,0.06650989334663532
442795809.0,1700000.0,0.05555555555555555
442795818.0,313900.0,0.1254930082466834
442795835.0,639925.0,0.4411135371179039
442795943.0,2949500.0,0.47844611528822056
442795953.0,313900.0,0.1254930082466834
442796010.0,732475.0,0.22893310174219697
442796262.0,377450.0,0.43664179104477613
442796489.0,377450.0,0.39120967741935486
442796625.0,329950.0,0.3401
442796647.0,391500.0,0.056626506024096385
442801496.0,423447.0,0.15308906178123563
442812738.0,599450.0,0.2111462034478221
442812884.0,1124999.5,0.14913125638406538
442813254.0,232400.0,0.03288888888888889
442814379.0,334450.0,0.1638729096822742
442814764.0,2697500.0,0.079
442814770.0,218500.0,0.6185185185185185
442815214.0,558500.0,0.06901150191698617
442815428.0,324500.0,0.07285714285714286
442816643.0,598999.5,0.2695128048780488
442820210.0,722425.0,0.03203718862455518
442821081.0,2086500.0,0.34694835680751174
442821082.0,725000.0,0.17142857142857143
442821200.0,407250.0,0.4304195804195804
442821576.0,1314500.0,0.6243212346384681
442822089.0,220000.0,0.022222222222222223
442822089.0,220000.0,0.022222222222222223
442823697.0,207445.0,0.07802222222222223
442824109.0,719000.0,0.19833333333333333
442824146.0,742795.0,0.11063710564787553
442824148.0,372500.0,0.035009724923589884
442824206.0,562450.0,0.14785714285714285
442824342.0,315445.0,0.26640697674418606
442824607.0,534995.0,0.5817083659108678
442825214.0,354250.0,0.2907907907907908
442825581.0,742795.0,0.05045483366229304
442825634.0,280995.0,0.04072222222222222
442825689.0,280995.0,0.04072222222222222
442825785.0,643995.0,0.47126847290640395
442825933.0,586274.5,0.3174918509895227
442826052.0,335250.0,0.14016414465247498
442826209.0,514340.0,0.20727346707273467
442826209.0,514340.0,0.20727346707273467
442826339.0,232545.0,0.04243360098826436
442826340.0,322900.0,0.2480674087816945
442826341.0,233335.0,0.00905985123681024
442826371.0,233335.0,0.08943412083294425
442826665.0,445000.0,0.2570951585976628
442826849.0,413405.0,0.0
442826851.0,413405.0,0.0
442826854.0,413405.0,0.0
442826855.0,413405.0,0.0
442826856.0,413405.0,0.0
442826859.0,413405.0,0.03318560787661221
442826860.0,413405.0,0.0
442826861.0,413405.0,0.03375054049947995
442826943.0,317990.0,0.059201183431952666
442826945.0,323445.0,0.040016077170418
442827008.0,315492.5,0.1564146100163106
442827096.0,364950.0,0.18876221498371334
442827115.0,392450.0,0.15426470588235294
442827442.0,437869.0,0.0640625
442827446.0,179500.0,0.26704777460187834
442827600.0,394000.0,0.22745098039215686
442827601.0,459990.0,0.3336909249057698
442827738.0,424945.0,0.11467947248901018
442827740.0,445351.0,0.048686642726791074
442827802.0,333000.0,0.5554072096128171
442827843.0,450445.0,0.020750451096762972
442827862.0,280995.0,0.07665044637725583
442827952.0,424945.0,0.11467947248901018
442828306.0,425400.0,0.00526131182041389
442828382.0,707000.0,0.2741273100616016
442828418.0,581489.5,0.0016493492176141884
442828425.0,458740.0,0.5810210978171523
442828541.0,218999.0,0.07983226820280757
442828551.0,351900.0,0.4551788202508128
442828580.0,323495.0,0.10786338309377771
442828581.0,273499.0,0.030141950857981766
442828593.0,280995.0,0.07665044637725583
442828599.0,450445.0,0.020750451096762972
442828602.0,687000.0,0.2139588100686499
442828628.0,707000.0,0.20293122886133033
442828717.0,696500.0,0.02728613569321534
442828757.0,529900.0,0.0719627313963467
442828787.0,338450.0,0.05986111111111111
442828951.0,778500.0,0.12662807525325614
442828963.0,572990.0,0.26027913653832996
442828978.0,688500.0,0.03706293706293706
442828999.0,696500.0,0.0666156202143951
442829051.0,692500.0,0.041353383458646614
442829101.0,687000.0,0.10806451612903226
442829202.0,351900.0,0.45994972421985064
442829205.0,696500.0,0.1215780998389694
442829261.0,687000.0,0.3304093567251462
442829262.0,696500.0,0.019765739385065886
442829280.0,707000.0,0.23318872017353579
442829318.0,724000.0,0.39666666666666667
442829319.0,688500.0,0.05425824175824176
442829344.0,688500.0,0.015021459227467811
442829350.0,518490.0,0.29149158587328594
442829373.0,696500.0,0.10555555555555556
442829407.0,688500.0,0.09407894736842105
442829414.0,847500.0,0.973515625
442829425.0,491462.0,0.14973884670413987
442829455.0,691000.0,0.004322766570605188
442829464.0,687000.0,0.34069097888675626
442829469.0,164450.0,0.17775
442829506.0,687000.0,0.2768421052631579
442829554.0,492650.0,0.0736840917723066
442829622.0,491462.0,0.17349531723248357
442829631.0,1200000.0,0.1724137931034483
442829705.0,165000.0,0.08333333333333333
442829927.0,3499999.5,39.22987931034483
442830031.0,1328950.0,0.21442376668296315
442830043.0,564500.0,0.8118332706110902
442830086.0,240000.0,0.5094339622641509
442830193.0,412905.0,0.0012124004316145538
442830289.0,412905.0,0.0012124004316145538
442830322.0,412405.0,0.03326339971167032
442830349.0,706050.0,0.25238246505717915
442830352.0,674000.0,0.27752170650659236
442830364.0,75000.0,41.25352112676056
442830372.0,278500.0,0.03130434782608696
442830385.0,412905.0,0.0012124004316145538
442830439.0,412905.0,0.0012124004316145538
442830451.0,412905.0,0.0012124004316145538
442830479.0,459990.0,0.1797640420620672
442830491.0,412905.0,0.0012124004316145538
442830540.0,1824000.0,0.43058823529411766
442830731.0,103000.0,0.6423611111111112
442831477.0,677000.0,0.28729339930519004
442831548.0,949000.0,0.3098181818181818
442831733.0,428497.5,0.2384320809248555
442832805.0,172400.0,0.26637985693556143
442833264.0,299995.0,0.0033277591973244146
442833269.0,160000.0,0.7777777777777778
442833281.0,299995.0,0.0033277591973244146
442833284.0,299995.0,0.0033277591973244146
442833295.0,273499.0,0.0852876254180602
442833316.0,226499.5,0.032053418803418804
442833362.0,226499.5,0.032053418803418804
442833396.0,226499.5,0.032053418803418804
442833411.0,226499.5,0.032053418803418804
442833416.0,877499.5,0.07621907569217812
442833431.0,272499.0,0.053822916666666665
442833454.0,233999.5,0.06849086757990867
442833467.0,233999.5,0.1470563725490196
442833617.0,604178.0,0.021667565366224117
442833618.0,604029.5,0.022378191682204267
442833767.0,100500.0,5.320754716981132
442834399.0,531596.0,0.09675468107520305
442834401.0,319945.0,0.015250846414281318
442834422.0,477990.0,0.13154308762877231
442835030.0,604029.5,0.022378191682204267
442835429.0,269950.0,0.289418267965254
442835442.0,175000.0,0.12499562497812489
442835511.0,742795.0,0.2502321590794388
442835791.0,314499.0,0.21428654164687894
442835799.0,425000.0,0.0
442835807.0,202449.5,0.11593718749863537
442835819.0,215499.0,0.06683201401987139
442835824.0,204999.0,0.01485155867108253
442835845.0,204999.0,0.07329881308279101
442835857.0,203949.5,0.1393890468661836
442835871.0,225499.0,0.10539267349349751
442835881.0,400397.5,0.2916465047259589
442835881.0,400397.5,0.3302684474567261
442835885.0,195449.5,0.07369466206000977
442835896.0,202449.5,0.20506372061738462
442835899.0,202449.5,0.048966574956346924
442835916.0,209499.0,0.07989731905834566
442836192.0,326900.0,0.06139809734082275
442836239.0,427240.0,0.588258692411496
442836247.0,194499.0,0.09269714998398867
442836259.0,192499.0,0.10879679998518511
442836280.0,192499.0,0.027777918070293284
442836293.0,192499.0,0.027777918070293284
442836320.0,197999.0,0.058823843977775285
442836321.0,194499.0,0.040107166348483145
442836333.0,549490.0,0.37698840122903887
442836338.0,498607.5,0.2825688139397689
442836420.0,89999.5,0.6086978260869566
442836422.0,194499.0,0.040107166348483145
442836453.0,194499.0,0.20807582655792894
442836454.0,231499.0,0.231384209490476
442836479.0,412500.0,0.02940948096348462
442836681.0,280995.0,0.07665044637725583
442836725.0,3475000.0,0.022058823529411766
442836909.0,1668500.0,0.01852941176470588
442836977.0,197400.0,0.36302032913843174
442836998.0,226999.0,0.0913465930124664
442837037.0,220499.0,0.0022624536762609784
442837064.0,222999.0,0.055084979173640566
442837111.0,222999.0,0.04291863913579028
442837136.0,206499.0,0.13235349728360205
442837138.0,3297500.0,0.04420289855072464
442837146.0,222999.0,0.004504524795156735
442837163.0,215000.0,0.4527027027027027
442837191.0,3297500.0,0.05785714285714286
442837211.0,412405.0,0.03382961028007825
442837265.0,389900.0,0.312105426106153
442837297.0,508990.0,0.24450475561749677
442837308.0,225499.0,0.06818209992603275
442837323.0,575490.0,0.04876113654771153
442837327.0,280995.0,0.10198439154476646
442837331.0,287499.0,0.05698550362317509
442837351.0,269499.0,0.009191210261802434
442837363.0,219499.0,0.053879542584235274
442837372.0,294499.0,0.10299664043685557
442837387.0,185499.0,0.06783953688209489
442837391.0,193499.0,0.029255474763163633
442837392.0,185499.0,0.013297943074165288
442837428.0,190499.0,0.07627161735377036
442837612.0,187999.0,0.1214958948406301
442837773.0,193499.0,0.1586835849316463
442837780.0,185499.0,0.0951224152312938
442837785.0,190999.0,0.043716085880250714
442837786.0,193499.0,0.10571488979937028
442837828.0,214499.0,0.13855477331234262
442837831.0,187999.0,0.06467693869123727
442837840.0,282494.5,0.12101436910463931
442837855.0,228999.0,0.004347844990630394
442837872.0,216499.0,0.11632700541634863
442837949.0,281994.5,0.029180763433443186
442837950.0,282494.5,0.03858653892109897
442837956.0,214499.0,0.08333368946021137
442837967.0,201999.0,0.13675272116547507
442838038.0,193499.0,0.18354507824927532
442838039.0,287499.0,0.11867750458172989
442838053.0,195449.5,0.08239240559814835
442838089.0,282494.5,0.27843039591315455
442838110.0,436914.5,0.2466861497612028
442838130.0,305490.0,0.253992673992674
442838233.0,307499.0,0.113835734870317
442838242.0,438478.5,0.5122597330367075
442838285.0,282499.0,0.15545889387144993
442838381.0,707000.0,0.2429676511954993
442838441.0,319994.5,0.012362654320987654
442838468.0,277999.0,0.05864051789794364
442838509.0,849944.0,0.41680946824470744
442838517.0,297400.0,0.06975289333750391
442838551.0,552900.0,0.2627016935591412
442838552.0,199500.0,0.9335
442838560.0,495731.0,0.3795607008760951
442838602.0,987000.0,0.221608832807571
442838862.0,392000.0,0.31986531986531985
442838981.0,356490.0,0.28270186522867663
442841069.0,96000.0,0.32413793103448274
442841646.0,2012495.0,0.1436191489361702
442841974.0,654950.0,0.007770426219418372
442841985.0,2900000.0,0.16
442841996.0,122248.5,1.2267486338797815
442842126.0,314242.0,0.07620808931812734
442842197.0,290990.0,0.0
442842242.0,291490.0,0.008650818367417558
442842324.0,167450.0,0.04314285714285714
442842393.0,587250.0,0.021086847807967993
442842508.0,204950.0,0.17114285714285715
442842522.0,531957.5,0.12488369634172129
442842552.0,291490.0,0.0689035570223689
442842798.0,337500.0,0.08536585365853659
442842824.0,75000.0,0.0013351134846461949
442842844.0,349000.0,0.15494321896413957
442842876.0,438435.0,0.06190735694822888
442842899.0,435776.5,0.06152319010036052
442842921.0,1300000.0,0.13333275555517038
442843043.0,447500.0,0.16975881261595546
442843113.0,359450.0,0.3878378378378378
442843215.0,419997.5,0.2695695652173913
442843417.0,419500.0,0.19171483622350674
442844520.0,327450.0,0.13304498269896195
442844536.0,324250.0,0.14445910290237468
442844761.0,244500.0,0.16428571428571428
442844892.0,1200000.0,0.14224446032880628
442845718.0,432749.5,0.042295195681966526
442853700.0,697000.0,0.46384615384615385
442855155.0,485950.0,4.282065217391304
442860816.0,1650000.0,0.0
442861503.0,589013.5,0.01381004836572058
442861562.0,550584.0,0.07001758336049943
442861564.0,353494.5,0.11180947451469117
442861790.0,90000.0,0.5
442861858.0,247475.0,0.940367469879518
442861859.0,944000.0,0.10943396226415095
442861860.0,1650000.0,0.0006064281382656155
442861861.0,997000.0,0.0505795574288725
442861866.0,1099500.0,0.03433678269049859
442862928.0,191499.5,0.1488911111111111
442862964.0,328450.0,0.08763888888888889
442862985.0,75000.0,0.3157894736842105
442862986.0,613160.0,0.6814753246753247
442863131.0,320000.0,1.9117379435850774
442863170.0,3295000.0,0.23282887077997672
442863381.0,555000.0,0.06722689075630252
442863666.0,422094.5,0.10904287879363551
442863678.0,189500.0,0.8702054794520548
442863687.0,1200000.0,0.2
442863924.0,374900.0,0.08666666666666667
442864166.0,104500.0,0.3933333333333333
442864306.0,207500.0,0.43103448275862066
442864326.0,1297497.5,0.020756603773584906
442864681.0,425000.0,0.34615384615384615
442864917.0,1375000.0,0.0784313725490196
442864956.0,444500.0,0.03156931523562605
442864969.0,186500.0,0.06571428571428571
442865001.0,469470.0,0.043829813234485426
442865012.0,199700.0,0.5040028920235881
442865160.0,209950.0,0.5269090909090909
442865573.0,185000.0,0.0748797343654675
442865767.0,434970.0,0.16305248803443942
442866139.0,235445.0,0.03896077390913915
442866237.0,296495.0,0.08910906298003073
442866354.0,235445.0,0.03896077390913915
442866465.0,321245.0,0.030935143288084464
442866487.0,197450.0,0.8589642857142857
442866540.0,235445.0,0.03896077390913915
442866541.0,230900.0,0.057512551532715624
442866602.0,457500.0,0.12962962962962962
442866731.0,1316450.0,0.4251310043668122
442866910.0,321245.0,0.045334323922734024
442867014.0,304000.0,0.09118086696562033
442867138.0,306500.0,0.18266666666666667
442867159.0,350495.0,0.04366984993178718
442867361.0,363245.0,0.0007015130674002751
442867492.0,365000.0,0.01084010840108401
442867578.0,361745.0,0.029653969957081545
442867762.0,350000.0,0.0611587982832618
442867834.0,365000.0,0.023542001070090957
442867835.0,3100000.0,19.666666666666668
442868204.0,414990.0,0.05996652041054403
442868432.0,234950.0,0.7533582089552239
442868693.0,414990.0,0.04708216416299651
442868809.0,1237500.0,0.10285664378666162
442868813.0,1237500.0,0.03776978869749199
442868827.0,419945.0,0.045557853587581534
442868872.0,112400.0,0.3558504221954162
442868975.0,361433.0,0.5101870172110042
442869155.0,375750.0,0.15615384615384614
442869692.0,1993980.0,0.4610864864864865
442869722.0,1599000.0,0.13567567567567568
442882255.0,436914.5,0.10833775510204081
442882520.0,321950.0,0.07750716332378224
442896486.0,517445.0,0.14987777777777778
442896721.0,470000.0,0.15007504656503734
442898884.0,403500.0,0.19138276553106212
442899051.0,412500.0,0.18958742632612965
442899391.0,600000.0,11.024048096192384
442899623.0,627500.0,0.0072231139646869984
442899982.0,237000.0,0.43636363636363634
442900366.0,109975.0,0.22194444444444444
442900435.0,611500.0,0.36495535714285715
442900436.0,2900000.0,0.1527899503359626
442909457.0,187000.0,0.015789473684210527
442909866.0,1111990.0,0.4331024258540246
442909867.0,291490.0,0.041035714285714286
442910510.0,1199500.0,0.6001666666666666
442910531.0,581500.0,0.010726036754622139
442910637.0,62500.0,3.1666666666666665
442911000.0,676990.0,0.009878156475249415
442911001.0,584265.0,0.14942386501772442
442911002.0,572030.5,0.0656226264078209
442911005.0,458092.5,0.16462119208921067
442911006.0,442139.5,0.21197228158290127
442911035.0,502574.5,0.18858301701609376
442911336.0,120000.0,3.285867352405443
442911421.0,329000.0,0.044444444444444446
442911503.0,200000.0,0.3333333333333333
442911570.0,79900.0,0.33168886148102467
442911792.0,57250.0,0.04583333333333333
442911793.0,62500.0,0.5625
442913628.0,209000.0,0.39426284189459637
442913728.0,812500.0,0.15803108808290156
442914093.0,743500.0,0.14737654320987653
442914945.0,235445.0,0.04649198835477921
442915066.0,487000.0,0.025805161032206442
442915271.0,474950.0,0.13645297536904613
442915283.0,671250.0,0.08266129032258064
442915294.0,82500.0,0.08333333333333333
442916493.0,1574500.0,0.1713157894736842
442916520.0,407579.0,0.22214426003388357
442916523.0,407579.0,0.01691367265469062
442916528.0,403845.0,0.02438523550571461
442916529.0,403845.0,0.010833570105910822
442916769.0,194750.0,0.558
442917459.0,422970.0,0.17494930414733742
442917597.0,197000.0,0.03431372549019608
442917646.0,367272.0,0.16597987237690084
442917648.0,393375.0,0.25682929167066043
442917650.0,302245.0,0.0041022768460245804
442918001.0,469970.0,0.12167354829470871
442918179.0,722450.0,9.335479256080115
442918183.0,485950.0,5.402503293807642
442919632.0,262497.5,0.3815657894736842
442920678.0,305490.0,0.34577092511013213
442920694.0,357000.0,0.19
442931078.0,378500.0,0.20981210855949894
442936353.0,595000.0,0.20202020202020202
442943366.0,239990.0,0.06669333511122964
442944228.0,779494.5,0.08294764705882353
442944537.0,479445.0,0.08967249255664901
442944569.0,819499.5,0.1763824120603015
442944673.0,818500.0,0.41120932967125806
442945213.0,302490.0,0.31517391304347825
442945214.0,1200000.0,0.7818181818181819
442945576.0,456365.0,0.005177224571652788
442945967.0,718327.5,0.12063922196325105
442946290.0,482490.0,0.646760377772897
442946291.0,435917.5,0.6689838386461611
442946352.0,375499.0,0.009408627442546889
442946353.0,377499.0,0.02706192541733355
442946354.0,375499.0,0.05182087344782478
442946356.0,382499.0,0.011904793398924337
442946357.0,382999.0,0.02406423546587023
442946360.0,382999.0,0.01591516157867793
442946438.0,448510.0,0.11986106477756628
442946467.0,329500.0,0.3663339679609223
442946468.0,502574.5,0.05921336876869156
442946472.0,585337.5,0.07535463793757109
442946482.0,1160353.5,0.04820012878194428
442946494.0,398947.0,0.050136878125822584
442946495.0,398947.0,0.023203385483457295
442946503.0,396447.0,0.008634658664666166
442946505.0,398947.0,0.010248164092175235
442946508.0,398947.0,0.01798162796631794
442946542.0,648753.0,0.22109136751110578
442946571.0,385450.0,0.4683448275862069
442946575.0,1874500.0,0.06270313515675784
442947265.0,229950.0,0.5432885906040269
442947342.0,235000.0,1.614015572858732
442947343.0,235000.0,1.614015572858732
442950762.0,238500.0,0.0020920502092050207
442950953.0,84900.0,0.05561735261401557
442950986.0,1810000.0,0.2482758620689655
442950992.0,964000.0,0.05934065934065934
442951022.0,456365.0,0.005177224571652788
442951126.0,460875.0,0.17356994438672615
442951151.0,682000.0,0.2578890097932535
442951152.0,887500.0,0.22149122807017543
442951166.0,519920.5,0.10623736675248409
442951166.0,519920.5,0.10623736675248409
442951180.0,419125.0,0.08639593687331067
442951455.0,404534.0,0.7294086956521739
442955335.0,296950.0,0.07981818181818182
442956335.0,425225.0,0.029742618536941542
442963520.0,433625.0,0.03737290769435688
442965313.0,175000.0,0.16666666666666666
442966724.0,310000.0,0.06032130948772355
442966852.0,1407499.5,0.09193580645161291
442966873.0,319500.0,0.03398058252427184
442966942.0,211000.0,0.06030150753768844
442967033.0,409000.0,0.2239089184060721
442967051.0,904500.0,0.6955570514978122
442967286.0,1972500.0,0.3425
442967388.0,442500.0,0.08085371553201433
442967477.0,485950.0,5.665980795610425
442967669.0,367500.0,0.19934640522875818
442967712.0,450625.0,0.20387537669110262
442967834.0,6840000.0,0.873972602739726
442967842.0,6840000.0,2.019867549668874
442967859.0,6550000.0,0.28937007874015747
442967863.0,201500.0,0.5696099790678799
442967911.0,379950.0,0.15566666666666668
442967954.0,97250.0,0.858029197080292
442968054.0,367500.0,0.38739789964994165
442968153.0,582450.0,0.07400635930047694
442968175.0,1147000.0,0.1704081632653061
442968194.0,725000.0,0.25215889464594127
442968202.0,1310000.0,0.1391304347826087
442968355.0,139700.0,0.8381578947368421
442968457.0,242450.0,0.8236727272727272
442968547.0,662113.0,0.023432153392330384
442968548.0,661950.0,0.08244354591663466
442968550.0,661950.0,0.02414178433378641
442968596.0,419995.0,0.16025525919582304
442968605.0,368000.0,0.23333333333333334
442968689.0,552900.0,0.10139442231075697
442968699.0,678163.0,0.04010898796886058
442968700.0,619900.0,0.04907767811812489
442968701.0,619400.0,0.023970904281699453
442968702.0,637900.0,0.08215827338129496
442968703.0,623900.0,0.02632011844053298
442968704.0,615400.0,0.0008131403480240689
442968705.0,508700.0,0.09387246170288564
442968706.0,507650.0,0.035619300911854106
442968707.0,1218495.0,0.27275738585496867
442968708.0,714545.0,0.06326035658101731
442968709.0,637900.0,0.19750912064410617
442968710.0,1235997.5,0.06551508620689656
442968711.0,727755.0,0.0053779606117344775
442968712.0,749127.5,0.13383911003481155
442968713.0,526400.0,0.2748849600387503
442968714.0,637900.0,0.08070327136474996
442968718.0,611400.0,0.0024473813020068525
442968719.0,636400.0,0.00856831282131173
442968720.0,669400.0,0.10555852485301978
442968721.0,552900.0,0.03365114974761638
442968722.0,637900.0,0.010854396030392309
442968723.0,613900.0,0.025400857278933164
442968724.0,618900.0,0.02212039816716701
442968725.0,636400.0,0.10416666666666667
442968726.0,619900.0,0.011421112742698646
442968727.0,613900.0,0.06783788484953905
442968728.0,548150.0,0.006888317413666422
442968729.0,557400.0,0.2671061604910207
442968730.0,625400.0,0.1501562712325044
442968731.0,527400.0,0.06566983228935139
442968732.0,497400.0,0.10362227428365471
442968733.0,613900.0,0.0176028164506321
442968734.0,695000.0,0.11040102252756032
442968735.0,642400.0,0.08531846595708735
442968736.0,749127.5,0.12583032762248272
442968737.0,736741.0,0.1237660158633313
442968738.0,744900.0,0.19287030014086032
442968739.0,1218495.0,0.21367670348715598
442968740.0,631400.0,0.013645850056188794
442968742.0,615400.0,0.11453237410071943
442968743.0,633900.0,0.06421556283052128
442968745.0,524900.0,0.09376953531985831
442968746.0,669400.0,0.1760216642048252
442968747.0,724950.0,0.11547930450838591
442968748.0,500950.0,0.02803647652308886
442968749.0,637900.0,0.10382419103651151
442968750.0,1242447.5,0.040581081081081084
442968751.0,417445.0,0.19551936789362112
442968752.0,637900.0,0.08531689131058216
442968754.0,612900.0,0.05109150023223409
442968759.0,1218495.0,0.2613101738513853
442968762.0,650150.0,0.0019263368777931885
442968774.0,631400.0,0.013645850056188794
442968776.0,491400.0,0.10638297872340426
442968777.0,507650.0,0.02916427615222796
442968778.0,724950.0,0.09031433298240336
442968780.0,1130000.0,0.058333333333333334
442968781.0,736741.0,0.023677921356120606
442968782.0,1130000.0,0.11023622047244094
442968783.0,1227500.0,0.06147258964752657
442968784.0,714545.0,0.22659919904751596
442968785.0,598447.5,0.05009212142481137
442968786.0,582492.5,0.033848896997843755
442968788.0,1155000.0,0.15859163406560337
442968789.0,614900.0,0.001623640201331385
442968790.0,582492.5,0.13047842961636066
442968791.0,619900.0,0.024797487187964953
442968792.0,678163.0,0.008823443437591347
442968793.0,1218495.0,0.2725402985074627
442968794.0,613900.0,0.04510810390418417
442968795.0,626400.0,0.0007975753708725474
442968796.0,637900.0,0.05060276826908766
442968797.0,618900.0,0.0065051227841925515
442968800.0,1130000.0,0.1360195733618778
442968801.0,619900.0,0.016396130513198885
442968802.0,613900.0,0.04063134864822628
442968803.0,419945.0,0.21454222388478444
442968804.0,646400.0,0.05344852833504173
442968805.0,637900.0,0.05482293673136761
442968806.0,629900.0,0.03110165329841218
442968807.0,419945.0,0.2286094783247612
442968808.0,1155000.0,0.022123893805309734
442968809.0,614900.0,0.06957731779439903
442968810.0,497400.0,0.11162707626361851
442968811.0,629900.0,0.01777346905800614
442968812.0,646400.0,0.021330383946911044
442968814.0,637900.0,0.045909165436956875
442968815.0,566395.0,0.19770564601395643
442968816.0,419945.0,0.21454222388478444
442968817.0,1218495.0,0.2677074013192118
442968818.0,1145000.0,0.004347826086956522
442968819.0,760455.0,0.19774765270598163
442968820.0,566395.0,0.1262577053092066
442968821.0,657400.0,0.011540236959532236
442968822.0,646400.0,0.1827032494626375
442968823.0,714545.0,0.05746527548772606
442968825.0,645900.0,0.017493154852449042
442968826.0,522445.0,0.04509901980396079
442968827.0,629900.0,0.050008334722453744
442968828.0,681263.0,0.20173399188569413
442968829.0,641400.0,0.0023331777881474567
442968830.0,629900.0,0.016131634134537828
442968831.0,1155000.0,0.03125
442968832.0,646400.0,0.1690448643784548
442968863.0,734000.0,0.058914032950830184
442968942.0,809500.0,0.018787878787878787
442969004.0,3372500.0,0.08790322580645162
442969014.0,612500.0,0.12667429014660464
442969566.0,312490.0,0.22631839564248576
442969910.0,115000.0,1.3
442969945.0,249450.0,0.8081153846153846
442970029.0,3295000.0,0.3729166666666667
442970123.0,787500.0,0.09378596087456847
442970156.0,2050000.0,0.31666666666666665
442970162.0,555000.0,1.2653061224489797
442970234.0,362500.0,0.20833333333333334
442970308.0,799500.0,0.15035971223021583
442970543.0,172499.5,0.8357147619047619
442970804.0,304500.0,0.04639175257731959
442970805.0,284500.0,0.05762081784386617
442970807.0,296000.0,0.12547528517110265
442970808.0,320995.0,0.1181456043956044
442970810.0,304500.0,0.07164634146341463
442970811.0,350495.0,0.06858231707317074
442970812.0,312995.0,0.045746951219512194
442970813.0,289495.0,0.25322510822510824
442970814.0,286500.0,0.15060240963855423
442970817.0,273000.0,0.017985611510791366
442970818.0,292500.0,0.015625
442970819.0,304500.0,0.11482558139534883
442970820.0,282995.0,0.18407949790794978
442970821.0,156449.5,inf
442970824.0,302500.0,0.03662420382165605
442970828.0,315500.0,0.007861635220125786
442970829.0,321500.0,0.0935374149659864
442970830.0,296000.0,0.02631578947368421
442970831.0,328000.0,0.04126984126984127
442970832.0,274500.0,0.0018181818181818182
442970837.0,289495.0,0.25322510822510824
442970838.0,276500.0,0.04982817869415808
442970839.0,334500.0,0.010574018126888218
442970845.0,350495.0,0.20032534246575343
442970846.0,312995.0,0.14012362637362638
442970847.0,284500.0,0.054817275747508304
442970848.0,342495.0,0.0043841642228739
442970849.0,276500.0,0.08431372549019608
442970851.0,302500.0,0.13295880149812733
442970852.0,309000.0,0.025236593059936908
442970853.0,309000.0,0.12773722627737227
442970855.0,340995.0,0.15591525423728814
442970858.0,284500.0,0.04981549815498155
442970859.0,317500.0,0.13392857142857142
442970860.0,156449.5,inf
442970865.0,340995.0,0.00873546511627907
442970889.0,409450.0,682.5559265442404
442971010.0,637500.0,0.20212765957446807
442971020.0,726500.0,0.1193939393939394
442971461.0,630000.0,0.26744186046511625
442971502.0,78500.0,0.6348837209302326
442971738.0,347000.0,0.11025641025641025
442971823.0,219000.0,0.36875
442972173.0,337495.0,0.24834075723830734
442972197.0,414500.0,0.22633136094674555
442972245.0,82000.0,0.2545454545454545
442972275.0,394900.0,0.21004200840168033
442972291.0,120000.0,1.4489795918367347
442972354.0,359500.0,0.2396551724137931
442973776.0,1724500.0,0.18847020633892064
442973777.0,392000.0,0.30666666666666664
442973800.0,415000.0,0.22781065088757396
442973971.0,804500.0,0.1492857142857143
442974684.0,432495.0,0.05
442974741.0,577495.0,0.11017719568567026
442975007.0,496897.0,0.014394411231488791
442975008.0,496897.0,0.062253247880668224
442975009.0,502574.5,0.01983668798029217
442975010.0,389990.0,0.029851488843006046
442975011.0,496897.0,0.022681633030373956
442975012.0,444360.0,0.11092777319432987
442975101.0,337495.0,0.1638159936549536
442975138.0,730000.0,0.3047619047619048
442975141.0,747500.0,0.34684684684684686
442976128.0,487000.0,0.8377358490566038
442978534.0,1024500.0,0.280625
442979277.0,319500.0,1.4577112131631782
442979429.0,103000.0,0.8006993006993007
442979468.0,637750.0,1.4434865900383143
442980329.0,507950.0,0.04018759754959204
442980387.0,407579.0,0.11672373439667129
442980395.0,411103.5,0.029328475925786825
442980404.0,411103.5,0.07410644301614673
442980405.0,432742.0,0.3523610112816026
442980410.0,432742.0,0.31137913270099093
442980935.0,229000.0,0.9872777777777778
442981059.0,182500.0,0.4049268668206313
442981293.0,172400.0,0.3792
442981372.0,312490.0,0.06655517253148571
442981385.0,316490.0,0.004762055938283755
442981542.0,782500.0,0.02065081351689612
442981605.0,531596.0,0.2627283308392123
442981606.0,531596.0,0.28098508397792715
442981612.0,615577.5,0.21414300668947556
442981823.0,598447.5,0.8129266958424508
442982174.0,359332.0,0.012231330460012959
442982175.0,367942.5,0.332145197553973
442982176.0,352889.0,0.1383883351075841
442982177.0,386325.0,0.08522831018160877
442982178.0,352990.0,0.06969908179035729
442982406.0,225000.0,0.5517241379310345
442982466.0,333500.0,0.12005277044854881
442982471.0,362000.0,0.31568998109640833
442982607.0,682000.0,0.12727272727272726
442982793.0,399500.0,0.0012531328320802004
442982806.0,990000.0,0.3391188251001335
442982915.0,669400.0,0.10506824957552909
442983115.0,352889.0,0.27401350229250154
442983164.0,202000.0,0.0918918918918919
442983361.0,367500.0,0.08344972067039107
442983558.0,572030.5,0.27401002227171495
442983644.0,290000.0,0.15939592451955129
442983845.0,903900.0,0.13245033112582782
442983851.0,903900.0,0.15673103834312901
442983858.0,228497.0,0.07490718585905207
442983859.0,321290.0,0.1812175780058015
442983874.0,230447.5,0.015191696879721937
442983878.0,973400.0,0.1658881303150078
442983880.0,228497.0,0.035873569086789396
442983881.0,972400.0,0.0745938777765499
442983903.0,85000.0,0.7671232876712328
442983934.0,660269.0,0.15252342446412528
442983981.0,360200.0,0.07442858427659219
442984107.0,303500.0,0.43692022263450836
442984111.0,353992.5,0.057979402842088454
442984150.0,539249.5,0.35719454046966265
442984223.0,352889.0,0.030350896658043646
442984265.0,424888.5,0.17815742898867493
442984305.0,325640.0,0.041548056932672314
442984411.0,437000.0,0.1579961464354528
442984413.0,609500.0,0.24642126789366053
442984454.0,310495.0,0.01301694268730729
442984651.0,553615.5,0.03678362616906441
442985493.0,303795.0,0.0777042411730775
442985567.0,1175000.0,0.003667014889293393
442985596.0,517700.0,0.11357281135728113
442985635.0,1056900.0,0.05202260292402906
442985636.0,869900.0,0.2633584554153612
442985638.0,386325.0,0.2523299350049435
442985640.0,1056900.0,0.04603303547251557
442985642.0,419997.5,0.2998874812468745
442985648.0,869900.0,0.265225103471577
442985649.0,869900.0,0.21834845898104052
442985660.0,414990.0,0.19403767721887746
442986084.0,236750.0,0.10116279069767442
442986086.0,415490.0,0.12820582445183626
442986154.0,352889.0,0.15167012058809132
442986329.0,624000.0,0.19897304236200256
442986745.0,1397000.0,0.65075
442986754.0,217400.0,0.11544381734222678
442986838.0,350889.0,0.04617588535267318
442986955.0,312490.0,0.06651877133105802
442987019.0,705000.0,0.10646387832699619
442987311.0,361433.0,0.030345963944034573
442987345.0,321645.0,0.2722799158351999
442987753.0,2147500.0,0.07644110275689223
442987762.0,839500.0,0.10680847079652044
442987904.0,636400.0,0.06398412714754899
442987915.0,599900.0,0.7590763052208835
442987916.0,599900.0,0.53960092095165
442988247.0,62500.0,4.208333333333333
442988368.0,636400.0,0.06085550101971849
442988512.0,178950.0,0.022571428571428572
442988660.0,172400.0,0.15704697986577182
442988865.0,352495.0,0.13711732636536664
442988995.0,539965.5,0.356731324907661
442989108.0,1475000.0,0.024306266879352
442989141.0,862500.0,0.01877133105802048
442989331.0,664240.0,0.2635920177383592
442989366.0,1699500.0,0.0621875
442989395.0,319500.0,0.30240174672489084
442989404.0,380992.5,0.3776706784013172
442989417.0,465950.0,0.18895126307731563
442989631.0,422400.0,0.0750827182489183
442989700.0,465950.0,0.15362713542956177
442989716.0,334999.5,0.26856004366812225
442989752.0,479400.0,0.1781764561317277
442989763.0,767500.0,0.039424280350438046
442989767.0,354000.0,0.22491349480968859
442989774.0,699000.0,0.034530386740331494
442989785.0,175000.0,0.2391304347826087
442989799.0,479400.0,0.1752880607992155
442989819.0,499500.0,6.8046875
442989878.0,747450.0,0.256218487394958
442989937.0,476450.0,0.04278835631429197
442989979.0,454900.0,0.029857112390701643
442989988.0,1650000.0,0.05714285714285714
442989990.0,840694.0,0.29942166666666664
442989996.0,369000.0,0.262
442989998.0,828750.0,0.21071428571428572
442989999.0,574450.0,0.3946786090621707
442990004.0,624000.0,0.0016
442990026.0,595000.0,0.32222222222222224
442990071.0,386725.0,0.29828747486917456
442990072.0,634716.0,0.14876576158531843
442990073.0,634716.0,0.02171530737278535
442990074.0,633945.0,0.008756575785832265
442990107.0,512500.0,0.07240008369951872
442991708.0,944000.0,0.30074074074074075
442992668.0,214450.0,0.0727863931965983
442992903.0,397900.0,0.048484848484848485
442993132.0,236900.0,0.8420666666666666
442993212.0,541937.0,0.10601644931529215
442993407.0,723750.0,0.11541145742302705
442993728.0,1650000.0,0.2794759825327511
442993740.0,712950.0,0.03492875474678032
442993825.0,503445.0,0.4700578947368421
442994078.0,915750.0,58.08064516129032
442994092.0,1649500.0,0.00030303030303030303
442994093.0,354000.0,0.22875816993464052
442994094.0,2600000.0,0.6148148148148148
442994098.0,939888.0,0.3281715511079342
442994295.0,318990.0,0.012698815835423347
442994450.0,699999.0,0.18739292244956118
442994484.0,1924500.0,0.13205882352941176
442994508.0,312490.0,0.032508746400817363
442994560.0,972500.0,5.7581653926337735
442994912.0,509950.0,0.020104020804160832
442994922.0,915750.0,82.25
442994933.0,782000.0,0.17684123878025135
442995037.0,787475.0,0.25005952853401064
442995371.0,368945.0,0.24856921729566794
442995429.0,507499.5,0.5048785365853659
442995443.0,378750.0,3.353448275862069
442995493.0,1975000.0,0.6565217391304348
442995822.0,202000.0,0.3466666666666667
442999990.0,292492.5,3.8830133555926545
443008094.0,353000.0,0.11041207927021075
443017696.0,439990.0,0.46668222274075805
443017697.0,417445.0,0.48035391325933546
443018433.0,1437500.0,0.45734239335598337
443020059.0,164997.5,0.13791379310344828
443020211.0,291490.0,0.04426374635233942
443020265.0,82999.5,0.3083375
443020625.0,164997.5,0.2222037037037037
443020763.0,164997.5,0.31998
443022536.0,507000.0,0.19294117647058823
443022549.0,1649000.0,0.58775
443022561.0,617707.5,0.5507581818181818
443022670.0,734347.5,0.10434504207830224
443023054.0,212000.0,0.11629845769070446
443023156.0,762500.0,0.27295492487479134
443023587.0,710300.0,0.1946620709985374
443023589.0,376872.0,0.07375528868755075
443023650.0,360989.5,0.1036430451650774
443023655.0,366867.5,0.011122821393337898
443023664.0,442474.5,0.01942318815527913
443023666.0,450332.0,0.005297359803017687
443024080.0,642500.0,0.5344202898550725
443024555.0,684642.0,0.2598464864864865
443027258.0,637750.0,0.21476190476190476
443027375.0,759500.0,0.01235370611183355
443027689.0,199950.0,2.3380634390651087
443028025.0,312490.0,0.32052620134811916
443028178.0,62500.0,0.48813066977785186
443028248.0,62500.0,0.6891891891891891
443028278.0,362400.0,0.2947481243301179
443028281.0,62500.0,0.25250501002004005
443028351.0,183450.0,11.23
443029107.0,648250.0,0.7676523297491039
443029116.0,749394.0,0.343
443029268.0,324999.5,0.1607125
443029407.0,688888.0,0.09344913804447953
443036342.0,355242.0,0.039626926196269265
443036369.0,358450.0,0.16093164794007492
2052844037.0,622400.0,0.037506251041840306
2052861652.0,602500.0,0.20741482965931865
2052883881.0,487400.0,0.07120879120879121
2052883936.0,524650.0,0.05466765166939945
2052890232.0,849475.0,0.34599826928880706
2052891503.0,1262500.0,0.4402142128392025
2052919905.0,1749500.0,0.7495
2052951061.0,678770.5,0.024741016393913705
2052955784.0,797445.0,0.08495918367346939
2052955789.0,690745.0,0.0665608108108108
2052957351.0,299450.0,0.08890909090909091
2052959750.0,426900.0,0.09876246089148416
2052959753.0,426900.0,0.08790431648374188
2052960351.0,1622750.0,0.6042073170731708
2052971739.0,489999.5,0.22499875
2052982337.0,477990.0,0.024490295720320823
2052982339.0,446445.0,0.12460048236239926
2052997345.0,609000.0,0.01669449081803005
2052997842.0,618200.0,0.054049445865302644
2052997869.0,469990.0,0.18248391024526003
2053007229.0,0.0,
2053041348.0,117450.0,0.02125
2053042392.0,162500.0,0.16666666666666666
2053044125.0,420000.0,0.5555555555555556
2053046396.0,377406.0,0.055209532869373655
2053063614.0,228949.5,0.22433542425360564
2053067654.0,1090482.5,0.004580100410771337
2053070654.0,379870.0,0.3251554450168769
2053071128.0,308145.0,0.2610431654676259
2053072745.0,1490000.0,0.8247058823529412
2053081150.0,677900.0,0.08143009098977635
2053089160.0,376994.5,0.31950328430195724
2053090941.0,389250.0,0.5902631578947368
2053097697.0,297900.0,0.0033456005352960855
2053136425.0,696000.0,0.12897208389430487
2053136426.0,669679.0,0.015449817283052055
2053142934.0,419990.0,0.06450606971823143
2053154078.0,428937.5,0.7138509006004002
2053170493.0,260990.0,inf
2053175731.0,1747450.0,0.09352315394242804
2053180820.0,589499.5,0.1266674074074074
2053181892.0,347500.0,0.020180491213236805
2053188959.0,399900.0,0.007667684061639247
2053188977.0,321445.0,0.2291301949687043
2053190647.0,521450.0,0.3942513368983957
2053193827.0,1822000.0,0.3098584461426754
2053198129.0,359500.0,1.8760230081840654
2053210096.0,422250.0,0.1957142857142857
2053212418.0,674950.0,0.1818787878787879
2053214917.0,352990.0,0.040761977227642056
2053234601.0,424950.0,0.07858067463641209
2053241653.0,494945.0,0.014252341236500748
2053275418.0,372000.0,0.3236240658921071
2053296114.0,199700.0,0.09424657534246575
2053332828.0,654500.0,1.38
2053348235.0,695000.0,0.15852642107017836
2053373035.0,1095607.5,0.004056560037088549
2053384076.0,202140.0,0.08904912122577738
2053393703.0,1450000.0,0.12121212121212122
2053393883.0,344444.0,0.15701713134027545
2053404892.0,330492.5,0.32961621939593094
2053478664.0,2495000.0,0.37546933667083854
2053481640.0,397000.0,0.036580589571529286
2053482322.0,59700.0,0.4047058823529412
2053484266.0,490000.0,0.14782608695652175
2053525496.0,774499.5,0.3053816143497758
2053534492.0,722000.0,0.19777688641876268
2053534568.0,401450.0,0.3162295081967213
2053535555.0,344994.0,0.019900624717683855
2053535560.0,319990.0,0.0831205820073983
2053550747.0,341867.0,0.2009167321141404
2053578231.0,360490.0,0.015464788732394366
2053617917.0,394566.0,0.04923855421686747
2053617918.0,526255.0,0.22036296296296295
2053617920.0,397740.0,0.07502325581395348
2053617925.0,410571.0,0.0013926829268292682
2053617927.0,451447.5,0.3513685344827586
2053624461.0,387490.0,0.1135090088795655
2053641329.0,3800000.0,0.2
2053642652.0,314995.0,0.22570917156309583
2053658346.0,1587500.0,25.458333333333332
2053746415.0,164750.0,0.2154761904761905
2053749365.0,707450.0,0.01055944055944056
2053831713.0,189900.0,0.055
2053863233.0,1172500.0,0.44166666666666665
2053899663.0,281449.0,0.10077318764177769
2053899734.0,316995.0,0.20749268731718293
2053899741.0,283994.5,0.2755057526977729
2053901296.0,383990.0,0.6089316631021489
2053901371.0,217999.0,0.7828478932164559
2053901378.0,1119450.0,0.0922529027222168
2053901383.0,475490.0,0.4739572961610798
2053901404.0,580994.5,0.377216743488048
2053901440.0,747495.0,0.19536808792344373
2053901585.0,225999.0,0.09596783871354854
2053901754.0,465945.0,0.40349106900810267
2053903451.0,365000.0,0.2699853997079942
2053903947.0,225499.0,0.058455358895026704
2053904519.0,660900.0,0.09453349773941636
2053904628.0,383490.0,0.07590544350466276
2053904744.0,452945.0,0.09588207114056449
2053905176.0,356945.0,0.21413993673254192
2053905534.0,409923.0,0.15825170948068748
2053905786.0,289997.5,0.052280266017418586
2053906395.0,686949.5,0.18991326599803066
2053917398.0,478181.5,0.280118178396688
2053928175.0,479330.0,0.33741629464285716
2053928983.0,395490.0,0.11323123836857328
2053928991.0,282499.0,0.21959446393546783
2053928999.0,351810.0,0.1313118842440554
2053929033.0,227900.0,0.06995807492053953
2053929048.0,610516.0,0.10872275507671644
2053930031.0,531967.5,0.43707142857142856
2053930033.0,388240.0,0.538359096313912
2053931340.0,378990.0,0.028205851432088
2053931344.0,377990.0,0.14091229346121503
2053931348.0,402000.0,0.06509453708225772
2053934557.0,325640.0,0.346091286973634
2053934902.0,460445.0,0.16281205112820232
2053935535.0,417086.0,0.01979510501479254
2053936938.0,200000.0,0.6
2053936984.0,399990.0,0.16318333019519238
2053936989.0,448545.5,0.08830362405739954
2053936998.0,323995.0,0.002180704630517492
2053937161.0,200499.0,0.06308440693648101
2053937246.0,305499.0,0.02516786969083789
2053937290.0,228900.0,0.0017549310937903448
2053937931.0,328250.0,0.1477674044547012
2053937939.0,314499.0,0.026288739589460975
2053937940.0,231000.0,0.07225189766657296
2053938496.0,335747.5,0.0775914173466304
2053938724.0,355745.0,0.21984034737603894
2053938727.0,355745.0,0.1933037030318148
2053938739.0,392990.0,0.14379398243970457
2053938767.0,334000.0,0.017618165240154124
2053939636.0,331995.0,0.11038830730124753
2053940660.0,333445.0,0.26713773929097345
2053940666.0,308994.5,0.10044695323907546
2053940695.0,371990.0,0.2545141185194092
2053940731.0,346500.0,0.1046280265639939
2053940733.0,581495.0,0.17476110628497546
2053940941.0,231447.5,0.11810926622833927
2053941041.0,2172500.0,0.02962573282337831
2053941097.0,197999.0,0.09174354010798215
2053941320.0,231447.5,0.028660127378343905
2053941390.0,311995.0,0.18184400924277436
2053941395.0,311990.0,0.13455034728535584
2053941641.0,285940.0,0.23950105055985532
2053941666.0,342880.0,0.2841604208856135
2053945483.0,454558.5,0.1881434184675835
2053955267.0,600000.0,0.29410934246285253
2053957396.0,569994.5,0.0052278399273983835
2053962284.0,484950.0,0.1324686940966011
2053980427.0,371000.0,0.17537230495665704
2054009909.0,404492.5,0.27367121565810737
2054032463.0,633475.0,0.11894993045897079
2054066881.0,204249.0,0.15912309592424867
2054067898.0,244990.0,0.8974937238493724
2054071321.0,537500.0,0.34049079754601225
2054080678.0,681497.5,0.22468998862343573
2054085715.0,1549500.0,0.0315625
2054088327.0,235445.0,0.019683845820701602
2054108642.0,229400.0,0.015027908973808502
2054108650.0,206499.0,0.10178773379730317
2054108653.0,295781.0,0.07205871692642261
2054108656.0,217449.5,0.1120886075949367
2054108663.0,285995.0,0.10040400153905349
2054128908.0,439838.5,0.00036704545454545453
2054131067.0,413405.0,0.06888668663708641
2054131074.0,429490.0,0.05396594638648428
2054131075.0,977445.0,1.0030021106989897
2054131079.0,745000.0,0.15326862644932585
2054131097.0,516990.0,0.2849278689885061
2054131100.0,558490.0,0.21779016512836313
2054151990.0,402645.0,0.04337134711332858
2054151991.0,352990.0,0.21365560258409444
2054166692.0,228949.5,0.04068427583761745
2054182221.0,444450.0,0.4708298606977021
2054218419.0,317388.0,0.511635636251731
2054236411.0,602447.5,0.00575542570951586
2054240626.0,385450.0,0.5115686274509804
2054251214.0,413492.5,0.04551948216136944
2054274040.0,455990.0,0.1783963963963964
2054306639.0,741347.5,0.010210348533701827
2054309365.0,312499.0,0.22454899625300875
2054309371.0,446494.5,0.005558030245662487
2054309403.0,410571.0,0.21834772545179382
2054322562.0,284000.0,2.5500443755546947
2054329397.0,54750.0,0.315625
2054331420.0,614000.0,7.1866666666666665
2054342352.0,635400.0,0.05901765029417157
2054342392.0,552900.0,0.1251443851959683
2054350000.0,440942.0,0.16787695791658805
2054355272.0,685000.0,1.4035087719298245
2054357217.0,232545.0,0.0019313719178523144
2054359350.0,352495.0,0.2771789344009855
2054359352.0,367500.0,0.14845544461632212
2054359353.0,431995.0,0.3374665242496014
2054359355.0,413492.5,0.338185083901034
2054359357.0,377445.0,0.3337514797081221
2054363453.0,3900000.0,0.0
2054403784.0,174900.0,0.45871559633027525
2054431452.0,603750.0,0.05
2054432229.0,299000.0,0.2525
2054462658.0,383490.0,0.15155202548728955
2054462660.0,317445.0,0.2200176908523551
2054462670.0,363490.0,0.10688223297869727
2054462687.0,310945.0,0.19022630797677023
2054463598.0,322745.0,0.011742983520324515
2054474675.0,575260.5,0.02496402475300387
2054487299.0,262992.5,0.26441741388014134
2054525193.0,1503815.5,0.3984725969451939
2054535823.0,706950.0,0.0574
2054552858.0,774499.5,0.32943766233766236
2054674119.0,326900.0,0.01869741352446245
2054674178.0,299995.0,0.013839134842852315
2054675530.0,539525.0,0.18319480690366016
2054691315.0,367195.0,0.34417753170208965
2054691316.0,673945.0,0.03223311379996937
2054706590.0,472500.0,0.03504928806133625
2054716527.0,482450.0,0.09647727272727273
2054746067.0,410490.0,0.05958547442262182
2054754732.0,327450.0,0.5633417789038538
2054773348.0,440401.0,0.010474123294083095
2054778332.0,445400.0,0.012498238243972521
2054785657.0,235000.0,0.8955555555555555
2054833008.0,619450.0,0.347946682049139
2054875915.0,906944.0,0.01952
2054914384.0,1727500.0,0.04696969696969697
2054946623.0,334990.0,0.17131418381440236
2054946626.0,357710.0,0.09059589323007973
2054983054.0,357000.0,0.286
2054983054.0,357000.0,0.286
2055023855.0,250000.0,0.13792806182090284
2055042114.0,710000.0,0.017191977077363897
2055043829.0,1386445.0,0.4768132075471698
2055063149.0,518250.0,0.10646551724137931
2055069656.0,620725.0,0.09301813699594999
2055125563.0,717195.0,0.9024224489795918
2055126936.0,389900.0,0.0
2055136310.0,1724500.0,0.7302270515405994
2055185300.0,569444.0,0.21886968449931413
2055188119.0,692000.0,0.6825688073394496
2055221401.0,335400.0,0.6049469964664311
2055252049.0,394500.0,0.3024100363156157
2055262217.0,467450.0,0.20771186440677966
2055281678.0,400000.0,0.012345679012345678
2055282568.0,395725.0,0.07242547425474255
2055282571.0,412500.0,0.08839050131926121
2055337472.0,632500.0,0.054342390398399734
2055343453.0,279450.0,0.34247058823529414
2055350704.0,310000.0,0.0
2055470827.0,1347500.0,0.7002224694104561
2055498514.0,2495000.0,0.39146341463414636
2055530063.0,244500.0,1.0391993327773144
2055593775.0,500000.0,0.01960592079592313
2055600731.0,550471.5,0.10761081711905672
2055615289.0,1052500.0,0.5773092369477911
2055682483.0,199000.0,0.05851063829787234
2055702106.0,2847500.0,0.0814516129032258
2055707157.0,670000.0,0.08064516129032258
2055727980.0,512995.0,0.18945331015958286
2055795154.0,737500.0,0.017241379310344827
2055795743.0,65000.0,2.25
2055811206.0,375000.0,0.06015037593984962
2055838571.0,650000.0,0.3401015228426396
2055879857.0,653900.0,0.03553149751471261
2055884029.0,289997.5,0.1737962962962963
2055886386.0,307445.0,0.3187478672439696
2055924599.0,1894500.0,0.8575350524561232
2055990923.0,183999.5,0.9657929912623164
2055994994.0,596445.0,0.1563660280482889
2056019756.0,305400.0,0.0985611510791367
2056030558.0,674000.0,0.38738411197964007
2056044673.0,834000.0,0.11200148266864356
2056045470.0,741000.0,0.15795454545454546
2056074502.0,702990.0,0.1736256030985492
2056080346.0,519495.0,0.2612163146394756
2056108859.0,319994.5,0.19597351692253573
2056108865.0,368425.0,0.08577135909079629
2056108866.0,404490.0,0.0012376543973860738
2056110568.0,407400.0,0.20893203883495146
2056117315.0,292945.0,0.47210934613963795
2056121523.0,684492.5,0.006754669804382997
2056127010.0,402000.0,0.030771873774035317
2056127693.0,324950.0,0.13346666666666668
2056157981.0,829950.0,0.22051470588235295
2056165775.0,1774500.0,0.36602357984994643
2056199134.0,416000.0,0.04367816091954023
2056200002.0,669679.0,0.1428164303145105
2056225510.0,177450.0,0.09
2056240209.0,413492.5,0.18821391111941263
2056283830.0,395000.0,0.3913713405238829
2056285070.0,174450.0,0.16300775338502257
2056324135.0,233449.5,0.12235876134019875
2056324137.0,228497.0,0.2554849202468145
2056327441.0,737500.0,0.22916871528119215
2056328459.0,693912.5,0.18617521367521367
2056328460.0,693912.5,0.07583333333333334
2056328468.0,693912.5,0.05297799696509863
2056328469.0,683912.5,0.0072349042709867455
2056328470.0,693912.5,0.05297799696509863
2056328471.0,669000.0,0.4582995951417004
2056349174.0,205000.0,0.4653323802716226
2056362425.0,772000.0,0.5711111111111111
2056371376.0,725000.0,0.11710323574730354
2056371376.0,725000.0,0.08370702541106129
2056429786.0,384999.5,0.09411882352941177
2056439208.0,707500.0,0.1676470588235294
2056442181.0,722281.0,0.13736892392213065
2056455970.0,389870.0,0.07171599323793423
2056469986.0,602475.0,0.2562037037037037
2056497496.0,285940.0,0.3824056675090175
2056515997.0,1477500.0,0.15571428571428572
2056569892.0,575490.0,0.038446115288220555
2056582615.0,693000.0,0.13266583229036297
2056600150.0,183500.0,0.4115384615384615
2056675848.0,479500.0,0.16608695652173913
2056684769.0,199000.0,0.2922077922077922
2056684789.0,643500.0,0.5772058823529411
2056688422.0,190000.0,0.13636363636363635
2056689170.0,675000.0,0.040061633281972264
2056692705.0,673500.0,0.022496371552975326
2056692761.0,532495.0,0.3327130325814536
2056693252.0,895490.0,0.3779143483184795
2056701243.0,699250.0,0.38930131004366814
2056708027.0,372000.0,0.27058823529411763
2056711399.0,697500.0,0.24594594594594596
2056714034.0,753950.0,0.07861230329041488
2056715252.0,450000.0,0.10294117647058823
2056732551.0,244000.0,0.22613065326633167
2056753223.0,199000.0,0.15319148936170213
2056766828.0,339500.0,0.10657894736842105
2056768561.0,577500.0,0.23
2056775258.0,742450.0,0.21713114754098362
2056777858.0,632000.0,0.056856187290969896
2056781801.0,292000.0,0.6202860858257477
2056786582.0,449999.5,0.09819739478957916
2056789879.0,923950.0,0.04048423423423424
2056789879.0,871500.0,0.018581081081081082
2056802378.0,284949.5,0.8323826470588235
2056802697.0,427249.5,0.5723228228228229
2056806452.0,918950.0,0.2876356589147287
2056806511.0,1037000.0,0.48354792560801146
2056820532.0,402882.5,0.083522710470224
2056831315.0,384715.0,0.32506140350877194
2056831327.0,569495.0,0.15505192878338278
2056831358.0,584758.0,0.25413520408163265
2056937063.0,523000.0,0.35432098765432096
2056946632.0,498476.5,0.10825506717472584
2056989387.0,441687.5,0.08656478859726592
2056989397.0,417797.5,0.22629949314720954
2057019993.0,498476.5,0.005026996277407958
2057060157.0,201000.0,0.18235294117647058
2057067531.0,2847500.0,0.6835935329740541
2057078481.0,194450.0,0.056067961165048544
2057101436.0,635970.0,0.21765284782876124
2057101442.0,611945.0,0.25905678653590025
2057101447.0,1140000.0,0.06452516574843589
2057101448.0,360989.5,0.3411398065340391
2057122629.0,522445.0,0.09069937369519833
2057177251.0,667500.0,0.13135593220338984
2057193710.0,677450.0,0.003603471098690984
2057313554.0,329000.0,0.3907407407407407
2057314383.0,222000.0,0.03255813953488372
2057317285.0,373000.0,0.3404043869297504
2057325819.0,387500.0,0.2916666666666667
2057331930.0,318990.0,0.17144378498422058
2057331946.0,307490.0,0.17750434666310017
2057331966.0,296445.0,0.19925177601901622
2057331968.0,339450.0,0.03014285714285714
2057335702.0,559900.0,0.05739947305953754
2057356001.0,333500.0,0.14267352185089974
2057378342.0,213000.0,0.0979381443298969
2057390567.0,719950.0,0.2001166861143524
2057394776.0,397500.0,0.07432432432432433
2057414240.0,374000.0,0.250501002004008
2057433981.0,309999.5,0.239998
2057452415.0,1354500.0,0.5477462437395659
2057460931.0,368945.0,0.07567276013877956
2057460932.0,378956.0,0.17691853784279016
2057472302.0,508990.0,0.10839632153270923
2057547819.0,952950.0,0.08799885156474303
2057555640.0,717000.0,0.005469078670593185
2057582527.0,414297.5,0.2673524013459774
2057586581.0,614200.0,0.06264814270143082
2057586585.0,438478.5,0.23475366062234942
2057592113.0,381490.0,0.009091145224551287
2057599094.0,344450.0,0.2748421052631579
2057604927.0,3247500.0,0.10084745762711865
2057626057.0,699975.0,0.1023228346456693
2057628809.0,637000.0,0.4735537190082645
2057642534.0,445490.0,0.19147352946514457
2057642536.0,414990.0,0.15306434825200516
2057642539.0,372800.0,0.318451891259438
2057670082.0,338450.0,0.1844578313253012
2057688597.0,727500.0,0.09398496240601503
2057690374.0,427999.5,0.10268225194773074
2057690516.0,365500.0,0.15373929150266266
2057690552.0,1974999.5,0.3830035395299579
2057690553.0,1724500.0,0.3543592450739239
2057706659.0,191499.5,0.18821746502755404
2057716665.0,376872.0,0.18950515064840104
2057716668.0,376872.0,0.29357251307428445
2057727754.0,297450.0,0.04048387096774193
2057741972.0,162500.0,0.09672040022234575
2057751636.0,664240.0,0.04699459823958565
2057796555.0,1668500.0,0.10965848452508005
2057849038.0,414500.0,0.14341806158297168
2057849059.0,380995.0,0.17693886368546122
2057855335.0,617500.0,0.2502246290585007
2057932604.0,372000.0,0.4037735849056604
2057943517.0,502510.0,0.621
2058003700.0,354000.0,inf
2058005523.0,681000.0,0.034954407294832825
2058026873.0,285940.0,0.28691488565799644
2058036188.0,313990.0,0.18980674497915878
2058047667.0,347400.0,0.1293233082706767
2058062638.0,407579.0,0.018960237002962538
2058062647.0,403845.0,0.026867793587874552
2058062655.0,340380.0,0.1585166872682324
2058062678.0,380260.0,0.12582903251761515
2058082875.0,436400.0,0.19911910442282987
2058098999.0,814000.0,0.21510673234811165
2058200223.0,352246.5,0.6477182718271827
2058201379.0,292992.5,0.14452430711537334
2058201382.0,299740.0,0.1663261931165976
2058201389.0,225999.0,0.01737429074545099
2058238509.0,227500.0,0.011560693641618497
2058240387.0,2100000.0,0.23674911660777384
2058266903.0,219449.5,0.10428775510204082
2058275977.0,357995.0,0.31020828917705545
2058275978.0,357995.0,0.3308379595880297
2058284632.0,347450.0,0.5656875
2058299455.0,159499.5,0.11339911061700945
2058299849.0,395449.5,0.05481328354227794
2058306697.0,643970.0,0.29234065934065934
2058483848.0,637900.0,0.018464379135251577
2058483849.0,641400.0,0.0873029327004577
2058483851.0,462180.0,0.07545509101820363
2058485659.0,447450.0,0.09938574938574939
2058492391.0,644950.0,0.35180904522613066
2058508561.0,259420.0,0.6371748251748252
2058736867.0,432495.0,0.34986230450546874
2058742510.0,325000.0,0.014852985753258564
2058799505.0,1675000.0,0.3137254901960784
2058819593.0,548500.0,0.5230434782608696
2058827417.0,592450.0,0.012583333333333334
2058887221.0,390900.0,0.5890454163162321
2058887223.0,1140000.0,0.13636363636363635
2058918167.0,444900.0,0.03706293706293706
2058918470.0,624900.0,0.24460379475078817
2058927780.0,274700.0,0.20374503608800254
2058927785.0,397577.0,0.05336555632276959
2058952593.0,373950.0,0.169
2058957107.0,691000.0,1.3110367892976589
2058957914.0,360490.0,0.19873305178928652
2058985750.0,629762.5,0.26506885284163845
2058985761.0,398490.0,0.537123940062725
2058986144.0,1787000.0,0.4326984126984127
2059017860.0,188000.0,0.1826086956521739
2059033328.0,286999.0,0.0528054548034812
2059033468.0,579445.0,0.24245653026539418
2059033469.0,524900.0,0.12502083680613435
2059034409.0,357400.0,0.06686567164179104
2059036933.0,412933.5,0.03754742581471896
2059036936.0,439226.5,0.028657579802805686
2059078979.0,220000.0,0.9083333333333333
2059087387.0,387449.5,0.04716081081081081
2059106038.0,392000.0,0.2484076433121019
2059116294.0,334228.5,0.06445587439090417
2059119485.0,575000.0,3.6370967741935485
2059152043.0,3087450.0,0.6140205025628204
2059152046.0,2540450.0,0.45130669546436286
2059153594.0,344444.0,0.19723322905804658
2059408394.0,995000.0,0.23461538461538461
2059460528.0,1150490.0,0.08547032738937635
2059518573.0,597597.5,0.07347788337803687
2059550727.0,351095.0,0.097171875
2059550729.0,296490.0,0.06651079136690648
2059550730.0,370900.0,0.1447530864197531
2059550731.0,321290.0,0.10030821917808219
2059550732.0,321290.0,0.09655290102389079
2059570209.0,359990.0,0.1198180906857052
2059570215.0,285995.0,0.22911359991374547
2059570217.0,297945.0,0.21798186327904565
2059755323.0,49500.0,0.2918454935622318
2059766911.0,434000.0,0.24
2059767518.0,100250.0,0.198
2059826393.0,364750.0,0.088125
2059889186.0,1205000.0,0.09545454545454546
2059967492.0,322000.0,0.12737127371273713
2059967492.0,322000.0,0.12737127371273713
2059971412.0,444500.0,0.06421052631578947
2059986031.0,404950.0,0.26372727272727275
2059987731.0,75000.0,0.1657397107897664
2059994191.0,1235000.0,0.5777777777777777
2060005256.0,285995.0,0.043462992073313486
2060181764.0,336992.5,0.008974685249779188
2060182219.0,404492.5,0.28005981107296
2060182221.0,321992.5,0.12586758509764157
2060183499.0,648250.0,0.07260371959942775
2060252237.0,499240.0,0.08562427883294566
2060344189.0,514950.0,0.09563829787234042
2060344220.0,387449.5,0.031352033800845024
2060344228.0,415000.0,0.03752593814845371
2060356167.0,298000.0,0.22597402597402597
2060356168.0,302500.0,0.24751243781094528
2060357166.0,336000.0,0.2353168256769426
2060371350.0,379542.0,0.08754405570360183
2060404723.0,399900.0,0.04143337066069429
2060419656.0,532500.0,0.4050131926121372
2060426861.0,460000.0,72.6
2060429069.0,561250.0,0.20390070921985815
2060431024.0,344500.0,0.3509803921568627
2060433130.0,382135.0,0.4420243095256963
2060435987.0,384900.0,0.037509377344336084
2060455110.0,824475.0,0.057019230769230766
2060460307.0,213000.0,4.071428571428571
2060469253.0,2000000.0,0.3157894736842105
2060472915.0,734000.0,0.021333333333333333
2060474859.0,187400.0,0.063
2060474859.0,187400.0,0.063
2060495592.0,233260.0,0.014218009478672985
2060519640.0,334950.0,0.13
2060639152.0,611200.0,0.01781848459616986
2060639155.0,646400.0,0.008581682009673896
2060639156.0,587200.0,0.07658436861141689
2060646229.0,319945.0,0.378746366497799
2060709122.0,1429062.5,0.3025636132750161
2060725493.0,704950.0,0.04437037037037037
2060753876.0,594500.0,0.007512520868113523
2060760469.0,296500.0,0.16242937853107345
2060793838.0,430000.0,0.010101010101010102
2060804452.0,172500.0,0.29591836734693877
2060808707.0,414945.0,0.3263770515755126
2060835057.0,224950.0,0.06270833333333334
2060846937.0,1199000.0,0.12161172161172161
2060873197.0,337000.0,0.10846560846560846
2060875645.0,383950.0,0.34719298245614033
2060893392.0,394900.0,0.12244444444444444
2060896947.0,4374500.0,1.303580832016851
2060899001.0,413492.5,0.20030334697669017
2060934278.0,156000.0,0.22
2060943396.0,1572500.0,0.3672032193158954
2060953416.0,185000.0,0.08823529411764706
2060957169.0,624945.0,0.015345247766043867
2061095376.0,299450.0,0.08890909090909091
2061148354.0,327000.0,0.07248278123975074
2061219226.0,665000.0,0.14193548387096774
2061268182.0,2125000.0,0.3167202572347267
2061283428.0,228497.0,0.010407102641836292
2061355761.0,209499.0,0.06398679532757745
2061433548.0,384450.0,0.23094618923784757
2061435228.0,537000.0,0.5487394957983194
2061436303.0,626552.0,0.05302857142857143
2061436304.0,588249.5,0.29041073582629673
2061451097.0,174900.0,1.3991769547325104
2061461027.0,2447500.0,0.294973544973545
2061538243.0,189250.0,0.21145833333333333
2061541945.0,573245.0,0.14947551150610544
2061571626.0,839000.0,0.8972443355786895
2061573329.0,604900.0,0.3271412680756396
2061774955.0,494945.0,0.057597384559499136
2061836361.0,216499.0,0.050026327336551116
2061880628.0,221500.0,0.07524271844660194
2061885067.0,212499.0,0.12909888974954814
2061909610.0,754500.0,1.012
2061936927.0,434900.0,0.06073170731707317
2061962119.0,1199999.5,0.3600002666666667
2061985238.0,3460450.0,0.19701477048669963
2061985240.0,3033400.0,0.2040200477577475
2062078866.0,202495.0,0.896103129810159
2062080438.0,472445.0,0.06065215230142161
2062080440.0,523584.0,0.051479064163068584
2062191303.0,790000.0,0.15328467153284672
2062194019.0,367933.0,0.04827203054218069
2062208245.0,612500.0,0.1598079561042524
2062219562.0,387450.0,0.18943514644351464
2062221496.0,62400.0,0.4275176836484738
2062227420.0,408944.0,0.2426962962962963
2062237089.0,161500.0,0.14955239599789363
2062254970.0,774499.5,0.2926945205479452
2062273425.0,197500.0,0.23514696685428393
2062277190.0,411103.5,0.010355378603553785
2062340735.0,360990.0,0.04637815588857648
2062340738.0,340490.0,0.08439759228000891
2062397710.0,954900.0,0.1168421052631579
2062398331.0,231499.0,0.12926892326304032
2062398334.0,200499.0,0.10888937284165708
2062403697.0,409499.5,0.09199866666666667
2062405312.0,327000.0,0.09141428174492915
2062412161.0,357450.0,0.056860158311345645
2062413178.0,432000.0,0.5709090909090909
2062419828.0,661919.0,0.03914859890141794
2062421125.0,1559500.0,0.3698989898989899
2062424710.0,291000.0,0.05818181818181818
2062428027.0,313750.0,0.20673076923076922
2062461873.0,340490.0,0.09662146929047634
2062467263.0,717500.0,0.14379474940334128
2062504374.0,440000.0,0.6615384615384615
2062526268.0,513500.0,0.5720833333333334
2062534136.0,349950.0,0.0643048128342246
2062537734.0,333500.0,0.0421875
2062543141.0,224950.0,0.18457082675092154
2062554515.0,319900.0,0.23815194093831865
2062637562.0,527000.0,0.32349165596919127
2062653441.0,417742.0,0.028484383357752507
2062653449.0,424912.5,0.0944498677374737
2062670155.0,369900.0,0.3215434083601286
2062713818.0,437869.0,0.06832418400783012
2062727262.0,375000.0,1.7777777777777777
2062735905.0,459900.0,0.1584475470731395
2062735910.0,469734.5,0.19149296889791562
2062748623.0,733500.0,0.11090909090909092
2062760239.0,143500.0,0.1124031007751938
2062777979.0,327495.0,0.056435483870967744
2062777979.0,327495.0,0.056435483870967744
2062785861.0,399450.0,0.09195271652648329
2062792959.0,652450.0,0.12491379310344827
2062795230.0,410950.0,0.5433888888888889
2062798574.0,354450.0,0.05178041543026706
2062862734.0,400000.0,0.2438563327032136
2062864720.0,429250.0,0.04611111111111111
2062867656.0,159499.5,0.18147777777777777
2062894062.0,399900.0,0.15632911392405063
2062903386.0,352450.0,0.17876254180602005
2062903467.0,432000.0,0.12727272727272726
2062948021.0,370490.0,0.2281297527031813
2062948027.0,379895.0,0.2085355944915519
2062959382.0,194499.5,0.1787848484848485
2062971299.0,287880.0,0.007276112969412738
2062992999.0,423500.0,0.0375
2062993321.0,233999.5,0.008640272419664217
2062994115.0,222499.5,0.06459090909090909
2062995242.0,354999.5,0.0897448717948718
2063005639.0,581300.0,0.1903899721448468
2063084891.0,87500.0,0.34615384615384615
2063088956.0,703990.0,0.20960481099656358
2063154107.0,567499.5,0.7155390977443609
2063157538.0,655245.0,0.14355398872580674
2063159386.0,199500.0,0.16527196652719664
2063173554.0,477490.0,0.10582397003745318
2063178546.0,962000.0,0.036072144288577156
2063181959.0,307500.0,0.025
2063203757.0,385990.0,0.29162889201281705
2063209440.0,345000.0,0.23316292509446543
2063218117.0,2341500.0,0.17959697732997482
2063224000.0,1217500.0,0.4323529411764706
2063250649.0,508625.0,0.4327464788732394
2063251037.0,540990.0,0.3593055101886982
2063262438.0,615577.5,0.055897185200432256
2063393047.0,765000.0,0.05517241379310345
2063404730.0,1375000.0,0.2832281112200604
2063412270.0,2232250.0,0.10431980868616185
2063420127.0,369900.0,0.12124886329190664
2063428349.0,290000.0,0.03571428571428571
2063471651.0,615400.0,0.19344163461097386
2063479578.0,249945.0,0.8426918700374099
2063494243.0,586494.5,0.03851626832615014
2063501202.0,371450.0,0.0798279019738946
2063516218.0,394000.0,0.10454545454545454
2063627891.0,397450.0,0.13557142857142856
2063641164.0,405000.0,0.024096385542168676
2063652095.0,693000.0,0.2953271028037383
2063658418.0,310000.0,0.6219512195121951
2063698667.0,337450.0,0.3692523364485981
2063698737.0,392250.0,0.31187290969899667
2064110325.0,1387500.0,0.14615384615384616
2064123054.0,664240.0,0.1362176361201056
2064138413.0,298500.0,0.1282126168224299
2064138583.0,586494.5,0.028957576374280907
2064177663.0,277490.0,0.10117264231433164
2064187884.0,432742.0,0.70561768707483
2064196371.0,336000.0,0.4256410256410256
2064232153.0,434900.0,0.1010126582278481
2064237611.0,150000.0,0.7856836690955851
2064250586.0,197000.0,0.015
2064283440.0,395000.0,0.22549019607843138
2064312705.0,2237000.0,0.2109347442680776
2064313370.0,315999.5,0.037765188834154355
2065148171.0,200754.0,0.2166909090909091
2065148334.0,203000.0,0.624
2065153524.0,344500.0,0.32450980392156864
2065161645.0,203000.0,0.35333333333333333
2065163353.0,84500.0,0.5666844437151296
2065177394.0,329975.0,0.10817567567567568
2065225207.0,199837.5,0.20033013205282113
2065229324.0,200000.0,0.08108108108108109
2065232373.0,165000.0,0.3125
2065263389.0,394500.0,0.4943181818181818
2065305427.0,316450.0,0.06926470588235294
2065334233.0,299949.5,0.0623648015004689
2065393413.0,502500.0,0.2331288343558282
2065394576.0,658992.5,0.152185505726025
2065418123.0,209000.0,0.3070669168230144
2065491335.0,1196230.5,3.8254558289632916
2065554024.0,347200.0,0.34054054054054056
2065580339.0,407000.0,0.028639618138424822
2065586093.0,462450.0,0.08876847290640394
2065610222.0,1589500.0,0.5584722222222223
2065639351.0,312000.0,0.08235024220659473
2065641550.0,4762500.0,51.975528364849836
2065672345.0,436881.5,0.20912110789283128
2065704418.0,699000.0,0.2974874371859296
2065774003.0,392450.0,0.4270909090909091
2065791069.0,337000.0,0.037142857142857144
2065806521.0,157500.0,0.09948542024013722
2066268284.0,392000.0,0.13623188405797101
2066307090.0,637000.0,0.0046875
2066392671.0,1397241.0,0.233531728617194
2066404499.0,151500.0,0.016778523489932886
2066425262.0,502000.0,0.04380952380952381
2066427822.0,474490.0,0.8249615384615384
2066442699.0,387500.0,0.2431640625
2066461125.0,412500.0,0.30952380952380953
2066564206.0,672500.0,0.25277777777777777
2066567286.0,171500.0,0.22587562544674766
2066567579.0,165500.0,0.026470588235294117
2066584847.0,669500.0,0.14713375796178343
2066640356.0,65000.0,0.38095238095238093
2066689659.0,375447.0,0.2391399056074458
2066766135.0,371990.0,0.1733371852707838
2066778515.0,446500.0,0.3130769230769231
2066827725.0,387490.0,0.05013686007750887
2066827729.0,343490.0,0.13910123060728338
2066827731.0,342500.0,0.10102627365547652
2066856228.0,107450.0,0.6148745519713261
2066860299.0,490000.0,0.06220095693779904
2066865502.0,560970.0,0.4766254277441432
2066958704.0,796500.0,0.3297161936560935
2066958704.0,997000.0,0.664440734557596
2067021173.0,87200.0,inf
2067049666.0,293750.0,0.049107142857142856
2067086663.0,397500.0,0.45604395604395603
2067091417.0,209950.0,0.12154811715481172
2067237583.0,545961.0,0.05408050970170866
2067237589.0,586494.5,0.18600653699090233
2067246789.0,229950.0,0.7688461538461538
2067248929.0,525500.0,0.42880434782608695
2067276366.0,199387.0,0.003065
2067314467.0,1997500.0,0.4435933147632312
2067333788.0,114750.0,0.48977323254779903
2067389888.0,0.0,
2067389888.0,0.0,
2067397883.0,987445.0,0.008626149131767109
2067442993.0,567000.0,0.3532219570405728
2067475582.0,310000.0,0.01639344262295082
2067478667.0,359900.0,0.4463076923076923
2067508904.0,199000.0,0.13714285714285715
2067539366.0,399900.0,0.0867143128889372
2067565059.0,462500.0,0.36430678466076694
2067572725.0,389949.5,0.03716172839506173
2067605452.0,327000.0,0.16785714285714284
2067643127.0,422500.0,0.005952380952380952
2067661712.0,3622500.0,0.5139978024248457
2067697404.0,439450.0,0.07484210526315789
2067705353.0,397000.0,0.007251812953238309
2067750568.0,187450.0,0.14013761467889907
2067757119.0,367740.0,0.21921909170046072
2067757120.0,378900.0,0.05508865557744582
2067783143.0,405000.0,0.11572052401746726
2067799275.0,472499.5,0.1117635294117647
2067846505.0,407500.0,0.28145057059927864
2067854054.0,224950.0,0.9174495412844037
2067859893.0,714995.0,0.1194534415448466
2067859895.0,745000.0,0.08602166212335456
2067872843.0,681450.0,0.009555555555555555
2067935932.0,600000.0,0.027552674230145867
2067945782.0,431990.0,0.13684570646595964
2067945784.0,412866.5,0.007016024781092221
2067945788.0,412933.5,0.28244200130438835
2067973594.0,2062500.0,0.39338235294117646
2067984346.0,377499.0,0.709392609699769
2068040106.0,905000.0,0.11707317073170732
2068144769.0,743944.0,0.007942392318975863
2068148227.0,357000.0,0.1939799331103679
2068212236.0,869999.5,0.3919992
2068233683.0,332500.0,0.11577181208053691
2068362834.0,257250.0,0.24338235294117647
2068374815.0,334450.0,0.4853823665179258
2068374815.0,334450.0,0.4853823665179258
2068389581.0,375950.0,0.24734734734734734
2068392199.0,439250.0,0.22256637168141594
2068411731.0,684500.0,0.8753424657534247
2068416350.0,1482000.0,0.3825
2068421525.0,417500.0,0.19285714285714287
2068430600.0,397450.0,0.15431671897441354
2068520748.0,135500.0,0.18126888217522658
2068559894.0,418947.0,0.15734412552832952
2068574946.0,625000.0,0.2138364779874214
2068641550.0,1206500.0,0.009441707717569787
2068683707.0,321290.0,0.19884775689461529
2068683717.0,216499.0,0.06277083450577708
2068714092.0,719000.0,0.02861230329041488
2068724126.0,533990.0,0.24138371927830657
2068741671.0,1650000.0,0.08333333333333333
2068783489.0,649000.0,0.23647058823529413
2068870466.0,642500.0,0.22121212121212122
2068979785.0,1200000.0,0.01639344262295082
2068984508.0,198000.0,0.824
2069047383.0,772450.0,0.029933333333333333
2069060484.0,351500.0,0.07255936675461741
2069073310.0,624500.0,0.04083333333333333
2069082038.0,260000.0,0.3048128342245989
2069087269.0,1712000.0,0.11530944625407166
2069113297.0,271752.5,0.1370397489539749
2069122120.0,205495.0,0.027475
2069137012.0,434900.0,0.19313543599257885
2069146583.0,1650000.0,0.03125
2069176297.0,332000.0,0.3962538643389707
2069177277.0,215000.0,0.22857142857142856
2069257175.0,341950.0,0.29037735849056606
2069310461.0,292000.0,0.0875
2069363451.0,373500.0,0.06601650412603151
2069401501.0,71200.0,0.2505263157894737
2069486107.0,165000.0,0.09340659340659341
2069531863.0,1974975.0,0.07452393906420021
2069659604.0,1899500.0,0.20854166666666665
2069686133.0,1125000.0,0.061718098415346125
2069694370.0,674950.0,0.4518175951817595
2069700642.0,296500.0,0.3589189189189189
2069798127.0,1120642.5,0.2983099591625122
2069804567.0,364425.0,0.03332979654632749
2069825586.0,180000.0,0.44
2069877378.0,334500.0,0.1076158940397351
2070039730.0,225000.0,0.09963985594237695
2070073367.0,945445.0,0.2727340559492738
2070106258.0,385000.0,0.07228915662650602
2070133566.0,347500.0,0.19930875576036866
2070146047.0,1699950.0,2.9411764705882354e-05
2070156133.0,299950.0,0.032419354838709676
2070165305.0,342499.5,0.037877272727272725
2070205674.0,954495.0,0.11116996507566938
2070221884.0,625000.0,0.04340567612687813
2070266582.0,199700.0,0.3313333333333333
2070416786.0,354999.5,0.14457951807228916
2070431811.0,817500.0,0.25769230769230766
2070511839.0,100000.0,0.6666666666666666
2070516856.0,165000.0,0.08333333333333333
2070516856.0,195000.0,0.08333333333333333
2070548789.0,312450.0,0.008095238095238095
2070562906.0,216000.0,0.27059570938652583
2070760643.0,382400.0,0.02795698924731183
2070772017.0,341000.0,0.025435838811088882
2070839826.0,1775000.0,0.645
2070845059.0,199387.0,0.5337461538461539
2070847615.0,703450.0,0.17241666666666666
2070937111.0,334950.0,0.3496116504854369
2070941734.0,90000.0,0.18181818181818182
2071037911.0,61500.0,0.4875
2071040117.0,567000.0,0.33294117647058824
2071042797.0,69000.0,3.6
2071085183.0,182750.0,0.10853658536585366
2071115818.0,669679.0,0.14142617213041192
2071124362.0,672240.0,0.00485806962734869
2071178234.0,447000.0,0.5964285714285714
2071259576.0,382450.0,0.2320281124497992
2071268636.0,390000.0,10.142857142857142
2071442091.0,188504.0,0.07716571428571428
2071461428.0,719000.0,0.09899749373433583
2071613521.0,391990.0,0.13128427128427128
2071613524.0,276500.0,0.0993485342019544
2071688455.0,62500.0,1.4509803921568627
2071720546.0,447450.0,0.42092727850111145
2071780475.0,551000.0,1.204
2071928715.0,314499.5,2.4944777164190715
2071929512.0,823000.0,0.030037546933667083
2071963346.0,370000.0,0.12941176470588237
2071988333.0,399900.0,2.3325
2072043144.0,1343110.0,0.033161538461538465
2072132295.0,364950.0,0.6184035476718404
2072174930.0,352500.0,0.03424657534246575
2072180560.0,1702495.0,0.7734322916666667
2072296173.0,439500.0,0.465
2072367384.0,295000.0,0.15714285714285714
2072435952.0,200000.0,0.3888888888888889
2072485340.0,89900.0,1.5759312320916905
2072501542.0,302450.0,0.049497171590194844
2072542530.0,117450.0,0.5805357142857143
2072747430.0,705000.0,1.620817843866171
2072758091.0,192500.0,0.125
2072765690.0,317388.0,0.26171667829727846
2072925462.0,284994.5,0.4818281818181818
2072964156.0,302500.0,0.11807580174927114
2073133960.0,374900.0,0.2023404255319149
2073155236.0,446500.0,0.4125
2073182607.0,700000.0,0.06060606060606061
2073228074.0,541250.0,0.09033613445378151
2073620766.0,5100000.0,1.0440881763527055
2073623358.0,640000.0,0.09401709401709402
2073712392.0,387500.0,0.11031518624641834
2073728480.0,202950.0,0.5999211667323611
2073832371.0,187000.0,2.4
2073901390.0,416990.0,0.18235651679444695
2073935659.0,345000.0,0.2777825103055937
2074019398.0,172499.5,0.25000217391304347
2074047628.0,680000.0,0.21830095413265893
2074055479.0,88500.0,0.115
2074215938.0,589950.0,0.015108514190317196
2074415966.0,313750.0,0.12455197132616487
2074604428.0,192500.0,0.3759828448892066
2074618093.0,1397241.0,0.33070571428571427
2074675024.0,219450.0,0.21916666666666668
2074716969.0,372000.0,0.07
2074756784.0,464000.0,0.856
2074782411.0,315000.0,0.03076923076923077
2074828315.0,1644975.0,0.34069138276553107
2074998855.0,504949.5,0.010101020204040807
2074998855.0,504949.5,0.010101020204040807
2075110009.0,225000.0,0.09963985594237695
2075151173.0,347500.0,0.3670309653916211
2075223750.0,415089.5,0.21010561370123693
2075223752.0,425844.0,0.17631721470019343
2075311501.0,391990.0,0.18968709217275184
2075311515.0,387490.0,0.3964106814659988
2075311516.0,321499.5,2.9549908239758624e-05
2075427606.0,321950.0,0.07675585284280936
2075427661.0,430550.0,0.1952336448598131
2075455156.0,475000.0,0.21794871794871795
2075459799.0,311000.0,0.25060240963855424
2075483285.0,435000.0,0.19444444444444445
2075483971.0,396500.0,0.32166666666666666
2075484740.0,340000.0,0.13333333333333333
2075485500.0,190000.0,0.07317073170731707
2075489789.0,240000.0,0.014373716632443531
2075494724.0,511500.0,0.6333333333333333
2075495043.0,420000.0,0.5459459459459459
2075501205.0,362250.0,0.38076923076923075
2075517933.0,391450.0,0.07894117647058824
2075518302.0,722000.0,0.03884892086330935
2075611958.0,612000.0,1.0536912751677852
2075706745.0,159499.5,0.160086887835703
2075723103.0,2145000.0,0.32
2075724581.0,337200.0,0.12437479159719907
2075758125.0,220450.0,0.06191489361702128
2075903563.0,230000.0,0.29213483146067415
2075909076.0,1157500.0,0.014893617021276596
2075963818.0,602447.5,0.34516504909244466
2076004298.0,264900.0,0.4691382765531062
2076150354.0,354900.0,0.16360655737704918
2076169802.0,689450.0,0.18891188135885498
2076233872.0,407500.0,0.185
2076386598.0,884450.0,0.1808411214953271
2076388976.0,327500.0,0.3878504672897196
2076411820.0,189450.0,0.9485190217391304
2076507322.0,357000.0,0.18845192089111162
2076639542.0,219500.0,0.23661971830985915
2076662185.0,1042500.0,0.33653846153846156
2076868061.0,342450.0,0.22303571428571428
2076939134.0,270000.0,0.6470588235294118
2076966014.0,557400.0,0.07867768595041322
2076997906.0,310994.5,0.31346276959756286
2077077547.0,331950.0,0.3084375
2077099818.0,84950.0,0.14964964964964966
2077106389.0,1168497.5,4.080423913043478
2077131228.0,413405.0,0.0071012692148408
2077168394.0,347450.0,0.15048899755501222
2077212243.0,426500.0,0.23153153153153153
2077284604.0,152450.0,0.27404761904761904
2077305541.0,410942.5,0.0328489056248529
2077318633.0,193900.0,0.07666666666666666
2077318633.0,193900.0,0.15693819430857192
2077340724.0,349500.0,0.09220779220779221
2077368437.0,185250.0,0.8965083798882681
2077392988.0,282500.0,3.7083333333333335
2077415267.0,208500.0,0.07333333333333333
2077484033.0,367500.0,0.5775862068965517
2077488787.0,377500.0,0.07857142857142857
2077500933.0,804500.0,0.1531578947368421
2077532901.0,428000.0,0.5563636363636364
2077532901.0,397500.0,0.44545454545454544
2077572060.0,354000.0,0.04065040650406504
2077575133.0,114499.5,0.5910732142857142
2077661632.0,684500.0,0.7259807846277022
2077715739.0,512000.0,0.8651754977140671
2077730010.0,344950.0,0.13740935233808452
2077740006.0,512445.0,0.31674
2077787159.0,657499.0,0.33919698492462313
2077805722.0,193000.0,0.03015075376884422
2077811979.0,434000.0,0.6377358490566037
2077827482.0,320244.5,0.2534521899095855
2077865823.0,2341500.0,0.2488
2077912261.0,534000.0,0.017142857142857144
2077976544.0,719950.0,0.2539378238341969
2078030877.0,512445.0,5.962567934782609
2078044068.0,297500.0,0.3079785996743429
2078097326.0,357500.0,0.20378619153674832
2078119132.0,1749000.0,0.20620689655172414
2078128757.0,325000.0,0.18181818181818182
2078136228.0,774499.5,0.13463743016759777
2078282661.0,411950.0,0.09461538461538462
2078483197.0,440000.0,0.65625
2078516700.0,432899.5,0.606455
2078534235.0,1950000.0,0.3473895582329317
2078561089.0,187450.0,0.07114285714285715
2078570432.0,586750.0,0.0029914529914529917
2078612364.0,517750.0,0.8795930232558139
2078615885.0,199450.0,0.1739258387286639
2078711840.0,395000.0,0.16519174041297935
2078732579.0,177500.0,0.13414634146341464
2078740555.0,952500.0,0.22586872586872586
2078792690.0,722000.0,0.37217391304347824
2078831272.0,1624944.0,0.1871215607803902
2078840967.0,321290.0,0.060363036303630366
2078972833.0,587500.0,0.7645290581162325
2078985136.0,185000.0,0.4241724403387221
2079012431.0,349750.0,0.07615384615384616
2079072858.0,842000.0,0.2261029411764706
2079072858.0,842000.0,0.2261029411764706
2079099908.0,184888.5,0.19613695652173913
2079102992.0,352450.0,0.19397810511101812
2079102999.0,380260.0,0.12895880959689204
2079103571.0,165000.0,0.22676579925650558
2079181298.0,1790000.0,0.08205128205128205
2079260421.0,348990.0,0.09821705426356589
2079279598.0,357250.0,0.15941176470588236
2079280096.0,725000.0,0.11538461538461539
2079345066.0,316000.0,0.01935483870967742
2079375413.0,375000.0,0.20042643923240938
2079389505.0,209950.0,0.40060040026684457
2079477862.0,407500.0,0.17676767676767677
2079530672.0,214950.0,0.21755039848648772
2079548683.0,1374450.0,0.078
2079552816.0,1624945.0,0.3009967974379504
2079552820.0,1624945.0,0.3552502085070892
2079677675.0,777500.0,0.13515016685205783
2079834296.0,2850000.0,141.5
2079970669.0,399450.0,0.19238805970149253
2080020027.0,1130000.0,0.03829787234042553
2080056259.0,1594000.0,0.5938853503184713
2080119213.0,2900000.0,0.11538461538461539
2080128566.0,380995.0,0.13410227272727274
2080128567.0,341867.0,0.15588395061728394
2080208732.0,387470.0,0.11341954022988505
2080208735.0,310495.0,0.15297066468622356
2080208749.0,202449.5,0.12359523809523809
2080208750.0,323000.0,0.05278592375366569
2080208751.0,321290.0,0.16219931271477664
2080215280.0,407000.0,0.252693136349646
2080346394.0,592500.0,0.15357142857142858
2080347090.0,89900.0,0.8503587063268805
2080347404.0,354950.0,0.3534608378870674
2080380939.0,1816944.0,0.13478857142857142
2080383176.0,762500.0,0.31488187618554925
2080425866.0,455000.0,0.476409666283084
2080488610.0,3562500.0,0.5086206896551724
2080556011.0,337500.0,0.47183098591549294
2080684032.0,975445.0,0.23494509803921568
2080701036.0,664500.0,0.29233226837060705
2080738276.0,402000.0,0.14449882953819962
2080750905.0,2944950.0,0.018022674224741582
2080821803.0,93950.0,0.1459090909090909
2080884761.0,304700.0,0.16748633879781422
2080887760.0,423495.0,0.18084489061683978
2081085596.0,2497500.0,0.26435935198821797
2081135593.0,419450.0,0.6778
2081298764.0,333990.0,0.42897931270302614
2081600116.0,305000.0,0.1513778784446961
2081634780.0,317400.0,0.08793103448275862
2081662119.0,689500.0,0.7700900300100033
2081701833.0,443950.0,0.1293390860953128
2081756850.0,372500.0,0.20161290322580644
2081756850.0,345000.0,0.014285714285714285
2081756850.0,360000.0,0.125
2081809290.0,114750.0,0.3992146596858639
2081913670.0,2125000.0,0.46808510638297873
2081928414.0,232450.0,0.6603571428571429
2082096645.0,88250.0,0.8642307692307692
2082098212.0,422400.0,0.21031518624641835
2082205320.0,395000.0,0.09195402298850575
2082272597.0,1969000.0,0.19333333333333333
2082305514.0,324950.0,0.24430232558139534
2082357503.0,657500.0,0.059370529327610874
2082494880.0,202500.0,0.15714285714285714
2082594135.0,424945.0,0.2502059429243895
2082603533.0,557000.0,0.19158200290275762
2082614310.0,379900.0,0.2246938775510204
2082643290.0,370490.0,0.13825309533318997
2082643291.0,398490.0,0.25512614570537656
2082905386.0,364500.0,0.21906354515050167
2082912190.0,874000.0,0.1869767441860465
2083009869.0,304450.0,0.3234444444444444
2083187877.0,1198500.0,0.24858934169278996
2083864882.0,246450.0,0.9031328911094465
2084028530.0,219850.0,0.18837837837837837
2084048368.0,213250.0,0.09358974358974359
2084185335.0,300950.0,0.20863453815261043
2084295409.0,412490.0,0.14046676390914775
2084295410.0,400190.0,0.12026819081116728
2084390487.0,2647000.0,0.22263279445727482
2084553415.0,284994.5,0.4300053000530005
2084657740.0,289495.0,0.28095132743362833
2084667061.0,438600.0,0.14846818538884524
2084676443.0,90000.0,0.18181818181818182
2084770095.0,368245.0,0.2830880943836041
2084871775.0,179450.0,0.14547619047619048
2085175191.0,585080.0,0.05632258064516129
2085283586.0,459950.0,0.022111111111111113
2085288730.0,1385000.0,0.07666666666666666
2085293003.0,467450.0,0.19405172413793104
2085302969.0,190000.0,0.09523809523809523
2085879907.0,500000.0,12.513513513513514
2085988929.0,587450.0,0.23209150326797387
2086207486.0,303000.0,0.12402428447528187
2086353448.0,609500.0,0.3220244716351502
2086675741.0,392950.0,0.4289090909090909
2086711231.0,362450.0,0.4498
2086823561.0,152450.0,0.10323529411764706
2087110543.0,288000.0,0.27999819999549996
2087158417.0,409900.0,0.09335822886102961
2087626931.0,389000.0,0.02506265664160401
2087626931.0,389000.0,0.02506265664160401
2087822448.0,718500.0,2.601503759398496
2087882227.0,280500.0,0.7
2087886164.0,369950.0,0.5067333333333334
2087900797.0,208750.0,0.49107142857142855
2087924205.0,357450.0,0.2849569913982797
2087942739.0,1842500.0,0.19891304347826086
2088005957.0,579000.0,0.4475036187590469
2088129005.0,364950.0,0.18876221498371334
2088150808.0,1009450.0,0.019749469643398323
2088167792.0,389950.0,0.025125
2088473592.0,195500.0,0.221875
2088493127.0,469750.0,0.09489402697495183
2088810052.0,190500.0,0.873
2089049428.0,119950.0,0.1995
2089052793.0,331500.0,0.02
2089061094.0,149950.0,0.8667111111111111
2089113115.0,2372500.0,0.18189655172413793
2089329333.0,734000.0,0.5383647798742138
2089405204.0,409950.0,0.0816622691292876
2089563282.0,85000.0,1.1794871794871795
2089585982.0,598000.0,0.4165853658536585
2089642362.0,332400.0,0.05028571428571429
2089703754.0,292450.0,0.18763888888888888
2090119366.0,2787500.0,1.8015075376884422
2090251649.0,1842500.0,0.25555555555555554
2090378327.0,2490000.0,0.10912343470483005
2090654596.0,177450.0,0.27661870503597125
2090704197.0,85000.0,2.269230769230769
2090772615.0,194487.0,0.051278298918531307
2090856787.0,394900.0,0.18577319587628865
2090960485.0,294500.0,0.06507936507936508
2090996153.0,765000.0,0.13333333333333333
2091163494.0,625000.0,0.038461538461538464
2091164462.0,875500.0,0.3514814814814815
2091399620.0,254750.0,0.363125
2091409528.0,382499.5,0.41404621072088726
2091638454.0,306500.0,0.07120930669486877
2091672903.0,202499.5,0.0124975
2091931864.0,105000.0,0.65
2091947211.0,675000.0,0.02877697841726619
2092095049.0,342000.0,0.022577879394112602
2092462433.0,2750000.0,0.5299145299145299
2092614908.0,217425.0,0.115
2092939624.0,400000.0,0.38461538461538464
2092952381.0,306500.0,0.12428571428571429
2093029468.0,1698000.0,0.21285714285714286
2093375829.0,225500.0,0.07380952380952381
2093446085.0,454610.0,0.01809974297501026
2093446090.0,511527.0,0.17056912057484153
2093459240.0,350000.0,0.2857142857142857
2093749122.0,430000.0,0.5636363636363636
2093823283.0,257450.0,1.5745
2093982564.0,1925000.0,0.29194630872483224
2094447714.0,469749.5,0.10529294117647059
2095258002.0,404700.0,0.14
2095293305.0,328450.0,0.10989159891598917
2095557944.0,637450.0,0.25869287126410045
2095698247.0,5825000.0,0.7622448979591837
2095709881.0,316500.0,0.266
2095781189.0,610000.0,0.2823529411764706
2095864372.0,685000.0,0.1835518474374255
2095973115.0,702500.0,0.2604873940733723
2096281758.0,649750.0,0.05478896103896104
2096837184.0,644900.0,0.11048275862068965
2096861518.0,497500.0,0.8090909090909091
2097284237.0,289450.0,0.4727686703096539
2097341125.0,242500.0,0.7844444444444445
2097413268.0,748999.5,0.5285704081632653
2097532682.0,667500.0,0.11939313984168866
2097674103.0,300000.0,0.4
2097724534.0,299000.0,2.7468671679197993
2097873546.0,432500.0,0.27916546527577546
2097975476.0,347000.0,0.22717149220489977
2098044492.0,564999.5,0.3579551136363636
2098276223.0,357500.0,0.3317757009345794
2098327074.0,1937450.0,0.33191379310344826
2098384862.0,587500.0,0.12962962962962962
2098615820.0,144499.0,0.9675283146067416
2098640886.0,534900.0,0.43694736842105264
2098682814.0,175000.0,0.18604651162790697
2098713777.0,305000.0,0.04687202147506711
2099030015.0,385000.0,0.46946564885496184
2099070410.0,54999.5,0.5416708333333333
2099070410.0,54999.5,0.5416708333333333
2099309343.0,302500.0,0.14150943396226415
2099340033.0,305000.0,0.4077669902912621
2099864812.0,73150.0,0.7186538461538462
2099933584.0,1861999.5,0.5862223333333333
2099974196.0,761250.0,0.06018518518518518
2100684188.0,403750.0,0.08238636363636363
2100790541.0,192500.0,0.2038774233896185
2100825464.0,1800000.0,0.4
2100971497.0,387450.0,0.4089090909090909
2101039726.0,169950.0,0.3596
2101254214.0,302400.0,0.1335243553008596
2101520997.0,149775.0,0.3387417218543046
2101615037.0,496125.0,0.378125
2101776187.0,275000.0,0.08333333333333333
2102155531.0,82250.0,inf
2102211138.0,409500.0,0.2409090909090909
2102245412.0,379450.0,0.2648333333333333
2102739286.0,654450.0,0.17679245283018868
2103646179.0,229450.0,0.7252009413604613
2103714351.0,277500.0,0.20704654197477165
2104074454.0,312450.0,0.1967866323907455
2104104359.0,995000.0,0.5331278890600925
2104255887.0,1787500.0,0.38255613126079446
2104363640.0,400000.0,0.11699779249448124
2104449670.0,1972500.0,0.20303030303030303
2104501878.0,394950.0,0.1685263157894737
2104857645.0,184500.0,0.12142857142857143
2105294537.0,2797500.0,0.24391871457262557
2105659053.0,183999.5,0.8977780555555556
2105744828.0,1989950.0,0.4993836477987421
2105992496.0,1650000.0,0.037900874635568516
2106010823.0,69000.0,1.7710843373493976
2106076617.0,156500.0,0.36086956521739133
2106256004.0,974000.0,0.18765638031693077
2106267373.0,65000.0,0.057971014492753624
2106642332.0,409500.0,0.4557463766312714
2107253811.0,309000.0,0.2275
2107628612.0,215000.0,0.09663865546218488
2107714732.0,397450.0,0.14526881720430107
2107929053.0,379950.0,0.8182057416267943
2107995249.0,180000.0,2.0
2108035873.0,272450.0,0.4551
2108042439.0,550000.0,0.19941775836972345
2108079135.0,694450.0,0.3224878048780488
2108161918.0,228450.0,0.8208235294117647
2108693670.0,2019000.0,0.7195833333333334
2108850619.0,1075000.0,0.14
2109031223.0,700500.0,0.17491166077738515
2109658143.0,213250.0,0.0035046728971962616
2109982362.0,2100000.0,0.023255813953488372
2110443430.0,380000.0,0.22580645161290322
2111325039.0,192500.0,0.8071142284569138
2111657014.0,562500.0,0.125
2112407374.0,1650000.0,0.36538461538461536
2112429816.0,1525000.0,0.08928571428571429
2112577747.0,169900.0,0.029142857142857144
2114154453.0,648950.0,7.704160246533128e-05
2114166698.0,180000.0,0.24369747899159663
2114621238.0,200000.0,0.30718954248366015
2114624765.0,197500.0,0.23438271489196807
2115569681.0,234950.0,0.921683307227769
2115879642.0,444450.0,0.41519736842105265
2116624574.0,1699444.0,0.1284902564102564
2117229895.0,116500.0,0.31470588235294117
2117632093.0,369000.0,0.5063545150501673
2117809301.0,335000.0,0.41228070175438597
2118157204.0,535500.0,0.23390557939914164
2118355560.0,292000.0,0.10153846153846154
2118480639.0,397450.0,0.006375
2118561854.0,343000.0,0.017191977077363897
2118804208.0,232000.0,0.009134406263592866
2119334646.0,315000.0,0.26
2119710736.0,373500.0,0.10859188544152745
2119923121.0,87500.0,0.3269230769230769
2119945938.0,410000.0,0.5769230769230769
2120325384.0,495000.0,0.604
2120358774.0,378850.0,0.45489208633093525
2120577787.0,343000.0,0.2290402337603956
2120587538.0,299000.0,3.217207334273625
2120776026.0,275000.0,0.08333333333333333
2121180891.0,386000.0,0.6425925925925926
2121195098.0,349250.0,2.4925
2121362950.0,345000.0,0.011461318051575931
2121899634.0,379950.0,0.1720418391806494
2121976612.0,600000.0,0.14163090128755365
2122632785.0,322450.0,0.1492084432717678
2122924449.0,724950.0,0.07559347181008902
2123020247.0,399900.0,0.09092975676290066
2123035369.0,590000.0,0.3058823529411765
2123186536.0,221000.0,0.07916666666666666
2123231202.0,373500.0,0.06390977443609022
2123488926.0,54250.0,0.55
2123488985.0,374000.0,0.26666666666666666
2123626678.0,374950.0,0.17171875
2123879938.0,289444.0,0.9033575959933222
2123978302.0,302400.0,0.328
2124391741.0,562500.0,0.36079545454545453
2124465629.0,987500.0,0.19123669123669124
2124853551.0,337200.0,0.3452427184466019
2125134137.0,476925.0,0.23885311437425483
2125469057.0,419450.0,0.6748449612403101
2126249876.0,1972500.0,0.01375
2126645029.0,590000.0,0.1510791366906475
2127089367.0,2497500.0,0.46911764705882353
2128458224.0,589500.0,0.12285714285714286
2128589856.0,209500.0,0.07435897435897436
2128756345.0,687500.0,0.10713126144495383
2129234195.0,382499.5,0.31390224215246637
2129308360.0,432500.0,0.04216867469879518
2129400886.0,309950.0,0.5408148148148149
2129407378.0,357450.0,0.2614669421487603
2129715761.0,1825000.0,0.140625
2129773493.0,177500.0,0.05333333333333334
2129906308.0,596500.0,0.03739130434782609
2130178485.0,634900.0,0.01584
2130224810.0,622400.0,0.3234782608695652
2130486400.0,184999.5,0.22916875
2130799787.0,74950.0,inf
2130902000.0,949450.0,0.26965384615384613
2132354226.0,222500.0,0.8287143956889915
2132506859.0,338750.0,0.2455456570155902
2132537185.0,189950.0,0.5208166533226581
2132563976.0,199950.0,0.22668711656441717
2132735043.0,344950.0,0.23327406090242275
2133811274.0,385450.0,0.08226190476190476
2133936399.0,311000.0,2.4555555555555557
2134045478.0,386000.0,0.05853658536585366
2135828521.0,212450.0,0.19353932584269662
2135930914.0,209000.0,0.047619047619047616
2136287525.0,383500.0,0.0364321608040201
2136407094.0,171500.0,0.23777777777777778
2136411493.0,642499.5,0.5407437455325232
2136654177.0,180000.0,0.25874125874125875
2136692892.0,394950.0,0.19397794689376918
2137046618.0,172000.0,0.06976744186046512
2137129174.0,382499.5,0.4825562015503876
2137138370.0,580000.0,0.6111111111111112
2137156124.0,197450.0,0.08162790697674419
2137161923.0,231000.0,0.7433962264150943
2137478798.0,374950.0,0.3156140350877193
2137675449.0,337499.5,0.007461194029850746
2138665328.0,440000.0,0.76
2138710717.0,387450.0,0.139
2138755256.0,2545000.0,11.78894472361809
2138781168.0,192500.0,0.19758232596915382
2139180256.0,60350.0,0.645
2139338087.0,222000.0,0.13904566444330427
2140418210.0,460000.0,0.250814332247557
2140600757.0,173000.0,0.8865866957470011
2140754037.0,374500.0,0.06375
2141080982.0,369000.0,0.4188976377952756
2141387402.0,1942500.0,0.02631578947368421
2141481980.0,199450.0,0.558203125
2141533681.0,352500.0,0.21840354767184036
2141561113.0,180500.0,0.01366120218579235
2141929456.0,200000.0,0.25
2142054892.0,314499.5,0.1272383512544803
2143089147.0,324500.0,2.6875
2143691496.0,374900.0,0.013517166801838334
2144252242.0,409499.5,0.436840350877193
2144282542.0,209999.5,0.07489207048458149
2144450487.0,537500.0,0.05536028119507909
2145089663.0,1157500.0,0.15818181818181817
2145786653.0,397000.0,0.5187820458429799
2145929956.0,164750.0,0.3404723779023219
2146706041.0,472499.5,0.14091
2146957581.0,199387.0,0.24616875
2146973966.0,422400.0,0.30009233610341646
